1,-44.99,0.67,33.0,211.81,5.99,9.75,0.59,0.82

1,-32.36,0.6,40.0,196.35,5.64,11.51,0.54,0.82
1,-39.85,0.64,36.0,198.06,5.94,10.94,0.55,0.82
2,-41.14,0.48,52.0,224.0,14.02,5.81,0.64,0.812,-42.76,0.49,51.0,224.69,14.16,5.56,0.65,0.81
3,-51.42,0.58,42.0,272.28,13.65,7.98,0.63,0.73
4,-41.71,0.53,47.0,392.57,12.4,10.01,0.61,0.7
4,-41.29,0.53,47.0,393.77,12.26,10.69,0.58,0.7
4,-39.71,0.52,48.0,389.75,12.16,11.05,0.59,0.7
5,-53.84,0.64,36.0,422.45,11.76,9.68,0.42,0.68
5,-46.43,0.55,45.0,403.15,13.14,5.75,0.56,0.68
6,-19.54,0.46,54.0,260.12,8.65,15.64,0.25,0.63
6,-12.1,0.41,59.0,252.37,8.65,16.68,0.29,0.63

7,-29.43,0.49,51.0,223.52,10.24,12.2,0.42,0.91
7,-27.8,0.5,50.0,224.14,9.34,13.72,0.4,0.91
1

7,-30.28,0.5,50.0,229.14,10.08,11.95,0.41,0.91
8,52.65,0.19,81.0,222.4,2.73,35.92,0.13,0.87

8,47.45,0.22,78.0,223.19,2.64,34.06,0.12,0.87
9,-38.54,0.52,48.0,466.09,11.79,12.59,0.53,1.06
9,-40.71,0.54,46.0,467.44,11.67,12.68,0.52,1.06
10,14.07,0.36,64.0,328.08,4.27,27.46,0.33,0.78
10,7.46,0.38,62.0,318.02,5.0,21.58,0.4,0.78
8
10,-7.6,0.46,54.0,311.85,5.33,20.6,0.39,0.78
11,-3.84,0.33,67.0,275.52,9.47,21.19,0.39,0.65
11,4.39,0.34,66.0,289.96,7.28,26.51,0.22,0.65

11,8.43,0.32,68.0,246.66,7.08,28.06,0.26,0.65
12,52.23,0.2,80.0,307.36,2.46,36.6,0.27,0.91

12,54.03,0.19,81.0,320.7,2.48,35.77,0.27,0.92
12,53.2,0.2,80.0,302.15,2.27,34.17,0.33,0.91


13,7.18,0.3,70.0,359.42,8.03,17.61,0.37,0.88
13,0.6,0.34,66.0,350.74,8.14,17.36,0.42,0.88

13,-1.67,0.37,63.0,355.37,7.59,20.1,0.34,0.88

13,-6.5,0.39,61.0,378.37,8.01,17.26,0.42,0.88
14,56.94,0.12,88.0,192.1,4.25,25.79,0.24,0.81
14,19.61,0.25,75.0,272.33,7.08,19.85,0.16,0.81
15,50.13,0.15,85.0,262.9,4.51,33.85,0.26,0.84

15,52.29,0.19,81.0,233.59,2.8,35.33,0.18,0.84

15,50.32,0.14,86.0,272.39,4.78,30.62,0.24,0.84
16,62.97,0.09,91.0,259.19,4.14,32.73,0.21,0.88
16,58.6,0.14,86.0,346.43,3.34,35.2,0.39,0.88

16,53.36,0.12,88.0,322.16,4.86,28.93,0.35,0.88
17,28.08,0.26,74.0,367.37,5.04,27.28,0.37,0.85
17,34.31,0.24,76.0,317.68,4.49,28.82,0.25,0.85
17,29.89,0.28,72.0,305.75,3.94,28.09,0.21,0.85
17,24.78,0.3,70.0,340.65,4.26,26.72,0.22,0.85
18,54.32,0.16,84.0,217.22,3.44,31.04,0.3,0.75

18,38.99,0.17,83.0,271.65,5.88,26.31,0.13,0.75
18,24.28,0.28,72.0,303.35,5.11,25.4,0.21,0.75

19,-14.4,0.24,76.0,298.7,14.11,11.15,0.53,0.81
19,20.8,0.2,80.0,320.5,8.35,26.26,0.19,0.81
19,-7.6,0.18,82.0,305.49,14.1,11.24,0.45,0.81
19,8.6,0.17,83.0,296.55,11.37,18.55,0.4,0.81

19,9.2,0.14,86.0,281.77,11.95,16.71,0.46,0.81
20,58.67,0.14,86.0,240.71,3.32,40.1,0.28,1.12

20,48.7,0.2,80.0,244.19,3.12,40.13,0.2,1.12
20,37.89,0.27,73.0,269.66,2.67,39.34,0.28,1.12
20,43.41,0.22,78.0,263.25,3.42,36.22,0.2,1.12

21,2.6,0.15,85.0,342.05,12.89,12.59,0.35,1.0
1
21,-1.93,0.19,81.0,363.86,12.84,12.81,0.23,1.02121,-3.2,0.16,84.0,304.54,13.71,11.72,0.39,1.0
22,23.62,0.24,76.0,342.38,6.6,26.93,0.26,0.74
22,17.49,0.29,71.0,345.28,6.18,28.11,0.38,0.75
22,22.06,0.28,72.0,339.32,5.57,29.17,0.45,0.7522,11.47,0.33,67.0,355.14,6.04,28.4,0.32,0.75
23,42.2,0.11,89.0,409.2,7.03,27.23,0.48,0.74

23,45.8,0.13,87.0,422.33,5.86,29.72,0.53,0.74
23,36.4,0.14,86.0,413.66,7.21,26.65,0.47,0.74

23,28.0,0.14,86.0,419.57,8.67,23.07,0.35,0.74
24,58.67,0.12,88.0,323.36,3.95,35.34,0.44,0.824,73.6,0.04,96.0,318.28,3.88,35.76,0.39,0.8

24,70.0,0.06,94.0,316.18,3.87,35.68,0.39,0.8
25,39.23,0.14,86.0,344.73,6.72,24.43,0.3,0.94

25,35.17,0.14,86.0,342.52,7.42,22.08,0.3,0.93
25,29.84,0.17,83.0,378.19,7.53,22.3,0.36,0.94
26,27.6,0.3,70.0,284.06,3.66,32.17,0.42,0.8
1
26,28.22,0.3,70.0,289.24,3.52,32.27,0.4,0.8

6,31.0,0.28,72.0,282.97,3.71,32.31,0.39,0.8
26,31.94,0.28,72.0,292.97,3.51,32.59,0.4,0.8
27,36.52,0.32,68.0,329.26,1.33,33.79,0.16,0.7927,53.16,0.23,77.0,293.34,1.55,36.51,0.16,0.79
27,42.5,0.29,71.0,313.9,1.32,33.57,0.14,0.79

28,26.6,0.29,71.0,289.75,4.25,25.56,0.28,0.82

24.47,0.32,68.0,314.78,3.54,26.28,0.36,0.82
29,78.87,0.0,100.0,317.97,4.17,42.12,0.33,0.59
29,77.4,0.01,99.0,332.8,4.12,42.19,0.27,0.59


30,56.07,0.18,82.0,524.78,2.45,31.78,0.42,0.8430,50.55,0.18,82.0,523.18,3.46,28.68,0.29,0.84330,43.82,0.24,76.0,473.83,2.61,31.78,0.42,0.84
31,74.6,0.02,98.0,385.86,4.28,36.25,0.34,1.17
31,67.03,0.05,95.0,393.64,4.63,35.79,0.31,1.17
31,63.96,0.07,93.0,383.45,4.55,35.73,0.37,1.17
32,41.0,0.22,78.0,422.42,3.88,30.53,0.53,0.86

32,45.87,0.2,80.0,439.21,3.65,31.44,0.55,0.86
332,30.29,0.29,71.0,565.22,3.47,32.06,0.58,0.86
33,83.8,0.03,97.0,448.39,2.58,39.28,0.27,0.95
33,83.2,0.02,98.0,426.99,2.96,39.14,0.16,0.95
33,80.6,0.03,97.0,425.12,3.07,39.31,0.16,0.95
34,44.13,0.2,80.0,379.85,3.98,28.02,0.35,0.49
34,31.6,0.3,70.0,425.7,2.8,29.0,0.54,0.5
34,41.53,0.22,78.0,354.26,3.78,29.25,0.33,0.5
35,36.2,0.3,70.0,413.01,1.81,33.96,0.3,0.67


35,30.6,0.32,68.0,325.68,2.19,31.04,0.42,0.67
35,26.4,0.36,64.0,410.68,1.38,31.95,0.43,0.67
36,62.07,0.15,85.0,332.24,2.4,34.55,0.41,0.83

36,47.8,0.22,78.0,307.34,2.58,30.81,0.47,0.83
37,65.0,0.13,87.0,391.43,2.55,38.69,0.24,0.88

37,65.4,0.13,87.0,374.27,2.48,39.02,0.31,0.88
38,78.07,0.05,95.0,226.99,2.88,35.01,0.69,0.61
39,83.93,0.03,97.0,423.83,2.56,38.44,0.45,0.56
9,79.13,0.03,97.0,266.04,3.3,36.52,0.39,0.56

40,74.93,0.0,100.0,532.49,4.76,34.17,0.35,1.41
,74.13,0.0,100.0,395.89,4.88,34.6,0.36,1.41
41,47.0,0.23,77.0,403.27,2.36,36.52,0.49,1.18
41,38.67,0.26,74.0,299.39,2.89,35.32,0.44,1.1841,44.47,0.22,78.0,395.05,3.22,34.42,0.37,1.18
41,52.47,0.18,82.0,394.02,3.11,36.52,0.38,1.18
42,37.2,0.31,69.0,359.9,1.17,32.29,0.35,1.11
242,41.0,0.29,71.0,325.96,1.21,32.89,0.35,1.11
42,39.27,0.3,70.0,337.52,1.16,32.95,0.41,1.11

43,67.27,0.18,82.0,469.64,1.5,38.95,0.39,0.58

43,55.2,0.25,75.0,383.84,1.16,36.89,0.35,0.58
43,53.0,0.26,74.0,393.04,1.2,37.3,0.18,0.58
8
43,58.73,0.23,77.0,429.08,1.25,37.67,0.22,0.58
44,86.33,0.03,97.0,376.81,2.19,41.06,0.57,0.55
45,56.87,0.18,82.0,285.64,2.3,36.55,0.34,0.52

45,76.3,0.06,94.0,371.85,2.87,38.02,0.38,0.52

46,37.53,0.31,69.0,547.03,1.1,27.74,0.54,0.93
46,39.07,0.3,70.0,543.95,1.2,27.58,0.6,0.93

46,37.53,0.31,69.0,549.01,1.1,27.58,0.53,0.93
46,40.6,0.29,71.0,549.28,1.3,27.89,0.53,0.93
47,70.27,0.05,95.0,366.45,4.12,40.42,0.41,1.0147,45.53,0.23,77.0,368.22,2.65,33.91,0.43,1.02
47,52.13,0.21,79.0,356.13,2.11,39.26,0.53,1.047,42.4,0.25,75.0,333.01,2.52,36.04,0.36,1.01

48,77.2,0.02,98.0,323.14,3.88,32.65,0.27,0.78

48,76.2,0.03,97.0,296.75,3.75,32.76,0.37,0.78

49,63.8,0.16,84.0,358.92,1.75,39.58,0.61,0.7849,69.73,0.12,88.0,382.57,2.07,39.42,0.54,0.78449,71.47,0.11,89.0,331.41,2.1,40.85,0.64,0.78
49,48.4,0.24,76.0,403.82,1.71,35.96,0.47,0.78
50,46.13,0.26,74.0,446.71,1.38,30.22,0.71,0.89
0,46.6,0.26,74.0,453.89,1.28,30.36,0.68,0.89
50,40.87,0.27,73.0,281.35,2.05,29.54,0.4,0.89
50,44.13,0.27,73.0,446.86,1.38,30.05,0.71,0.89
50,44.53,0.23,77.0,293.66,2.84,30.01,0.35,0.89
50,42.73,0.27,73.0,278.46,1.67,30.34,0.59,0.89
51,45.13,0.19,81.0,252.67,4.12,30.52,0.53,0.76
51,55.93,0.17,83.0,313.14,2.82,35.05,0.52,0.76551,55.13,0.14,86.0,252.0,3.94,31.5,0.54,0.76

52,80.0,0.0,100.0,368.34,4.0,38.7,0.47,0.85

52,79.2,0.0,100.0,368.45,4.12,38.36,0.48,0.85
52,80.0,0.0,100.0,359.34,4.0,38.85,0.52,0.85
52,80.0,0.0,100.0,359.16,4.0,38.83,0.5,0.85
53,32.4,0.33,67.0,343.68,1.36,32.93,0.7,0.57
53,30.6,0.34,66.0,342.29,1.32,32.5,0.69,0.57

53,31.2,0.34,66.0,419.35,1.18,32.83,0.71,0.57
53,36.4,0.31,69.0,343.32,1.35,33.97,0.67,0.57
53,30.8,0.34,66.0,340.7,1.27,32.61,0.7,0.57
53,33.0,0.33,67.0,339.0,1.22,32.96,0.7,0.57
54,33.6,0.33,67.0,341.07,1.09,33.73,0.49,0.7454,35.2,0.32,68.0,341.55,1.18,34.66,0.57,0.74
54,35.2,0.32,68.0,344.57,1.18,34.39,0.49,0.74
55,56.87,0.08,92.0,396.73,5.42,31.87,0.37,1.27
55,43.53,0.2,80.0,481.16,4.09,27.27,0.29,1.27
56,47.6,0.22,78.0,432.98,2.62,28.38,0.53,1.13
56,39.6,0.26,74.0,431.35,2.7,27.08,0.53,1.13
57,69.33,0.0,100.0,347.16,5.6,35.97,0.48,0.57

57,71.73,0.0,100.0,316.7,5.24,37.41,0.51,0.57
58,80.53,0.02,98.0,370.67,3.37,43.39,0.32,0.59
59,87.4,0.01,99.0,295.59,2.61,38.7,0.24,0.66
59,87.8,0.01,99.0,321.26,2.55,38.48,0.24,0.66

60,67.6,0.14,86.0,504.47,1.77,34.55,0.64,0.68
60,69.4,0.13,87.0,500.99,1.79,34.88,0.64,0.68

60,67.6,0.14,86.0,504.47,1.77,34.44,0.65,0.68

61,82.93,0.02,98.0,395.68,3.0,39.11,0.61,0.71

61,84.0,0.02,98.0,402.6,2.84,40.11,0.64,0.71


61,87.47,0.02,98.0,432.95,2.31,41.82,0.69,0.71
62,73.6,0.09,91.0,344.95,2.38,39.61,0.41,0.96

62,83.07,0.04,96.0,354.38,2.4,39.75,0.37,0.95

62,46.73,0.24,76.0,470.36,2.04,34.22,0.41,0.96
63,45.33,0.25,75.0,497.91,1.93,32.51,0.68,0.88
63,50.4,0.22,78.0,496.57,2.08,32.14,0.62,0.88

64,22.27,0.37,63.0,452.75,1.89,33.28,0.33,0.46
64,14.73,0.41,59.0,438.15,1.83,31.53,0.36,0.46
65,88.67,0.02,98.0,609.05,2.12,44.08,0.59,0.79
65,86.53,0.02,98.0,622.05,2.45,43.59,0.58,0.79
65,87.47,0.02,98.0,610.37,2.31,43.95,0.58,0.79
66,79.2,0.0,100.0,611.64,4.12,42.23,0.38,0.84

66,78.67,0.0,100.0,585.36,4.2,41.19,0.26,0.84

66,78.4,0.0,100.0,382.16,4.24,39.7,0.47,0.84
67,66.87,0.19,81.0,611.76,1.58,38.1,0.55,0.8667,63.4,0.21,79.0,583.05,1.49,38.9,0.41,0.86
86
67,85.07,0.09,91.0,641.03,1.81,39.26,0.64,0.86
68,80.73,0.01,99.0,581.19,3.62,39.08,0.31,0.79
68,81.67,0.01,99.0,551.86,3.47,37.61,0.44,0.79
68,81.33,0.0,100.0,565.74,3.8,36.54,0.36,0.79

69,80.0,0.0,100.0,509.86,4.0,35.73,0.5,0.66
669,80.0,0.0,100.0,500.99,4.0,35.74,0.44,0.6669,80.0,0.0,100.0,503.19,4.0,35.77,0.47,0.66
69,80.0,0.0,100.0,502.91,4.0,36.12,0.49,0.66
70,44.87,0.26,74.0,548.35,1.64,37.15,0.59,0.72770,46.67,0.25,75.0,544.19,1.67,37.0,0.57,0.72
71,69.33,0.0,100.0,376.84,5.6,30.06,0.54,0.76
771,72.53,0.0,100.0,347.29,5.12,31.21,0.58,0.76
72,53.6,0.22,78.0,421.92,1.46,38.41,0.51,0.69
272,57.33,0.2,80.0,419.05,1.5,38.71,0.52,0.68

72,51.2,0.23,77.0,419.71,1.55,37.45,0.49,0.68
73,75.2,0.0,100.0,478.21,4.72,34.17,0.62,0.74

73,74.67,0.0,100.0,474.59,4.8,34.81,0.59,0.74
73,75.2,0.0,100.0,477.79,4.72,34.69,0.61,0.74
74,33.47,0.33,67.0,536.54,1.12,28.88,0.58,0.7774,50.27,0.23,77.0,479.1,1.73,32.35,0.31,0.7
774,37.33,0.31,69.0,530.7,1.14,29.82,0.51,0.7
75,40.6,0.17,83.0,519.37,5.59,25.37,0.57,0.69
75,38.2,0.3,70.0,500.27,1.39,32.08,0.59,0.69

76,59.4,0.18,82.0,591.66,1.84,33.26,0.38,0.74
76,50.6,0.23,77.0,596.56,1.66,31.13,0.43,0.74
76,46.27,0.26,74.0,583.44,1.35,28.58,0.57,0.7476,51.27,0.23,77.0,600.11,1.53,29.7,0.52,0.74

77,61.47,0.16,84.0,363.14,2.17,35.36,0.55,0.77
77,62.8,0.02,98.0,510.55,6.08,27.95,0.47,0.77
77,67.53,0.08,92.0,482.04,3.68,35.13,0.58,0.77
78,36.67,0.31,69.0,543.12,1.29,28.84,0.67,0.74
78,36.13,0.31,69.0,546.88,1.41,28.31,0.72,0.75
79,92.93,0.0,100.0,572.95,2.06,46.21,0.56,0.79
9,43.87,0.26,74.0,436.61,1.84,36.41,0.29,0.78
80,50.67,0.18,82.0,593.96,3.44,32.49,0.37,0.77
80,55.73,0.16,84.0,576.87,3.19,34.13,0.38,0.77
80,56.2,0.14,86.0,599.34,3.76,33.38,0.33,0.77

81,49.87,0.24,76.0,557.31,1.42,34.45,0.51,0.73
81,64.2,0.15,85.0,470.26,2.02,34.38,0.47,0.73
82,53.47,0.23,77.0,606.51,1.1,33.61,0.59,0.57

83,70.8,0.07,93.0,585.7,3.45,41.64,0.63,0.47

83,74.8,0.05,95.0,585.07,3.4,41.9,0.64,0.47


84,82.47,0.05,95.0,697.56,2.19,40.85,0.57,0.83
84,83.6,0.04,96.0,692.96,2.31,40.48,0.5,0.83

85,85.73,0.04,96.0,430.18,1.98,35.15,0.75,0.73
85,45.0,0.26,74.0,326.39,1.61,28.92,0.38,0.73

86,91.4,0.01,99.0,540.89,2.0,41.95,0.57,0.8186,90.47,0.01,99.0,590.94,2.14,41.15,0.61,0.8186,91.4,0.01,99.0,539.64,2.0,41.95,0.58,0.81

87,91.6,0.04,96.0,507.1,2.0,42.6,0.55,0.94
94
87,93.6,0.03,97.0,744.05,1.99,43.23,0.74,0.94

88,57.0,0.18,82.0,440.74,2.28,31.66,0.36,0.82
88,59.53,0.14,86.0,422.88,3.17,31.9,0.28,0.82

88,55.6,0.2,80.0,442.07,1.82,32.28,0.48,0.82

89,79.73,0.0,100.0,538.86,4.04,36.99,0.7,0.77
989,77.07,0.0,100.0,459.74,4.44,35.94,0.5,0.7789,77.87,0.0,100.0,464.78,4.32,35.7,0.54,0.77
89,75.73,0.0,100.0,466.97,4.64,34.63,0.5,0.77
90,67.0,0.01,99.0,543.38,5.7,25.91,0.58,0.44
990,65.13,0.03,97.0,538.36,5.46,26.8,0.54,0.44
91,79.87,0.0,100.0,580.44,4.02,37.98,0.68,0.52
91,81.07,0.0,100.0,367.44,3.84,40.82,0.54,0.52
92,38.2,0.01,99.0,533.09,10.06,23.17,0.33,0.51
92,41.0,0.01,99.0,526.26,9.64,23.95,0.32,0.51

93,6.4,0.0,100.0,635.02,15.04,13.67,0.71,0.5
93,4.8,0.0,100.0,637.23,15.28,12.94,0.7,0.5
93,3.2,0.0,100.0,642.6,15.52,12.14,0.71,0.5
94,53.6,0.17,83.0,469.35,3.24,31.69,0.26,0.89
94,45.87,0.23,77.0,459.05,2.58,32.43,0.4,0.89
94,53.67,0.18,82.0,464.54,2.89,32.9,0.37,0.89
95,41.13,0.25,75.0,498.22,2.77,30.11,0.26,0.76
95,44.8,0.15,85.0,593.21,5.45,25.44,0.54,0.75

96,85.33,0.04,96.0,477.66,2.04,35.57,0.74,0.5896,80.8,0.04,96.0,490.81,2.75,37.3,0.58,0.58


97,90.0,0.36,64.0,667.41,1.0,25.01,0.74,0.57
97,92.0,0.35,65.0,663.97,1.0,25.14,0.73,0.57
97,92.0,0.35,65.0,673.65,1.0,26.12,0.58,0.57
98,88.67,0.02,98.0,535.56,2.12,35.95,0.62,0.51
8,89.47,0.02,98.0,538.79,2.0,36.25,0.67,0.51

99,30.67,0.34,66.0,487.31,1.3,39.0,0.58,0.52

99,36.6,0.31,69.0,487.27,1.3,39.58,0.58,0.52

99,32.73,0.33,67.0,487.82,1.28,38.97,0.6,0.52

100,53.33,0.0,100.0,700.67,8.0,18.51,0.75,0.52
100,53.33,0.0,100.0,700.67,8.0,18.51,0.75,0.52
101,31.4,0.33,67.0,395.47,1.58,28.23,0.56,0.64
101,24.0,0.38,62.0,467.84,1.0,24.28,0.72,0.64
01,23.8,0.38,62.0,387.29,1.05,26.39,0.54,0.64
102,20.0,0.4,60.0,532.61,1.0,30.75,0.75,1.16
102,20.0,0.4,60.0,532.61,1.0,30.75,0.75,1.16
102,20.0,0.4,60.0,532.61,1.0,30.75,0.75,1.16
102,20.0,0.4,60.0,532.61,1.0,30.75,0.75,1.16
103,86.4,0.04,96.0,683.51,1.88,39.46,0.69,0.99

103,88.07,0.03,97.0,686.66,1.92,39.83,0.71,0.99
103,84.4,0.05,95.0,684.19,1.88,39.3,0.7,0.99

103,84.33,0.05,95.0,684.97,1.89,39.19,0.7,0.99
104,45.6,0.27,73.0,579.21,1.08,32.59,0.71,1.32
04,47.53,0.26,74.0,578.41,1.09,33.53,0.69,1.32
105,87.8,0.01,99.0,430.03,2.55,37.1,0.7,1.38


105,85.93,0.01,99.0,431.37,2.83,36.77,0.68,1.38
106,37.0,0.01,99.0,588.59,10.24,22.61,0.23,1.32
106,43.2,0.0,100.0,576.46,9.52,24.82,0.11,1.32
106,38.4,0.0,100.0,587.73,10.24,21.23,0.22,1.32

107,66.6,0.09,91.0,519.16,3.54,44.68,0.6,1.22

107,66.6,0.09,91.0,427.43,3.54,45.77,0.69,1.22
107,72.4,0.06,94.0,517.02,3.49,44.62,0.6,1.22

107,53.2,0.16,84.0,428.61,3.64,42.7,0.67,1.22
108,75.87,0.15,85.0,481.88,1.73,37.09,0.41,0.89
108,80.0,0.13,87.0,483.51,1.69,37.55,0.51,0.89
108,80.07,0.13,87.0,479.86,1.68,36.81,0.4,0.89
108,81.4,0.12,88.0,483.43,1.78,38.06,0.48,0.89
109,62.47,0.01,99.0,651.51,6.38,25.36,0.6,0.66

09,68.67,0.03,97.0,619.84,4.92,28.53,0.5,0.66
109,63.47,0.0,100.0,654.71,6.48,24.4,0.63,0.66
110,47.27,0.26,74.0,548.49,1.15,26.14,0.7,1.39

111,24.0,0.38,62.0,568.84,1.0,31.24,0.75,1.4
111,24.0,0.38,62.0,568.84,1.0,31.24,0.75,1.4
111,24.0,0.38,62.0,568.84,1.0,31.24,0.75,1.4
112,79.47,0.0,100.0,694.91,4.08,36.41,0.73,1.1
112,79.33,0.0,100.0,696.47,4.1,36.39,0.74,1.1

112,82.73,0.05,95.0,697.35,2.15,35.7,0.75,1.1
113,53.33,0.0,100.0,722.0,8.0,20.9,0.75,1.29

114,65.33,0.0,100.0,497.98,6.2,29.22,0.53,1.18
14,65.47,0.0,100.0,496.54,6.18,29.79,0.52,1.18114,66.67,0.0,100.0,492.54,6.0,30.28,0.49,1.18
115,80.0,0.0,100.0,635.76,4.0,42.75,0.69,1.47
115,80.6,0.0,100.0,635.63,3.91,43.29,0.69,1.47
115,80.6,0.0,100.0,631.18,3.91,42.61,0.66,1.47
115,77.0,0.02,98.0,630.38,3.91,41.77,0.66,1.47
115,78.8,0.01,99.0,632.19,3.91,42.51,0.67,1.47
116,44.4,0.26,74.0,598.04,1.73,38.88,0.53,1.27
116,28.8,0.34,66.0,596.4,1.73,35.0,0.55,1.27

116,40.6,0.27,73.0,600.9,2.11,37.49,0.48,1.27

117,57.6,0.0,100.0,661.59,7.36,22.18,0.66,1.2
17,58.67,0.0,100.0,656.1,7.2,22.82,0.65,1.2

117,57.2,0.0,100.0,663.38,7.42,21.15,0.69,1.2

118,77.33,0.0,100.0,624.37,4.4,31.25,0.53,1.08

118,81.0,0.01,99.0,613.75,3.58,35.25,0.64,1.08

119,91.47,0.0,100.0,576.75,2.28,44.64,0.67,0.95119,92.4,0.0,100.0,574.89,2.14,45.42,0.69,0.95

119,91.47,0.0,100.0,578.77,2.28,45.1,0.68,0.95
120,80.8,0.0,100.0,472.28,3.88,43.78,0.74,1.28
120,80.0,0.0,100.0,477.15,4.0,43.81,0.75,1.28
120,78.6,0.01,99.0,475.53,3.94,43.58,0.74,1.28
121,54.6,0.14,86.0,484.33,4.03,30.31,0.34,1.09
121,29.93,0.34,66.0,595.33,1.47,29.96,0.64,1.09
122,45.87,0.3,70.0,627.8,1.03,30.67,0.56,1.12
122,48.87,0.28,72.0,488.16,1.24,32.16,0.3,1.12
122,44.0,0.31,69.0,638.96,1.0,30.66,0.63,1.12

122,44.0,0.31,69.0,652.97,1.0,30.3,0.48,1.12
123,50.6,0.03,97.0,696.74,7.71,21.88,0.71,1.79
123,55.4,0.0,100.0,696.37,7.69,21.7,0.72,1.79

123,49.2,0.08,92.0,628.69,6.67,24.14,0.64,1.79

124,76.53,0.0,100.0,509.5,4.52,40.93,0.66,1.66

124,77.33,0.0,100.0,508.9,4.4,41.58,0.68,1.66


125,68.73,0.05,95.0,472.41,4.36,34.77,0.46,1.25125,72.53,0.04,96.0,465.02,4.04,34.76,0.45,1.25
126,30.0,0.35,65.0,564.65,1.0,32.05,0.75,1.42
126,30.0,0.35,65.0,564.65,1.0,32.05,0.75,1.42
127,34.27,0.32,68.0,486.87,1.38,36.14,0.66,0.75
127,36.67,0.31,69.0,483.73,1.29,37.22,0.64,0.75
128,48.53,0.25,75.0,441.75,1.29,31.96,0.59,0.85
128,42.0,0.29,71.0,475.69,1.0,31.87,0.75,0.85

128,44.13,0.27,73.0,458.87,1.38,32.21,0.65,0.85
129,16.53,0.4,60.0,405.71,1.87,28.68,0.61,0.94

129,13.33,0.43,57.0,437.3,1.18,28.0,0.72,0.94
130,87.67,0.01,99.0,590.58,2.57,42.69,0.61,1.08130,88.2,0.01,99.0,584.52,2.48,42.96,0.65,1.08
130,88.6,0.01,99.0,579.97,2.42,43.17,0.65,1.08
131,50.27,0.24,76.0,461.37,1.34,34.03,0.4,0.71

131,65.13,0.16,84.0,457.99,1.51,37.0,0.42,0.71
131,57.67,0.2,80.0,446.46,1.44,35.03,0.35,0.71
132,73.07,0.11,89.0,454.27,1.83,38.51,0.68,0.99
132,72.93,0.11,89.0,455.73,1.85,38.6,0.7,0.99
132,74.67,0.1,90.0,457.99,1.89,39.02,0.7,0.99
132,74.87,0.1,90.0,455.83,1.86,39.12,0.69,0.99
133,33.53,0.33,67.0,470.39,1.1,31.32,0.49,0.76133,32.0,0.34,66.0,427.8,1.0,31.42,0.51,0.76
6
133,32.0,0.34,66.0,426.64,1.0,31.72,0.59,0.76
133,32.0,0.34,66.0,426.8,1.0,31.68,0.57,0.76
134,59.4,0.2,80.0,488.95,1.11,30.41,0.72,0.72134,67.6,0.12,88.0,525.71,2.43,33.3,0.52,0.72
34,59.2,0.2,80.0,489.16,1.15,30.32,0.71,0.72

135,91.0,0.01,99.0,598.53,2.06,41.67,0.64,0.69
136,57.87,0.2,80.0,513.01,1.4,37.37,0.52,0.7

136,53.53,0.22,78.0,515.04,1.47,37.71,0.49,0.7
137,84.07,0.03,97.0,442.29,2.54,36.55,0.53,1.18137,81.2,0.04,96.0,437.68,2.69,36.36,0.49,1.18


138,89.47,0.02,98.0,397.04,2.0,39.42,0.75,1.24
138,89.47,0.02,98.0,397.04,2.0,39.42,0.75,1.24
138,89.47,0.02,98.0,397.04,2.0,39.42,0.75,1.24
138,89.47,0.02,98.0,397.04,2.0,39.42,0.75,1.24
139,62.2,0.16,84.0,556.24,2.04,37.35,0.3,1.01

39,81.0,0.06,94.0,523.42,2.12,44.11,0.54,1.01
140,52.27,0.0,100.0,392.7,8.16,23.17,0.7,0.52


140,50.13,0.0,100.0,405.02,8.48,22.62,0.67,0.52
141,91.4,0.01,99.0,430.25,2.0,36.11,0.42,0.52
141,91.4,0.01,99.0,397.84,2.0,35.59,0.5,0.52

141,91.4,0.01,99.0,398.78,2.0,35.71,0.45,0.52
142,86.67,0.02,98.0,282.59,2.43,42.68,0.63,1.14
142,87.8,0.01,99.0,286.51,2.55,42.62,0.6,1.14

143,39.53,0.29,71.0,414.68,1.52,36.41,0.65,0.63
143,40.93,0.28,72.0,414.56,1.64,35.77,0.66,0.63
143,39.47,0.29,71.0,413.77,1.54,35.45,0.65,0.63143,41.4,0.28,72.0,415.55,1.54,36.44,0.65,0.63
144,51.47,0.23,77.0,514.82,1.49,37.49,0.5,0.9

144,65.27,0.16,84.0,520.67,1.49,39.79,0.5,0.9
144,57.4,0.2,80.0,514.82,1.49,37.93,0.49,0.9

145,93.47,0.02,98.0,727.48,2.0,40.42,0.07,0.86
145,93.47,0.02,98.0,725.06,2.0,40.46,0.16,0.86
146,84.13,0.02,98.0,463.26,2.82,36.96,0.53,0.57
147,80.13,0.0,100.0,619.92,3.98,35.03,0.74,0.81
7,80.0,0.0,100.0,622.02,4.0,34.98,0.75,0.81
148,44.8,0.27,73.0,695.43,1.25,26.87,0.51,1.42
148,39.07,0.3,70.0,700.27,1.2,26.26,0.52,1.42

148,45.27,0.27,73.0,704.8,1.15,26.82,0.5,1.42

149,47.2,0.25,75.0,512.7,1.56,35.69,0.62,1.39

149,41.4,0.28,72.0,512.42,1.54,33.8,0.64,1.39

150,32.93,0.33,67.0,527.34,1.24,29.7,0.67,1.57

150,34.8,0.32,68.0,530.64,1.26,29.92,0.7,1.57

150,34.2,0.32,68.0,532.1,1.4,30.17,0.7,1.57
151,70.0,0.07,93.0,622.21,3.58,38.4,0.69,1.38151,74.0,0.05,95.0,617.58,3.53,38.21,0.68,1.38151,72.0,0.06,94.0,619.87,3.55,38.3,0.68,1.38

152,52.47,0.22,78.0,512.0,1.68,32.22,0.61,1.32152,65.93,0.15,85.0,518.43,1.72,34.27,0.65,1.32
153,77.6,0.0,100.0,294.68,4.36,38.67,0.53,1.181153,80.0,0.0,100.0,368.92,4.0,38.84,0.68,1.18
153,80.0,0.0,100.0,369.72,4.0,38.84,0.66,1.18
154,32.6,0.33,67.0,417.25,1.31,34.23,0.61,1.23

154,29.73,0.34,66.0,423.83,1.52,33.22,0.57,1.24
155,36.0,0.32,68.0,304.87,1.0,28.76,0.64,1.26
155,36.0,0.32,68.0,311.43,1.0,28.39,0.67,1.26
156,90.07,0.01,99.0,388.55,2.2,39.91,0.5,1.34
156,88.0,0.02,98.0,273.84,2.22,39.11,0.42,1.34
156,88.93,0.02,98.0,393.8,2.08,39.48,0.55,1.34

157,58.4,0.19,81.0,466.34,1.67,34.74,0.62,1.33
157,58.33,0.19,81.0,467.14,1.68,34.63,0.6,1.33

158,66.07,0.16,84.0,524.6,1.35,34.34,0.54,1.38
158,48.2,0.25,75.0,522.24,1.36,31.09,0.55,1.38
158,57.93,0.2,80.0,517.83,1.39,33.26,0.53,1.38
158,54.13,0.22,78.0,522.4,1.36,31.88,0.53,1.38

159,30.0,0.35,65.0,602.6,1.0,28.33,0.75,1.44
159,30.0,0.35,65.0,602.6,1.0,28.33,0.75,1.44

159,29.53,0.35,65.0,602.07,1.11,27.87,0.74,1.44
160,89.47,0.02,98.0,493.64,2.0,41.4,0.75,1.44

160,89.2,0.02,98.0,547.93,2.04,41.35,0.74,1.44

160,89.2,0.02,98.0,547.93,2.04,41.35,0.73,1.44
161,40.0,0.3,70.0,517.79,1.0,31.11,0.73,1.44
161,40.0,0.3,70.0,515.85,1.0,31.12,0.7,1.44
161,40.0,0.3,70.0,518.44,1.0,31.11,0.73,1.44
162,80.0,0.0,100.0,578.9,4.0,39.1,0.75,0.88
162,80.0,0.0,100.0,578.9,4.0,39.1,0.75,0.9

162,80.0,0.0,100.0,578.9,4.0,39.1,0.75,0.88
163,32.0,0.34,66.0,658.54,1.0,24.55,0.75,0.57
163,32.0,0.34,66.0,658.54,1.0,24.55,0.75,0.57
164,88.6,0.01,99.0,596.1,2.42,39.67,0.74,0.52

164,89.53,0.01,99.0,594.63,2.28,39.52,0.74,0.52
165,53.33,0.0,100.0,534.34,8.0,21.1,0.75,0.5
165,53.33,0.0,100.0,534.34,8.0,21.1,0.75,0.5
166,85.6,0.04,96.0,519.39,2.0,36.54,0.75,0.53
166,85.6,0.04,96.0,519.39,2.0,36.54,0.75,0.53
167,64.53,0.16,84.0,550.14,1.62,38.81,0.59,0.56
168,36.0,0.32,68.0,613.02,1.0,30.83,0.55,0.52
168,36.0,0.32,68.0,613.46,1.0,30.67,0.59,0.52
169,87.6,0.03,97.0,384.6,1.99,35.43,0.74,0.48
169,56.4,0.2,80.0,441.34,1.68,32.94,0.47,0.48
169,56.53,0.2,80.0,440.8,1.65,33.85,0.44,0.48

169,56.73,0.2,80.0,441.46,1.61,32.42,0.43,0.48
170,85.47,0.04,96.0,645.46,2.02,34.7,0.74,1.34

170,84.13,0.04,96.0,434.19,2.23,34.8,0.68,1.34
170,85.47,0.04,96.0,645.46,2.02,34.7,0.74,1.34
170,85.47,0.04,96.0,645.46,2.02,34.7,0.74,1.34
171,80.0,0.0,100.0,557.21,4.0,36.11,0.75,0.44
171,80.0,0.0,100.0,557.21,4.0,36.11,0.75,0.44
172,44.0,0.29,71.0,569.55,1.42,32.82,0.51,0.52
172,52.87,0.25,75.0,510.32,1.23,35.5,0.55,0.52

172,62.13,0.2,80.0,571.45,1.35,35.71,0.55,0.52
173,80.0,0.0,100.0,616.44,4.0,43.93,0.75,0.51
173,80.0,0.0,100.0,616.44,4.0,43.93,0.75,0.51
174,53.33,0.0,100.0,627.31,8.0,19.43,0.7,0.54

175,88.73,0.01,99.0,462.87,2.4,40.35,0.64,0.49

175,84.93,0.02,98.0,466.79,2.69,39.37,0.57,0.49
175,86.4,0.02,98.0,463.76,2.47,39.86,0.63,0.49
176,81.73,0.06,94.0,424.92,2.0,32.41,0.75,0.5
176,81.73,0.06,94.0,424.92,2.0,32.41,0.75,0.5
176,81.73,0.06,94.0,424.92,2.0,32.41,0.75,0.5
177,80.0,0.0,100.0,586.54,4.0,34.47,0.75,0.56
178,81.47,0.0,100.0,546.13,3.78,40.91,0.44,0.47
178,82.0,0.0,100.0,542.43,3.7,40.93,0.45,0.47

179,75.67,0.09,91.0,628.2,2.04,41.69,0.68,0.88

179,67.8,0.14,86.0,594.47,1.73,39.07,0.52,0.87
180,31.6,0.34,66.0,554.82,1.09,29.35,0.7,0.97
18180,35.27,0.32,68.0,552.77,1.16,30.33,0.65,0.97
180,37.13,0.31,69.0,551.99,1.19,30.98,0.63,0.97
181,83.67,0.05,95.0,464.89,2.0,40.45,0.75,0.79

181,83.67,0.05,95.0,464.89,2.0,40.45,0.75,0.79

182,80.0,0.0,100.0,609.83,4.0,40.91,0.75,1.15
182,80.0,0.0,100.0,609.83,4.0,40.91,0.75,1.15
183,39.2,0.0,100.0,622.81,10.12,16.99,0.61,0.53183,45.87,0.0,100.0,600.97,9.12,18.44,0.67,0.53
183,46.67,0.0,100.0,600.3,9.0,18.2,0.68,0.53
184,79.47,0.0,100.0,548.06,4.08,42.49,0.74,0.55
184,79.47,0.0,100.0,604.99,4.08,42.44,0.74,0.55
184,79.73,0.0,100.0,548.24,4.04,42.73,0.75,0.55
185,83.87,0.02,98.0,503.47,2.86,35.37,0.56,1.03
185,79.13,0.01,99.0,563.79,3.86,39.14,0.68,1.03
185,87.4,0.03,97.0,626.0,2.02,32.76,0.75,1.03
185,80.73,0.01,99.0,549.2,3.62,38.43,0.61,1.03
186,80.0,0.0,100.0,667.29,4.0,42.32,0.75,1.04
186,80.0,0.0,100.0,663.88,4.0,42.23,0.74,1.04
186,80.0,0.0,100.0,667.29,4.0,42.32,0.75,1.05
187,31.8,0.34,66.0,614.98,1.05,31.22,0.75,1.37
7,31.8,0.34,66.0,614.98,1.05,31.22,0.75,1.37
187,33.8,0.33,67.0,615.0,1.04,31.9,0.73,1.37
188,30.0,0.35,65.0,495.84,1.0,30.73,0.5,0.52

88,30.0,0.35,65.0,495.26,1.0,29.69,0.53,0.52
188,30.0,0.35,65.0,495.34,1.0,29.84,0.51,0.52
189,54.13,0.0,100.0,679.83,7.88,21.05,0.49,0.53
189,56.27,0.0,100.0,664.34,7.56,22.41,0.44,0.53
89,56.27,0.0,100.0,664.27,7.56,23.31,0.41,0.53
190,62.2,0.13,87.0,654.43,3.03,37.72,0.59,0.48
190,67.4,0.09,91.0,670.9,3.41,37.92,0.65,0.48
190,62.2,0.13,87.0,658.19,3.03,37.97,0.6,0.48

191,85.6,0.04,96.0,561.77,2.0,39.87,0.75,0.86
191,85.6,0.04,96.0,561.77,2.0,39.87,0.75,0.86
191,85.6,0.04,96.0,561.77,2.0,39.87,0.75,0.86
192,84.67,0.04,96.0,523.18,2.15,36.26,0.44,0.65
192,88.13,0.02,98.0,511.78,2.2,38.32,0.46,0.65
193,89.47,0.02,98.0,511.75,2.0,37.61,0.75,0.58

194,34.0,0.33,67.0,646.82,1.0,33.13,0.74,0.53

194,34.0,0.33,67.0,646.82,1.0,33.13,0.74,0.53
195,45.6,0.27,73.0,590.69,1.08,32.6,0.61,0.58

195,47.6,0.26,74.0,601.01,1.08,33.71,0.65,0.58
195,48.8,0.25,75.0,597.37,1.24,33.74,0.56,0.58195,43.6,0.28,72.0,596.1,1.08,32.42,0.62,0.58

196,41.2,0.29,71.0,504.27,1.17,28.52,0.71,0.53
196,39.0,0.3,70.0,503.87,1.21,28.13,0.71,0.53

196,37.4,0.31,69.0,504.61,1.13,27.7,0.73,0.53

197,53.33,0.0,100.0,426.95,8.0,19.16,0.61,0.53
197,53.33,0.0,100.0,424.91,8.0,18.92,0.57,0.53
197,53.33,0.0,100.0,424.75,8.0,18.9,0.53,0.53

198,15.8,0.42,58.0,655.77,1.05,29.21,0.53,0.52
199,45.4,0.27,73.0,555.5,1.12,30.13,0.69,0.5

199,45.27,0.27,73.0,558.28,1.15,30.28,0.68,0.5
200,89.47,0.02,98.0,540.79,2.0,40.96,0.75,0.57
200,89.07,0.02,98.0,541.13,2.06,40.84,0.75,0.57
200,89.47,0.02,98.0,540.79,2.0,40.96,0.75,0.57

201,78.13,0.0,100.0,615.15,4.28,40.52,0.71,1.1720201,78.93,0.0,100.0,614.33,4.16,41.35,0.73,1.201,201,78.93,0.0,100.0,614.33,4.16,41.87,0.73,1.17
202,49.53,0.25,75.0,633.49,1.09,29.21,0.71,1.02
202,48.6,0.25,75.0,634.39,1.28,28.95,0.71,1.02

202,48.6,0.25,75.0,634.39,1.28,28.95,0.71,1.02

203,20.0,0.4,60.0,644.45,1.0,28.18,0.75,0.79
203,20.0,0.4,60.0,644.45,1.0,28.18,0.75,0.79
203,20.0,0.4,60.0,644.45,1.0,28.18,0.75,0.79
204,62.8,0.13,87.0,528.55,2.93,39.27,0.54,0.86204,69.2,0.09,91.0,532.53,3.11,41.04,0.6,0.86
204,61.2,0.14,86.0,526.52,2.88,38.83,0.57,0.86
205,68.0,0.0,100.0,500.31,5.8,32.84,0.52,1.49


206,87.67,0.01,99.0,294.64,2.57,39.31,0.73,0.57
206,88.6,0.01,99.0,292.93,2.42,39.54,0.74,0.57
207,33.2,0.32,68.0,581.07,1.62,32.23,0.7,0.53

207,29.67,0.34,66.0,579.63,1.53,31.86,0.71,0.53
207,30.6,0.34,66.0,576.12,1.32,32.59,0.72,0.53207,38.73,0.29,71.0,582.27,1.69,32.64,0.68,0.53
208,43.47,0.28,72.0,455.61,1.11,33.93,0.4,0.83208,56.73,0.21,79.0,363.23,1.24,36.51,0.35,0.83
08,44.87,0.27,73.0,451.25,1.23,34.67,0.4,0.83
209,85.33,0.04,96.0,538.53,2.04,39.1,0.74,0.62
2209,84.93,0.04,96.0,543.76,2.1,39.02,0.73,0.62
209,85.07,0.04,96.0,542.02,2.08,39.04,0.73,0.62
210,73.6,0.12,88.0,370.21,1.75,39.52,0.24,0.58
210,67.53,0.15,85.0,421.42,1.79,39.01,0.1,0.58

211,45.53,0.27,73.0,408.8,1.1,23.82,0.73,0.63

211,47.07,0.26,74.0,414.55,1.19,24.28,0.7,0.63

211,43.07,0.28,72.0,414.69,1.19,23.12,0.71,0.63
211,48.0,0.26,74.0,409.56,1.0,24.39,0.75,0.63
212,43.8,0.27,73.0,487.09,1.45,29.39,0.65,0.46212,38.6,0.3,70.0,306.14,1.3,28.87,0.68,0.46

212,40.6,0.28,72.0,477.91,1.71,29.88,0.58,0.46
212,43.2,0.27,73.0,481.14,1.58,28.94,0.62,0.46
213,79.8,0.07,93.0,516.06,2.0,36.45,0.75,0.51
2213,79.8,0.07,93.0,516.06,2.0,36.45,0.75,0.51
214,25.67,0.37,63.0,447.31,1.08,27.93,0.49,0.54
214,48.4,0.25,75.0,468.28,1.32,34.14,0.35,0.54

214,31.53,0.34,66.0,442.65,1.11,29.42,0.46,0.54
214,39.2,0.3,70.0,433.56,1.17,30.94,0.42,0.54
215,45.33,0.26,74.0,499.66,1.54,36.07,0.54,0.8215,68.87,0.13,87.0,640.17,1.89,39.59,0.55,0.85
5
215,61.53,0.17,83.0,638.53,1.81,39.52,0.61,0.85
216,33.0,0.33,67.0,515.11,1.22,31.85,0.67,0.65
216,29.2,0.35,65.0,521.1,1.18,30.88,0.69,0.65

216,31.4,0.34,66.0,515.91,1.14,31.28,0.71,0.65
217,90.2,0.01,99.0,538.46,2.18,37.24,0.46,1.16

217,88.8,0.02,98.0,530.21,2.1,36.9,0.49,1.16
6
217,89.07,0.02,98.0,525.17,2.06,37.08,0.49,1.16
218,88.87,0.01,99.0,288.5,2.38,39.44,0.67,0.76

218,80.0,0.0,100.0,351.61,4.0,38.73,0.75,0.76

218,80.0,0.0,100.0,351.61,4.0,38.73,0.75,0.76
219,42.0,0.29,71.0,492.07,1.0,25.01,0.75,0.79

219,47.27,0.26,74.0,630.34,1.15,27.89,0.65,0.79
219,42.0,0.29,71.0,492.07,1.0,25.01,0.75,0.79

219,45.0,0.27,73.0,642.11,1.21,26.37,0.65,0.79
220,82.0,0.06,94.0,498.22,1.96,44.05,0.43,0.84
220,84.07,0.05,95.0,520.43,1.94,44.22,0.42,0.84
220,78.0,0.08,92.0,519.53,1.98,43.83,0.39,0.84
221,81.73,0.06,94.0,502.55,2.0,32.75,0.75,0.89

221,81.73,0.06,94.0,502.55,2.0,32.75,0.75,0.9

221,81.47,0.06,94.0,504.74,2.04,32.76,0.73,0.89
222,76.6,0.08,92.0,416.05,2.21,46.6,0.57,0.82


222,48.6,0.24,76.0,514.81,1.67,42.18,0.43,0.82
222,47.3,0.24,76.0,551.47,1.93,42.34,0.36,0.82
223,80.0,0.0,100.0,392.15,4.0,43.16,0.65,0.74
223,80.0,0.0,100.0,394.13,4.0,43.08,0.63,0.74
223,80.0,0.0,100.0,389.18,4.0,43.27,0.68,0.74
223,79.73,0.0,100.0,397.42,4.04,42.76,0.62,0.74
224,83.67,0.05,95.0,415.69,2.0,36.9,0.5,0.53


224,83.67,0.05,95.0,415.69,2.0,36.9,0.52,0.53

225,92.07,0.01,99.0,434.5,1.9,35.07,0.6,0.69


225,65.87,0.16,84.0,456.14,1.38,32.61,0.49,0.69
225,91.93,0.01,99.0,423.67,1.92,34.96,0.67,0.69
225,81.4,0.07,93.0,428.76,1.74,34.02,0.46,0.69
226,76.73,0.09,91.0,329.59,1.87,36.25,0.59,0.88226,35.53,0.32,68.0,311.07,1.1,33.2,0.71,0.88

227,60.4,0.14,86.0,456.78,3.02,42.73,0.58,0.49
227,57.6,0.16,84.0,468.9,2.86,42.37,0.56,0.49
227,57.2,0.16,84.0,463.69,2.93,42.85,0.57,0.49
227,69.2,0.1,90.0,473.07,2.8,44.04,0.57,0.49

228,70.53,0.13,87.0,396.02,1.6,43.22,0.53,0.8

228,42.47,0.28,72.0,378.31,1.32,39.62,0.38,0.8
228,36.33,0.31,69.0,370.12,1.36,37.4,0.46,0.8
228,36.8,0.31,69.0,374.23,1.26,36.92,0.46,0.8
229,85.4,0.03,97.0,334.52,2.33,36.62,0.64,0.63
229,83.73,0.04,96.0,334.25,2.29,36.15,0.66,0.63
230,38.4,0.3,70.0,334.5,1.34,32.76,0.7,0.55
5
230,40.8,0.29,71.0,332.89,1.25,33.6,0.68,0.55

231,86.87,0.03,97.0,485.07,2.1,35.56,0.72,0.57
231,87.4,0.03,97.0,483.31,2.02,35.49,0.75,0.57

232,81.53,0.01,99.0,485.89,3.49,43.43,0.61,1.36
232,88.0,0.02,98.0,406.75,2.22,39.44,0.69,1.36
233,80.47,0.01,99.0,303.93,3.66,33.92,0.68,0.94
233,78.33,0.02,98.0,305.83,3.7,33.19,0.69,0.94
233,79.53,0.01,99.0,310.2,3.8,33.95,0.72,0.94

234,27.87,0.36,64.0,470.4,1.03,28.2,0.72,1.14
234,29.93,0.35,65.0,490.33,1.02,28.6,0.74,1.14
34,28.0,0.36,64.0,467.19,1.0,28.41,0.75,1.14
235,36.0,0.32,68.0,615.41,1.0,32.27,0.75,0.68
235,36.0,0.32,68.0,615.41,1.0,32.27,0.75,0.68
236,83.6,0.04,96.0,342.5,2.31,37.03,0.64,1.0
236,84.47,0.03,97.0,367.05,2.47,37.67,0.56,1.0236,85.93,0.03,97.0,342.18,2.25,37.27,0.68,1.0
236,84.0,0.04,96.0,342.15,2.25,36.99,0.67,1.0
236,83.07,0.04,96.0,342.86,2.4,37.02,0.64,1.0
237,88.87,0.01,99.0,485.58,2.38,45.28,0.64,1.472237,87.6,0.02,98.0,478.93,2.29,44.95,0.69,1.48
238,81.73,0.06,94.0,427.18,2.0,45.21,0.62,0.75238,81.6,0.06,94.0,426.28,2.02,45.18,0.6,0.75

238,81.47,0.06,94.0,394.57,2.04,45.13,0.63,0.75
239,79.73,0.0,100.0,327.06,4.04,39.14,0.56,0.7239,80.0,0.0,100.0,419.34,4.0,43.79,0.68,0.7
239,79.73,0.0,100.0,347.9,4.04,40.15,0.51,0.7
240,19.4,0.19,81.0,363.31,8.89,17.1,0.53,0.9
240,8.53,0.24,76.0,329.9,9.58,16.3,0.46,0.9
9
240,22.8,0.14,86.0,340.09,9.58,15.74,0.4,0.9
241,90.0,0.02,98.0,405.96,1.92,38.81,0.72,0.54
241,89.8,0.02,98.0,398.52,1.95,38.89,0.72,0.54

242,55.84,0.16,84.0,429.3,3.17,36.21,0.66,0.98

242,39.59,0.17,83.0,484.82,5.77,32.99,0.38,0.98
243,47.53,0.26,74.0,469.99,1.09,33.47,0.74,0.55
243,45.53,0.27,73.0,469.21,1.1,33.76,0.74,0.55
243,49.53,0.25,75.0,454.71,1.09,33.3,0.73,0.55
244,64.6,0.1,90.0,323.86,3.57,39.39,0.42,0.57

244,77.13,0.08,92.0,345.8,2.12,41.63,0.74,0.57
245,38.51,0.14,86.0,433.51,6.84,22.26,0.49,0.57
245,53.33,0.08,92.0,455.94,6.0,26.91,0.5,0.57
245,45.13,0.07,93.0,412.55,7.59,19.48,0.62,0.57
246,46.67,0.26,74.0,321.77,1.27,29.7,0.61,0.6
246,52.33,0.23,77.0,322.3,1.32,31.72,0.57,0.6
246,50.47,0.24,76.0,322.08,1.3,31.03,0.57,0.6
247,87.53,0.03,97.0,360.81,2.0,40.4,0.5,1.18

247,87.53,0.03,97.0,444.47,2.0,40.35,0.52,1.18
247,87.4,0.03,97.0,393.55,2.02,40.59,0.61,1.18
247,87.53,0.03,97.0,360.81,2.0,40.38,0.5,1.18
248,34.53,0.32,68.0,260.26,1.32,38.5,0.63,0.71
248,35.53,0.32,68.0,319.57,1.1,38.59,0.71,0.71
248,36.47,0.3,70.0,270.28,1.76,38.39,0.51,0.71
249,88.0,0.02,98.0,303.45,2.22,43.31,0.69,0.7
249,86.93,0.02,98.0,313.94,2.39,43.15,0.63,0.7
249,85.4,0.01,99.0,280.08,2.91,42.98,0.54,0.7

249,90.6,0.01,99.0,296.15,2.12,43.65,0.72,0.7
250,91.0,0.01,99.0,440.47,2.06,37.66,0.74,1.53
50,91.4,0.01,99.0,440.45,2.0,38.03,0.75,1.53

3
