1,-31.47,0.6,40.0,196.35,5.64,11.51,0.54,1.05

1,-31.82,0.6,40.0,195.28,6.01,10.21,0.56,1.05

2,-19.84,0.49,51.0,235.77,13.46,7.01,0.61,1.06
3,-33.81,0.57,43.0,316.05,12.42,9.08,0.53,0.69
4,-47.66,0.65,35.0,426.73,11.71,14.02,0.52,0.54
,-28.69,0.52,48.0,424.24,11.7,13.33,0.53,0.54
5,-12.03,0.42,58.0,449.89,11.49,8.65,0.42,0.57

5,-15.02,0.44,56.0,449.69,11.01,9.53,0.4,0.58

5,-34.85,0.57,43.0,475.21,8.9,14.1,0.37,0.57
6,-2.3,0.42,58.0,282.23,7.52,20.26,0.24,0.91


6,-0.92,0.41,59.0,274.83,8.34,18.62,0.3,0.91
6,-7.65,0.45,55.0,257.94,8.73,15.85,0.26,0.926,8.93,0.35,65.0,266.66,8.01,17.19,0.27,0.91

7,-9.93,0.46,54.0,273.11,8.83,16.62,0.32,0.43

7,-9.35,0.46,54.0,275.72,7.79,19.03,0.28,0.43

7,-8.83,0.45,55.0,258.57,9.06,14.31,0.37,0.43
8,-2.03,0.46,54.0,207.94,2.01,24.34,0.14,0.88
8,31.82,0.28,72.0,200.27,2.42,29.68,0.12,0.88
8,22.41,0.33,67.0,198.35,2.02,24.42,0.18,0.88
8,-0.1,0.45,55.0,205.71,1.89,21.85,0.17,0.88
8,15.28,0.37,63.0,206.82,1.97,25.44,0.14,0.888,16.23,0.36,64.0,223.19,2.69,36.17,0.11,0.88
9,-36.42,0.56,44.0,458.39,12.6,8.14,0.64,0.46
9,-43.96,0.61,39.0,464.3,12.75,9.46,0.63,0.46
9,-37.96,0.57,43.0,458.98,12.63,9.23,0.62,0.46
10,-38.66,0.63,37.0,247.05,6.27,11.57,0.63,0.77
10,-23.76,0.54,46.0,244.77,6.36,11.22,0.64,0.77
10,-28.67,0.57,43.0,249.71,6.13,12.18,0.62,0.77
10,-27.06,0.56,44.0,244.82,6.35,10.96,0.64,0.77
10,-35.24,0.61,39.0,246.34,6.26,11.54,0.63,0.77
11,-16.54,0.49,51.0,157.41,12.21,8.16,0.56,0.91
11,-24.54,0.54,46.0,150.95,12.36,7.6,0.57,0.91
11,-39.86,0.63,37.0,159.82,12.79,7.21,0.61,0.91
12,-15.77,0.52,48.0,196.65,2.01,15.98,0.6,0.45
12,-20.06,0.54,46.0,206.73,2.04,15.39,0.62,0.45
12,-24.87,0.57,43.0,196.01,2.01,16.38,0.62,0.45
13,-21.52,0.49,51.0,344.44,11.97,7.82,0.56,0.89
13,-32.14,0.56,44.0,341.69,12.05,7.6,0.56,0.89
14,-28.44,0.58,42.0,213.57,9.06,10.47,0.24,0.99
14,-7.04,0.45,55.0,174.23,10.83,9.07,0.4,0.99

14,-18.32,0.51,49.0,193.72,11.34,7.64,0.46,0.99
15,-22.62,0.54,46.0,252.43,5.34,14.02,0.51,0.4615,-21.38,0.53,47.0,266.48,5.36,14.93,0.52,0.46
15,-33.63,0.6,40.0,271.59,5.53,13.23,0.59,0.46

15,-27.59,0.57,43.0,258.37,4.82,13.35,0.55,0.46
16,-27.44,0.57,43.0,205.38,6.12,13.52,0.58,0.64
16,-26.75,0.56,44.0,265.64,6.09,10.23,0.59,0.64
16,-21.23,0.53,47.0,272.64,6.05,12.29,0.53,0.64
17,-30.18,0.58,42.0,236.46,7.45,11.08,0.53,0.59
17,-33.22,0.6,40.0,244.8,7.01,11.58,0.49,0.59
17,-32.48,0.59,41.0,238.69,7.77,10.22,0.58,0.59
18,-23.93,0.52,48.0,236.89,13.04,6.08,0.56,0.52
18,-31.19,0.56,44.0,258.98,13.34,5.8,0.58,0.52
19,-40.92,0.59,41.0,387.74,16.0,3.99,0.64,0.68
19,-49.78,0.65,35.0,392.86,16.0,3.78,0.65,0.6819,-40.62,0.59,41.0,378.51,16.0,4.04,0.63,0.68
19,-48.32,0.64,36.0,393.73,16.0,3.92,0.64,0.68
20,-8.7,0.46,54.0,207.52,7.71,23.61,0.43,0.85

21,-24.51,0.5,50.0,290.57,15.36,5.4,0.55,0.6
21,-27.37,0.52,48.0,290.13,15.33,5.45,0.57,0.6
22,-36.07,0.6,40.0,238.97,12.43,14.74,0.41,0.93
22,-11.72,0.45,55.0,230.2,13.04,13.15,0.42,0.93
222,-24.73,0.53,47.0,212.02,13.77,11.49,0.52,0.9322,-5.45,0.41,59.0,236.59,12.84,14.23,0.4,0.93
23,-38.45,0.59,41.0,333.03,15.32,5.41,0.56,0.64
23,-31.24,0.54,46.0,326.32,15.7,5.2,0.6,0.64
423,-26.43,0.51,49.0,323.22,15.43,5.53,0.58,0.64
23,-23.69,0.49,51.0,321.19,15.45,5.27,0.61,0.64
24,-23.24,0.52,48.0,400.23,4.0,13.84,0.62,0.79
24,-38.74,0.62,38.0,413.24,3.95,14.39,0.49,0.79
25,-28.54,0.55,45.0,263.53,12.55,8.33,0.47,0.44
25,-8.46,0.47,53.0,215.69,8.22,18.15,0.18,0.44
25,-7.7,0.42,58.0,268.71,11.92,9.34,0.42,0.44

25,-26.39,0.53,47.0,273.21,12.74,6.78,0.5,0.44

26,-1.07,0.41,59.0,189.75,12.82,13.88,0.29,0.88226,25.45,0.29,71.0,165.27,6.85,27.88,0.15,0.89
27,-8.86,0.47,53.0,333.62,1.63,20.36,0.54,0.72
27,-23.14,0.55,45.0,363.93,1.61,21.8,0.54,0.72227,-13.38,0.5,50.0,333.5,1.56,22.37,0.46,0.72

28,-13.42,0.48,52.0,256.44,7.92,10.7,0.46,0.74
8,-2.36,0.42,58.0,206.23,7.64,16.9,0.48,0.74

29,-2.72,0.39,61.0,271.4,10.51,15.83,0.53,0.42

29,-12.26,0.45,55.0,275.45,10.32,16.52,0.53,0.42
29,-13.87,0.48,52.0,268.03,9.17,20.81,0.36,0.42
30,-20.19,0.5,50.0,277.16,11.73,11.07,0.46,0.9
0,-10.83,0.44,56.0,275.85,11.67,10.95,0.45,0.9
30,-3.19,0.4,60.0,276.78,11.74,10.94,0.47,0.9
31,-18.31,0.48,52.0,348.57,10.97,12.35,0.51,0.87
31,-26.24,0.53,47.0,353.1,10.68,13.14,0.48,0.87
31,-26.8,0.53,47.0,352.83,11.04,11.1,0.53,0.87

32,29.28,0.24,76.0,261.23,9.62,19.49,0.12,0.86
32,-11.37,0.45,55.0,292.82,12.65,14.57,0.25,0.8632,12.47,0.33,67.0,261.0,10.7,17.02,0.18,0.86
32,44.36,0.16,84.0,236.72,9.52,20.27,0.15,0.86
32,43.58,0.16,84.0,240.47,8.2,22.32,0.23,0.86
32,-16.01,0.47,53.0,278.96,14.2,9.76,0.4,0.86
33,2.56,0.39,61.0,311.37,3.77,29.77,0.48,0.87
33,11.84,0.34,66.0,302.04,3.64,24.38,0.43,0.87
33,27.86,0.25,75.0,259.21,3.71,32.02,0.51,0.87
33,13.64,0.33,67.0,297.84,3.73,27.24,0.46,0.87
33,-1.54,0.42,58.0,303.35,3.69,26.95,0.42,0.87
34,10.67,0.34,66.0,256.81,7.76,16.82,0.32,0.973434,20.47,0.29,71.0,238.22,7.65,17.96,0.33,0.973434,17.68,0.3,70.0,239.68,7.75,16.93,0.36,0.97

35,-2.29,0.41,59.0,321.47,7.96,21.36,0.38,0.52
35,-5.37,0.43,57.0,318.82,7.49,23.47,0.46,0.52
35,9.77,0.34,66.0,309.41,7.98,21.26,0.37,0.52

35,6.1,0.37,63.0,326.21,5.78,23.75,0.23,0.52
36,52.39,0.14,86.0,211.77,4.83,29.76,0.21,0.51
36,47.74,0.15,85.0,257.79,5.61,27.95,0.2,0.51
37,27.35,0.26,74.0,317.61,2.45,35.07,0.36,0.79
37,37.22,0.21,79.0,303.42,2.65,37.41,0.31,0.79
37,18.7,0.3,70.0,313.05,2.19,32.74,0.48,0.79


38,41.99,0.16,84.0,219.41,6.64,27.69,0.39,0.41

38,53.78,0.1,90.0,208.92,6.96,26.57,0.37,0.41
39,44.36,0.15,85.0,300.83,2.99,35.12,0.47,0.62
39,58.47,0.09,91.0,248.13,3.38,35.09,0.28,0.62
39,53.74,0.09,91.0,310.51,2.86,37.12,0.47,0.62
39,63.42,0.06,94.0,230.17,3.21,37.7,0.39,0.62
40,58.92,0.02,98.0,379.01,5.0,35.83,0.48,0.51

40,62.84,0.0,100.0,358.81,5.0,37.05,0.51,0.51
40,56.02,0.04,96.0,378.31,5.35,35.24,0.4,0.51

41,31.54,0.24,76.0,266.95,4.37,30.93,0.28,0.7941,18.08,0.29,71.0,370.46,5.36,27.92,0.24,0.79

41,39.35,0.19,81.0,270.91,5.38,29.09,0.17,0.79
42,18.88,0.32,68.0,267.2,1.92,32.7,0.44,0.78
42,21.98,0.29,71.0,345.59,1.5,34.05,0.26,0.78

42,27.06,0.26,74.0,344.93,1.95,32.45,0.3,0.78
42,28.98,0.26,74.0,321.95,2.11,32.21,0.26,0.78
42,24.53,0.27,73.0,366.81,2.74,32.48,0.18,0.78
43,48.79,0.2,80.0,245.19,1.51,38.56,0.35,0.94

43,54.99,0.16,84.0,260.52,1.49,39.03,0.3,0.94

44,62.01,0.02,98.0,429.09,2.57,40.75,0.3,0.87

44,60.39,0.03,97.0,410.03,2.6,40.0,0.34,0.88
444,56.06,0.06,94.0,411.43,2.51,41.04,0.33,0.87
45,38.1,0.19,81.0,315.83,2.41,34.52,0.42,0.784545,52.69,0.08,92.0,366.82,3.15,37.63,0.43,0.78
46,13.32,0.26,74.0,615.97,2.7,26.25,0.36,0.69
46,13.57,0.25,75.0,665.57,2.71,25.9,0.29,0.69

47,42.88,0.19,81.0,277.93,3.52,37.27,0.17,0.74
47,39.81,0.19,81.0,296.6,2.99,37.14,0.29,0.74

48,67.28,0.02,98.0,254.85,4.22,32.91,0.42,0.88
48,66.88,0.02,98.0,244.11,4.76,30.83,0.43,0.88
48,65.47,0.03,97.0,264.75,3.18,38.47,0.51,0.8848,56.19,0.03,97.0,441.88,2.56,37.38,0.52,0.88
49,29.07,0.22,78.0,368.33,2.44,35.92,0.51,0.41
49,30.17,0.18,82.0,542.45,4.13,31.63,0.22,0.41
49,45.05,0.11,89.0,395.52,3.84,36.45,0.47,0.41
50,34.55,0.21,79.0,300.89,3.68,28.96,0.26,0.42
50,32.98,0.23,77.0,291.81,3.01,28.9,0.24,0.42
50,19.53,0.24,76.0,519.69,1.83,30.29,0.51,0.42
50,18.08,0.25,75.0,470.11,2.23,29.03,0.6,0.42
51,33.47,0.23,77.0,210.07,5.14,27.99,0.25,0.71
51,42.57,0.15,85.0,271.42,3.35,34.34,0.51,0.71
51,26.9,0.26,74.0,267.27,3.0,31.65,0.45,0.72

52,63.93,0.0,100.0,361.48,4.24,38.31,0.5,0.82
52,64.12,0.0,100.0,358.61,4.36,37.72,0.48,0.82
52,63.35,0.0,100.0,361.52,4.48,37.45,0.5,0.82

53,25.01,0.25,75.0,318.14,4.88,27.96,0.53,0.82
53,12.19,0.32,68.0,346.06,2.5,31.67,0.61,0.82
53,12.54,0.31,69.0,322.26,3.7,29.74,0.66,0.82

53,29.3,0.22,78.0,351.88,5.85,27.23,0.42,0.82
54,18.61,0.3,70.0,347.21,1.26,35.33,0.47,1.02

54,38.24,0.19,81.0,316.82,2.96,35.73,0.24,1.02
54,15.81,0.31,69.0,328.21,2.04,32.95,0.38,1.02
55,49.9,0.07,93.0,382.19,6.24,28.57,0.36,0.85

55,39.29,0.12,88.0,404.64,6.74,21.88,0.42,0.85
55,46.3,0.1,90.0,388.33,6.07,29.41,0.32,0.85
56,30.38,0.25,75.0,232.05,3.16,28.6,0.46,0.38
56,28.54,0.26,74.0,230.57,3.36,27.02,0.5,0.38

57,69.0,0.0,100.0,311.37,8.08,26.6,0.1,0.45



57,67.89,0.0,100.0,293.2,6.84,30.83,0.28,0.45
57,67.16,0.0,100.0,292.34,7.08,28.96,0.24,0.45
58,63.66,0.01,99.0,379.71,3.64,43.65,0.31,0.57
58,69.2,0.02,98.0,304.37,3.24,43.5,0.24,0.58
59,65.41,0.0,100.0,377.36,3.1,40.9,0.44,0.41

59,73.3,0.02,98.0,234.54,3.2,39.87,0.23,0.41
60,42.24,0.18,82.0,263.91,6.41,22.44,0.13,0.73660,28.21,0.22,78.0,392.08,4.91,25.0,0.3,0.73

60,22.24,0.25,75.0,410.07,2.17,30.92,0.5,0.73

61,73.57,0.0,100.0,245.7,5.16,32.67,0.29,0.9
61,70.39,0.01,99.0,303.79,5.17,29.62,0.18,0.9
61,72.71,0.01,99.0,254.19,5.03,33.45,0.2,0.9
61,74.27,0.0,100.0,232.22,3.96,36.98,0.37,0.9
62,67.16,0.02,98.0,268.67,3.7,38.48,0.43,0.38

63,43.5,0.11,89.0,393.17,6.11,21.29,0.39,0.78

63,40.28,0.12,88.0,394.86,5.93,22.55,0.44,0.78
63,40.35,0.16,84.0,339.42,4.58,25.8,0.38,0.78
63,40.03,0.12,88.0,454.29,5.22,23.91,0.38,0.78
64,12.18,0.36,64.0,282.1,2.94,30.48,0.27,0.37
64,17.79,0.32,68.0,288.05,3.19,30.07,0.38,0.37
64,-1.26,0.41,59.0,355.06,1.97,30.91,0.5,0.37

64,17.29,0.32,68.0,301.43,2.97,32.48,0.36,0.37
65,59.16,0.01,99.0,430.14,2.42,41.79,0.55,0.45
65,56.5,0.02,98.0,432.66,2.12,42.25,0.63,0.45
65,55.95,0.02,98.0,449.44,2.39,42.0,0.57,0.45
65,50.93,0.02,98.0,524.76,2.31,41.48,0.64,0.45
65,56.4,0.02,98.0,437.33,2.12,42.57,0.62,0.45
66,73.11,0.0,100.0,260.42,4.28,42.85,0.4,0.42

66,67.22,0.0,100.0,302.91,4.04,44.11,0.55,0.42
67,28.45,0.33,67.0,238.81,1.12,38.25,0.2,0.42
67,16.74,0.37,63.0,312.39,1.0,38.57,0.41,0.42

67,23.93,0.35,65.0,232.73,1.11,38.05,0.28,0.42
68,69.97,0.01,99.0,282.45,2.87,38.4,0.43,0.42

68,69.43,0.01,99.0,278.61,2.73,39.6,0.48,0.42

68,71.54,0.02,98.0,220.88,2.22,41.7,0.51,0.42
69,62.94,0.0,100.0,369.61,5.52,30.07,0.42,0.9
69,61.68,0.0,100.0,367.35,5.8,28.66,0.48,0.9


69,66.44,0.0,100.0,336.67,5.08,31.88,0.43,0.9
70,4.76,0.33,67.0,526.23,2.1,31.12,0.48,0.77


70,6.24,0.32,68.0,518.78,1.54,33.17,0.55,0.77
70,9.67,0.3,70.0,534.62,2.44,31.78,0.39,0.77

70,35.98,0.15,85.0,482.79,2.66,36.38,0.41,0.77
71,63.27,0.0,100.0,342.07,4.8,31.86,0.59,0.7271,67.37,0.0,100.0,252.78,7.76,21.14,0.36,0.72
71,63.89,0.0,100.0,320.91,5.32,30.45,0.55,0.72
71,65.13,0.01,99.0,300.64,6.37,26.42,0.37,0.72
72,63.04,0.08,92.0,237.08,2.65,39.82,0.34,0.68
72,66.48,0.07,93.0,234.6,2.68,41.3,0.23,0.68
72,38.04,0.19,81.0,294.23,3.54,38.15,0.41,0.68
73,61.62,0.0,100.0,322.69,4.92,34.22,0.56,0.8

73,67.83,0.0,100.0,284.97,5.2,31.81,0.44,0.81

73,67.91,0.01,99.0,274.28,4.57,35.37,0.45,0.8

74,37.92,0.21,79.0,314.6,1.59,32.44,0.25,0.46

74,51.2,0.13,87.0,282.45,1.86,33.8,0.34,0.46

74,59.23,0.09,91.0,271.13,1.91,35.15,0.28,0.46
75,40.08,0.18,82.0,291.26,1.85,37.16,0.54,0.47
5,39.79,0.18,82.0,291.5,1.6,38.02,0.56,0.47

75,38.26,0.19,81.0,290.7,1.6,37.59,0.56,0.47

76,50.45,0.09,91.0,343.73,3.11,38.37,0.51,0.54
76,51.88,0.09,91.0,349.08,2.88,37.53,0.48,0.54
77,31.59,0.2,80.0,344.35,2.34,31.86,0.54,0.45

77,60.17,0.05,95.0,320.54,5.46,26.01,0.28,0.45
77,31.79,0.2,80.0,347.19,1.86,33.85,0.62,0.45
78,45.3,0.08,92.0,435.14,4.16,31.4,0.58,0.43
78,55.53,0.01,99.0,424.79,4.74,30.36,0.54,0.42
78,51.48,0.03,97.0,434.31,4.26,33.15,0.67,0.42
79,31.11,0.25,75.0,269.12,1.83,36.88,0.44,0.979,39.66,0.2,80.0,270.72,1.84,38.32,0.4,0.9

79,38.8,0.21,79.0,272.3,1.92,37.78,0.33,0.9
80,48.64,0.09,91.0,449.56,4.67,29.75,0.09,0.5
80,44.24,0.11,89.0,449.12,4.47,29.82,0.14,0.580,45.15,0.11,89.0,451.76,4.57,30.35,0.12,0.5
81,49.56,0.13,87.0,355.7,2.95,36.21,0.13,0.5

81,50.03,0.12,88.0,387.4,2.88,38.17,0.09,0.5
81,48.6,0.12,88.0,381.02,3.1,37.53,0.21,0.5

81,26.81,0.24,76.0,436.23,2.59,33.45,0.19,0.5
82,40.74,0.16,84.0,394.81,1.75,32.01,0.27,0.4582,38.61,0.18,82.0,401.83,1.76,31.7,0.27,0.45

82,31.94,0.18,82.0,507.09,1.45,31.26,0.4,0.45
83,29.32,0.19,81.0,488.68,2.59,37.8,0.35,0.86

83,33.79,0.18,82.0,421.92,2.61,37.1,0.44,0.86
83,29.86,0.19,81.0,491.22,2.52,38.27,0.36,0.86
83,47.92,0.09,91.0,421.17,3.27,39.53,0.38,0.85
83,33.76,0.18,82.0,428.48,2.98,38.22,0.35,0.85
84,58.26,0.05,95.0,353.11,2.38,42.15,0.42,0.4284,64.04,0.04,96.0,341.02,2.25,42.18,0.31,0.42

85,21.04,0.3,70.0,294.51,1.3,27.39,0.3,0.64
4
85,25.97,0.27,73.0,322.41,1.36,28.96,0.37,0.64
86,57.24,0.01,99.0,512.21,2.0,41.72,0.44,0.44
86,61.47,0.01,99.0,455.4,2.0,42.02,0.37,0.44
86,59.97,0.01,99.0,492.12,2.14,41.72,0.31,0.44
86,62.98,0.01,99.0,409.0,2.0,41.7,0.44,0.44
86,59.89,0.01,99.0,472.47,2.0,42.33,0.47,0.44
87,28.2,0.29,71.0,388.46,1.3,34.01,0.17,0.41

87,30.87,0.27,73.0,398.64,1.34,35.27,0.18,0.41
87,33.47,0.26,74.0,388.86,1.38,35.41,0.14,0.41
88,55.75,0.08,92.0,362.57,2.07,37.08,0.39,0.41
88,46.31,0.14,86.0,336.07,2.15,35.89,0.4,0.41

89,69.28,0.0,100.0,306.2,5.2,32.7,0.26,0.44
4
9,70.83,0.0,100.0,292.59,5.2,32.28,0.21,0.44

89,66.68,0.0,100.0,381.31,5.52,30.84,0.2,0.44

90,58.02,0.06,94.0,351.37,3.23,33.72,0.3,0.5390,59.82,0.04,96.0,372.29,3.44,33.65,0.38,0.53

91,69.3,0.0,100.0,292.48,4.42,37.13,0.35,0.38
991,68.08,0.01,99.0,295.85,4.51,36.9,0.36,0.38

92,54.92,0.06,94.0,318.18,2.45,36.85,0.72,0.43
92,53.21,0.06,94.0,335.05,3.34,35.77,0.71,0.4392,54.71,0.06,94.0,318.33,2.45,36.5,0.73,0.43
93,58.43,0.0,100.0,359.67,6.52,35.28,0.6,0.91

93,58.58,0.0,100.0,396.82,6.16,35.42,0.57,0.91
93,57.7,0.0,100.0,363.15,7.12,33.07,0.54,0.91
93,58.59,0.0,100.0,361.88,6.88,33.2,0.54,0.91
94,20.75,0.27,73.0,402.87,2.73,30.57,0.33,0.86
94,23.26,0.26,74.0,400.33,3.36,28.55,0.27,0.86
95,22.05,0.29,71.0,340.65,2.38,30.02,0.28,0.63
95,22.56,0.29,71.0,303.9,2.28,29.12,0.31,0.63
96,59.83,0.03,97.0,412.41,2.8,38.19,0.35,0.4

96,57.94,0.04,96.0,411.65,2.52,39.42,0.39,0.4
97,75.01,0.33,67.0,413.85,1.0,30.08,0.21,0.43997,76.76,0.32,68.0,414.96,1.0,30.37,0.22,0.4397,77.95,0.32,68.0,414.82,1.0,30.52,0.18,0.43
98,66.03,0.02,98.0,382.7,2.31,36.25,0.33,0.71

98,67.41,0.02,98.0,375.81,2.12,36.78,0.27,0.71
98,62.33,0.02,98.0,431.05,2.18,36.69,0.34,0.71
98,62.77,0.02,98.0,418.98,2.18,36.33,0.34,0.71
99,55.17,0.11,89.0,348.65,2.15,42.93,0.12,0.8

99,39.66,0.18,82.0,388.11,2.27,41.37,0.16,0.8

100,58.12,0.0,100.0,464.96,5.96,31.37,0.41,0.84
100,64.29,0.0,100.0,360.87,6.08,30.98,0.39,0.84
101,22.93,0.3,70.0,317.75,2.03,32.15,0.14,0.58

101,31.9,0.25,75.0,296.85,2.28,34.17,0.05,0.58

102,12.99,0.32,68.0,360.31,1.22,39.03,0.63,0.41
102,9.03,0.34,66.0,363.67,1.45,37.94,0.61,0.41
103,21.31,0.21,79.0,581.51,1.35,35.15,0.55,0.45
103,24.42,0.19,81.0,574.48,1.26,36.13,0.59,0.45
103,22.77,0.2,80.0,583.03,1.38,35.78,0.56,0.45
103,21.6,0.19,81.0,649.14,1.64,35.31,0.5,0.45
104,60.47,0.05,95.0,363.92,2.56,33.3,0.36,0.65

104,38.79,0.15,85.0,427.5,1.92,33.94,0.46,0.65

104,41.76,0.13,87.0,423.15,1.91,33.05,0.5,0.65

105,56.44,0.01,99.0,428.36,3.09,35.94,0.67,0.84
105,56.19,0.01,99.0,430.48,3.15,36.04,0.66,0.84
106,52.96,0.02,98.0,465.15,2.24,40.06,0.71,0.61
106,54.77,0.02,98.0,439.29,3.18,38.99,0.53,0.61
106,60.39,0.0,100.0,433.95,3.24,39.06,0.52,0.61
107,36.41,0.21,79.0,284.9,3.24,38.31,0.34,0.41

107,24.69,0.25,75.0,357.8,2.16,40.32,0.45,0.41

108,50.5,0.17,83.0,403.14,1.75,36.35,0.23,0.52

108,74.87,0.06,94.0,331.0,1.8,38.38,0.09,0.52

109,33.65,0.19,81.0,392.42,1.81,31.92,0.46,0.42
109,34.83,0.19,81.0,390.97,2.31,31.56,0.41,0.42
109,42.71,0.12,88.0,419.54,1.81,34.85,0.6,0.42

109,30.52,0.17,83.0,520.91,1.54,32.77,0.48,0.42
110,54.16,0.11,89.0,331.23,2.56,31.87,0.19,0.4311110,39.14,0.19,81.0,305.01,1.78,29.62,0.38,0.43
110,63.16,0.06,94.0,324.88,2.81,32.16,0.15,0.43
111,2.7,0.37,63.0,415.56,2.19,29.66,0.51,0.73

111,2.4,0.38,62.0,390.7,1.0,31.53,0.51,0.73
3
111,1.61,0.38,62.0,394.94,1.0,31.64,0.63,0.73
112,48.69,0.03,97.0,547.98,2.76,36.25,0.57,0.73
112,46.11,0.04,96.0,544.13,2.9,34.65,0.6,0.73


112,48.09,0.03,97.0,544.12,2.43,36.43,0.64,0.73
113,13.4,0.27,73.0,537.0,3.97,31.42,0.43,0.91

113,37.31,0.15,85.0,454.8,5.61,26.12,0.26,0.91
113,38.66,0.13,87.0,457.79,5.67,26.87,0.27,0.91
114,52.2,0.02,98.0,461.89,4.73,34.46,0.53,0.79
114,58.86,0.01,99.0,437.77,4.44,34.03,0.41,0.79
114,57.4,0.02,98.0,425.16,4.31,34.84,0.43,0.79

114,52.75,0.02,98.0,456.93,4.49,35.82,0.54,0.79
115,44.73,0.04,96.0,576.58,3.91,40.35,0.55,0.51
115,41.88,0.05,95.0,584.12,4.06,39.72,0.56,0.51
116,12.18,0.29,71.0,577.34,1.63,36.58,0.29,0.46
116,7.06,0.32,68.0,578.61,1.66,35.66,0.36,0.46
117,51.18,0.02,98.0,517.76,2.61,38.84,0.62,0.571117,49.96,0.03,97.0,520.91,2.7,38.35,0.61,0.57
118,45.19,0.03,97.0,577.86,2.33,37.43,0.68,0.54
18,43.87,0.03,97.0,587.95,2.45,37.0,0.67,0.55

118,44.55,0.03,97.0,585.39,2.47,36.98,0.65,0.55
119,55.59,0.0,100.0,538.65,2.2,42.45,0.51,0.46
119,56.02,0.0,100.0,542.79,2.06,43.48,0.49,0.46
119,55.33,0.0,100.0,546.68,2.0,43.72,0.5,0.46

120,21.43,0.28,72.0,356.18,2.67,36.73,0.27,0.84
120,28.4,0.21,79.0,450.54,2.9,35.83,0.33,0.84

121,26.73,0.21,79.0,459.95,1.77,33.68,0.46,0.71121,30.69,0.19,81.0,458.56,1.79,34.86,0.47,0.71
121,26.27,0.22,78.0,457.97,2.21,33.22,0.44,0.71
121,33.63,0.17,83.0,456.94,1.77,36.01,0.53,0.71
122,39.97,0.22,78.0,382.56,1.38,32.02,0.25,0.79
122,39.56,0.22,78.0,387.98,1.32,33.46,0.23,0.79
122,33.68,0.21,79.0,485.99,1.46,35.04,0.4,0.79

122,41.04,0.21,79.0,387.87,1.37,33.14,0.29,0.79
123,10.98,0.3,70.0,470.06,1.81,38.13,0.62,0.54

123,7.62,0.32,68.0,472.76,1.81,37.09,0.61,0.54
124,60.69,0.0,100.0,422.68,6.0,31.52,0.37,0.42

124,57.43,0.0,100.0,437.12,5.64,34.54,0.47,0.42
124,59.59,0.0,100.0,418.16,6.12,31.1,0.37,0.42
124,59.25,0.0,100.0,418.51,4.68,39.78,0.59,0.42
125,55.08,0.05,95.0,413.91,2.0,39.03,0.5,0.55

126,-1.75,0.35,65.0,564.65,1.0,32.05,0.75,0.46
126,-1.75,0.35,65.0,564.65,1.0,32.05,0.75,0.46

127,9.01,0.31,69.0,483.22,1.41,36.34,0.61,0.4

127,9.92,0.31,69.0,456.39,2.38,33.55,0.62,0.4
127,1.75,0.35,65.0,497.45,2.08,33.78,0.54,0.4
128,19.04,0.25,75.0,459.06,1.4,31.68,0.61,0.42

128,17.02,0.26,74.0,463.04,1.31,31.97,0.64,0.42
128,11.28,0.29,71.0,471.7,1.1,31.44,0.74,0.42
129,22.57,0.19,81.0,528.71,5.44,24.83,0.57,0.42129,-9.27,0.43,57.0,445.05,1.51,27.98,0.67,0.42129,23.02,0.22,78.0,496.74,2.05,35.56,0.58,0.42
130,47.53,0.01,99.0,630.0,3.09,40.94,0.5,0.38


30,49.61,0.0,100.0,621.11,3.18,40.63,0.49,0.38
130,48.08,0.0,100.0,635.18,3.16,41.04,0.54,0.37
131,39.93,0.14,86.0,498.12,1.59,36.82,0.34,0.43
131,39.96,0.08,92.0,614.49,1.92,38.87,0.58,0.43
131,34.42,0.17,83.0,463.58,1.36,37.06,0.46,0.43
132,39.18,0.13,87.0,445.1,1.69,37.13,0.61,0.73
132,37.55,0.14,86.0,447.87,1.73,37.1,0.63,0.73

132,33.37,0.16,84.0,449.77,1.76,37.04,0.65,0.73
133,5.86,0.34,66.0,471.61,1.11,30.89,0.56,0.77
133,8.29,0.34,66.0,426.04,1.21,30.87,0.51,0.77
133,6.26,0.34,66.0,469.24,1.21,31.19,0.51,0.77
133,7.7,0.34,66.0,427.8,1.0,31.42,0.5,0.77
133,6.25,0.34,66.0,469.79,1.11,31.51,0.53,0.77
133,7.69,0.34,66.0,427.74,1.11,31.11,0.52,0.77
133,9.92,0.32,68.0,469.79,1.21,31.31,0.48,0.77
134,31.05,0.17,83.0,496.87,1.51,32.2,0.61,0.6


134,35.69,0.13,87.0,513.92,1.76,32.7,0.58,0.61

134,34.0,0.14,86.0,508.66,1.66,31.83,0.6,0.6

135,47.16,0.01,99.0,598.53,2.06,41.77,0.66,0.75
135,47.69,0.01,99.0,598.81,2.12,41.78,0.66,0.75
135,49.28,0.01,99.0,582.63,2.12,40.86,0.61,0.75
135,49.91,0.01,99.0,576.84,2.18,40.59,0.58,0.75
136,25.1,0.21,79.0,503.58,1.47,36.92,0.5,0.78


136,39.36,0.12,88.0,510.4,1.68,40.28,0.5,0.78
136,30.78,0.18,82.0,501.71,1.49,37.87,0.43,0.78
137,54.59,0.03,97.0,456.82,2.6,37.52,0.53,0.8

137,44.69,0.04,96.0,574.36,2.44,37.27,0.62,0.8
138,60.33,0.01,99.0,382.3,2.51,39.04,0.63,0.86

138,58.69,0.01,99.0,391.57,2.28,39.09,0.69,0.86
139,20.73,0.22,78.0,581.06,1.91,35.44,0.34,0.56
139,27.26,0.19,81.0,575.12,2.14,36.97,0.25,0.57
139,23.0,0.22,78.0,566.89,2.29,34.15,0.35,0.57
140,49.4,0.0,100.0,474.62,10.72,19.02,0.49,0.42
140,52.19,0.0,100.0,453.46,9.52,21.44,0.43,0.42
140,48.21,0.0,100.0,472.75,10.56,19.45,0.56,0.42
141,65.14,0.01,99.0,413.05,2.0,36.64,0.31,0.37141,61.63,0.01,99.0,448.51,2.0,36.95,0.3,0.37

142,67.21,0.01,99.0,283.8,2.46,42.9,0.63,0.55
142,65.8,0.02,98.0,288.06,2.59,42.11,0.59,0.56

142,67.78,0.01,99.0,284.48,2.48,42.83,0.6,0.55
142,65.21,0.02,98.0,289.43,2.63,41.97,0.59,0.56
143,24.43,0.24,76.0,408.66,2.43,35.57,0.47,0.47
143,30.62,0.2,80.0,410.91,2.11,37.05,0.52,0.47

144,24.65,0.22,78.0,514.3,1.67,37.15,0.44,0.96

144,32.58,0.17,83.0,520.53,1.7,39.35,0.4,0.96

145,53.58,0.02,98.0,684.08,2.0,40.3,0.12,0.5

145,52.72,0.02,98.0,726.52,2.0,39.8,0.13,0.5
146,48.42,0.0,100.0,570.1,4.88,35.87,0.65,0.46

146,56.46,0.0,100.0,519.5,4.52,32.4,0.28,0.46

146,57.16,0.01,99.0,458.59,2.89,36.18,0.58,0.46
146,55.31,0.01,99.0,525.14,4.16,32.68,0.36,0.46
147,50.39,0.0,100.0,569.3,3.5,36.35,0.63,0.79

147,48.26,0.01,99.0,606.67,2.69,38.28,0.62,0.79
148,16.44,0.26,74.0,565.64,1.24,30.28,0.34,0.55
148,18.16,0.24,76.0,614.7,1.36,30.4,0.33,0.55

148,15.08,0.26,74.0,601.8,1.22,31.33,0.4,0.55
149,29.69,0.22,78.0,403.47,2.08,35.96,0.46,0.55
149,33.66,0.2,80.0,387.17,2.58,37.06,0.34,0.55
150,22.54,0.25,75.0,439.1,1.76,34.36,0.47,0.51

151,29.66,0.17,83.0,525.68,2.71,36.95,0.5,1.04
151,28.52,0.18,82.0,511.55,2.45,37.02,0.49,1.04
151,28.32,0.17,83.0,528.64,2.57,37.12,0.53,1.04
151,34.87,0.14,86.0,515.39,2.49,37.6,0.5,1.04
152,28.87,0.21,79.0,449.84,1.73,33.29,0.41,1.14
152,63.15,0.05,95.0,319.35,3.11,40.51,0.25,1.1415152,21.87,0.26,74.0,442.66,1.73,31.99,0.42,1.14
153,59.36,0.0,100.0,392.71,4.12,38.62,0.69,0.5
153,60.65,0.0,100.0,368.92,4.0,38.84,0.67,0.5
153,61.67,0.0,100.0,360.86,4.12,38.66,0.62,0.5
154,38.37,0.16,84.0,466.65,3.19,33.94,0.2,0.5

154,24.2,0.2,80.0,545.17,1.76,38.37,0.5,0.5
155,16.03,0.32,68.0,280.26,1.0,30.16,0.56,0.75
155,17.12,0.32,68.0,276.98,1.0,30.34,0.53,0.75
55,16.22,0.32,68.0,285.18,1.0,29.88,0.55,0.76
156,68.04,0.02,98.0,269.25,2.29,39.18,0.49,0.8
156,68.38,0.02,98.0,270.23,2.18,39.73,0.5,0.8
156,76.37,0.01,99.0,234.66,2.95,39.23,0.22,0.8
157,28.93,0.19,81.0,485.84,2.35,32.93,0.49,0.157,34.04,0.16,84.0,478.78,2.42,33.3,0.44,0.68

157,27.83,0.19,81.0,488.76,2.32,32.91,0.54,0.68
157,11.95,0.26,74.0,612.22,1.99,30.22,0.47,0.68
158,38.81,0.13,87.0,464.26,1.85,35.74,0.61,0.931158,36.65,0.14,86.0,461.42,1.8,35.18,0.65,0.93158,44.61,0.12,88.0,369.42,2.01,36.58,0.64,0.93
159,-3.43,0.35,65.0,603.48,1.43,27.42,0.7,0.87159,-1.54,0.34,66.0,601.56,1.21,27.77,0.72,0.87
159,0.11,0.33,67.0,599.01,1.73,26.77,0.68,0.87
160,55.47,0.01,99.0,476.63,2.65,41.0,0.59,1.02
160,58.54,0.0,100.0,475.22,2.7,41.21,0.55,1.02

160,57.19,0.0,100.0,474.17,2.74,41.16,0.56,1.02
160,54.74,0.01,99.0,477.69,2.61,40.95,0.6,1.02
161,15.54,0.29,71.0,388.92,1.63,30.5,0.6,1.05
161,16.48,0.28,72.0,398.81,1.83,30.15,0.63,1.05
161,11.19,0.3,70.0,493.86,1.0,31.23,0.55,1.05
162,53.85,0.0,100.0,526.81,4.12,39.13,0.5,0.9
162,54.33,0.0,100.0,526.4,4.24,38.25,0.49,0.9

162,60.24,0.0,100.0,435.26,4.28,38.11,0.47,0.9
163,9.78,0.33,67.0,444.5,1.0,25.78,0.33,0.74
163,7.87,0.31,69.0,566.9,1.22,26.99,0.48,0.74
163,4.21,0.32,68.0,600.4,1.0,25.39,0.51,0.74

164,48.91,0.01,99.0,590.15,2.51,39.14,0.65,0.56
164,48.56,0.01,99.0,591.53,2.44,39.29,0.68,0.56
164,47.74,0.01,99.0,590.03,2.48,38.95,0.68,0.56
165,44.45,0.0,100.0,528.79,8.56,20.56,0.71,1.19
165,44.66,0.0,100.0,523.9,8.56,20.44,0.71,1.19

165,44.36,0.0,100.0,525.15,8.64,20.37,0.69,1.19
165,43.57,0.0,100.0,531.01,8.56,20.6,0.72,1.19

166,58.1,0.03,97.0,464.36,2.99,38.42,0.36,0.5

166,58.8,0.03,97.0,454.94,3.11,38.52,0.3,0.5
166,59.47,0.03,97.0,430.85,3.15,38.6,0.29,0.5

167,36.48,0.14,86.0,484.55,1.87,37.67,0.56,0.43
167,26.4,0.22,78.0,439.98,1.81,36.72,0.46,0.43

167,29.79,0.17,83.0,544.44,1.7,38.36,0.49,0.43
168,19.11,0.26,74.0,446.49,2.01,32.31,0.55,0.41
168,19.68,0.27,73.0,451.75,1.67,32.16,0.36,0.41
168,12.33,0.3,70.0,441.96,1.83,31.62,0.6,0.41

169,38.98,0.19,81.0,329.53,1.96,32.67,0.38,0.42
169,42.06,0.18,82.0,306.5,2.05,32.4,0.32,0.42
169,39.3,0.19,81.0,312.37,2.22,35.25,0.39,0.42
170,70.57,0.0,100.0,324.88,3.44,37.61,0.26,0.44
170,58.62,0.01,99.0,498.54,3.88,32.14,0.31,0.44
170,56.63,0.01,99.0,500.94,3.86,31.83,0.39,0.44
170,67.99,0.01,99.0,336.01,3.39,37.92,0.33,0.44
170,60.09,0.03,97.0,407.63,3.3,36.69,0.33,0.44
171,49.54,0.0,100.0,589.44,5.52,29.55,0.47,0.48
171,54.83,0.0,100.0,464.61,6.0,27.45,0.49,0.48

172,33.66,0.22,78.0,425.85,1.44,35.0,0.32,0.57
172,30.95,0.22,78.0,434.49,1.28,35.69,0.53,0.56
172,25.03,0.25,75.0,439.37,1.24,34.5,0.57,0.56

173,53.75,0.0,100.0,506.67,4.12,45.24,0.56,0.42173,53.53,0.0,100.0,506.54,4.16,45.18,0.56,0.42

173,54.3,0.0,100.0,517.6,4.12,45.27,0.54,0.42
174,35.34,0.15,85.0,463.67,4.71,28.28,0.4,0.7217174,42.32,0.1,90.0,481.87,5.36,27.05,0.39,0.73

174,53.96,0.0,100.0,530.57,7.72,21.71,0.28,0.73
175,65.55,0.01,99.0,305.82,2.69,39.82,0.54,0.811175,65.99,0.02,98.0,302.4,2.76,39.37,0.46,0.81

5,70.68,0.0,100.0,298.55,2.66,40.3,0.51,0.81
176,30.0,0.2,80.0,429.0,1.35,30.17,0.56,0.73


176,43.61,0.1,90.0,406.06,1.9,31.55,0.73,0.73

176,43.48,0.1,90.0,408.16,1.91,31.29,0.73,0.73
177,51.63,0.0,100.0,520.21,5.84,27.86,0.51,0.43
77,51.52,0.0,100.0,531.74,5.52,29.62,0.55,0.43
178,55.99,0.08,92.0,371.45,2.54,39.23,0.27,0.4
178,50.77,0.11,89.0,366.5,2.47,38.31,0.33,0.4
178,53.44,0.04,96.0,516.3,2.51,39.85,0.36,0.4
178,55.06,0.04,96.0,516.18,2.53,39.5,0.29,0.4
179,28.9,0.17,83.0,562.02,1.95,37.63,0.48,0.41

179,30.93,0.19,81.0,430.53,1.78,39.18,0.6,0.41

180,22.27,0.21,79.0,542.39,1.52,36.85,0.55,0.73
180,22.72,0.21,79.0,540.92,1.57,36.37,0.58,0.73
180,22.51,0.21,79.0,539.45,1.62,37.15,0.59,0.73
181,57.95,0.05,95.0,329.4,2.25,40.45,0.56,0.4
181,56.18,0.05,95.0,364.81,2.06,41.36,0.63,0.4
181,53.81,0.05,95.0,445.17,2.65,39.25,0.48,0.4
181,55.93,0.05,95.0,365.42,2.06,41.35,0.62,0.4
182,52.0,0.0,100.0,509.18,6.08,32.47,0.52,0.42

182,40.87,0.0,100.0,678.72,5.2,36.57,0.63,0.42

183,55.05,0.0,100.0,467.74,5.04,38.98,0.58,0.43
183,54.42,0.0,100.0,471.19,5.2,38.5,0.56,0.43
83,50.1,0.0,100.0,539.72,6.48,32.17,0.46,0.43
184,46.68,0.0,100.0,591.32,5.12,37.83,0.6,0.58

184,54.36,0.01,99.0,485.43,4.24,41.35,0.53,0.58
185,52.07,0.02,98.0,525.55,3.37,36.37,0.49,0.42
185,62.51,0.02,98.0,364.61,3.37,37.46,0.38,0.42
186,52.75,0.0,100.0,567.55,4.0,39.87,0.43,0.781186,54.1,0.0,100.0,570.64,4.0,40.03,0.4,0.77


6,53.43,0.0,100.0,569.87,4.0,40.02,0.41,0.77
187,35.74,0.21,79.0,338.11,1.66,34.81,0.35,0.79
87,41.06,0.18,82.0,333.32,1.72,35.57,0.35,0.79
187,44.52,0.15,85.0,340.07,1.66,35.8,0.49,0.79
187,42.82,0.15,85.0,328.15,1.72,36.93,0.54,0.79
187,10.67,0.35,65.0,399.86,1.74,28.96,0.2,0.79
188,19.59,0.27,73.0,444.31,3.78,24.28,0.24,0.82
188,22.28,0.25,75.0,450.44,3.33,26.31,0.25,0.82
188,24.17,0.25,75.0,454.81,3.24,25.87,0.18,0.82
189,49.15,0.0,100.0,575.77,7.68,21.68,0.31,0.87
189,50.69,0.0,100.0,614.56,6.4,29.38,0.29,0.87

189,45.75,0.0,100.0,634.22,7.84,20.96,0.39,0.87
189,49.4,0.0,100.0,622.64,6.72,27.0,0.27,0.87
190,37.69,0.2,80.0,296.83,2.61,36.28,0.44,0.47
190,36.21,0.2,80.0,300.7,2.58,36.89,0.47,0.47
190,37.24,0.2,80.0,291.25,2.39,37.31,0.42,0.47
190,22.27,0.2,80.0,615.03,2.61,36.1,0.35,0.47
190,23.35,0.23,77.0,503.45,2.52,35.12,0.34,0.47
191,53.92,0.03,97.0,467.1,5.44,28.21,0.35,0.45

191,55.07,0.03,97.0,452.65,5.53,27.81,0.34,0.45
191,53.47,0.03,97.0,461.93,5.3,29.26,0.38,0.45

192,57.03,0.03,97.0,476.75,2.74,35.92,0.32,0.49
192,54.72,0.03,97.0,476.95,2.37,36.0,0.44,0.49

192,58.54,0.01,99.0,512.82,2.53,36.94,0.35,0.49
193,60.36,0.02,98.0,416.85,4.18,37.63,0.36,0.5
193,61.0,0.01,99.0,436.47,4.4,36.72,0.3,0.5

194,31.55,0.2,80.0,416.63,1.48,38.46,0.49,0.48194,22.48,0.26,74.0,415.38,1.62,36.05,0.45,0.4194,13.97,0.29,71.0,504.53,1.65,35.92,0.35,0.48
194,18.26,0.28,72.0,422.87,1.28,35.31,0.54,0.48
195,25.34,0.24,76.0,446.81,1.47,33.28,0.45,0.62
195,29.56,0.18,82.0,564.33,2.39,33.47,0.17,0.62
196,23.6,0.24,76.0,426.92,2.38,30.04,0.42,0.41
196,25.6,0.22,78.0,443.26,2.31,31.06,0.49,0.41
196,18.94,0.26,74.0,435.75,2.5,29.21,0.5,0.41

197,65.68,0.0,100.0,271.68,8.32,19.33,0.41,0.39
197,60.7,0.0,100.0,358.25,8.0,19.68,0.47,0.39

197,55.69,0.0,100.0,483.69,8.24,19.16,0.31,0.39
198,15.27,0.3,70.0,504.37,2.46,34.33,0.1,0.77
98198,7.99,0.33,67.0,459.45,2.43,31.19,0.43,0.77
198,3.86,0.35,65.0,561.34,1.83,32.25,0.24,0.77
199,42.59,0.15,85.0,395.64,2.28,35.82,0.31,0.7319199,37.5,0.18,82.0,403.41,2.07,35.35,0.34,0.73

199,43.05,0.15,85.0,402.02,2.16,37.0,0.3,0.73
199,37.18,0.18,82.0,402.57,2.06,35.25,0.33,0.73
199,42.95,0.14,86.0,406.84,2.06,36.0,0.31,0.73
200,57.33,0.01,99.0,501.48,3.21,37.13,0.31,0.47
201,54.31,0.0,100.0,502.68,6.08,30.89,0.35,0.41
201,57.83,0.0,100.0,483.83,5.96,31.27,0.25,0.41
202,21.27,0.24,76.0,530.03,1.92,28.81,0.33,0.4
202,26.46,0.21,79.0,522.23,1.89,29.34,0.28,0.4
202,24.25,0.22,78.0,529.1,1.81,29.1,0.38,0.4
203,-2.96,0.37,63.0,568.22,2.67,26.82,0.44,0.36
203,-6.46,0.39,61.0,569.05,2.2,27.17,0.51,0.36
203,-2.65,0.37,63.0,561.22,3.0,26.33,0.39,0.36
203,-5.12,0.39,61.0,565.88,2.46,26.61,0.44,0.36
204,36.69,0.18,82.0,383.13,3.05,36.42,0.32,0.5204,31.02,0.18,82.0,498.0,2.39,36.06,0.42,0.59
204,204,31.28,0.18,82.0,495.7,2.21,35.91,0.45,0.59
205,66.24,0.0,100.0,279.23,4.64,39.6,0.63,0.4

205,67.3,0.0,100.0,263.26,5.08,36.94,0.55,0.4

205,66.0,0.0,100.0,281.49,4.72,38.68,0.62,0.4

206,68.81,0.01,99.0,211.11,4.57,34.12,0.58,0.76
206,69.32,0.01,99.0,221.5,5.41,31.52,0.48,0.76

207,14.54,0.27,73.0,552.68,2.75,33.22,0.35,0.8
207,9.93,0.3,70.0,551.82,2.84,31.15,0.35,0.8


207,6.33,0.31,69.0,555.64,2.64,31.48,0.42,0.8
208,29.36,0.22,78.0,437.83,1.53,36.17,0.36,0.76
208,34.0,0.23,77.0,325.02,1.86,33.41,0.22,0.76

209,48.52,0.0,100.0,632.18,3.16,38.89,0.54,0.47
209,48.97,0.0,100.0,623.81,3.06,39.02,0.51,0.47
210,60.47,0.11,89.0,195.69,1.93,38.61,0.39,0.62
210,74.43,0.01,99.0,299.22,2.0,41.87,0.32,0.62
210,73.01,0.01,99.0,295.29,2.0,41.81,0.38,0.62
211,17.94,0.27,73.0,487.31,2.44,22.31,0.35,0.46
211,20.17,0.25,75.0,489.12,2.21,22.99,0.34,0.46
211,16.78,0.27,73.0,513.46,2.53,21.83,0.34,0.46
212,56.18,0.1,90.0,267.07,2.63,36.4,0.34,0.58

212,52.03,0.13,87.0,264.25,2.69,35.58,0.31,0.58212,53.9,0.12,88.0,261.6,2.77,36.02,0.27,0.58
213,47.76,0.06,94.0,471.82,3.06,32.97,0.61,0.43
213,47.83,0.05,95.0,476.19,2.57,35.25,0.69,0.43
213,46.21,0.06,94.0,477.85,2.7,34.92,0.68,0.43
214,35.54,0.19,81.0,366.54,1.7,36.87,0.56,0.45

214,21.86,0.25,75.0,430.81,1.67,34.1,0.58,0.45

215,9.42,0.27,73.0,656.5,1.86,37.25,0.45,0.46


216,30.4,0.14,86.0,608.57,3.06,36.73,0.42,0.45
216,31.22,0.13,87.0,611.07,3.0,37.3,0.45,0.45

216,10.81,0.27,73.0,634.13,2.27,32.51,0.43,0.45
216,26.67,0.15,85.0,618.19,3.05,36.48,0.52,0.45
216,30.05,0.13,87.0,626.66,2.93,37.27,0.51,0.45
217,50.21,0.02,98.0,618.43,3.02,36.84,0.32,0.45
217,58.1,0.02,98.0,482.9,2.35,36.96,0.39,0.45

218,67.24,0.0,100.0,319.17,3.74,37.69,0.45,0.51
218,67.04,0.0,100.0,323.72,3.84,37.17,0.45,0.51
218,65.28,0.0,100.0,335.02,4.02,37.0,0.45,0.51
218,65.39,0.0,100.0,332.87,3.92,37.46,0.52,0.51
219,15.74,0.26,74.0,535.89,2.27,28.95,0.41,0.39
219,14.55,0.27,73.0,534.47,2.11,28.37,0.41,0.39
220,33.58,0.16,84.0,549.29,2.07,42.48,0.28,0.59
221,47.94,0.04,96.0,541.04,3.12,31.97,0.52,0.59
221,49.23,0.03,97.0,541.73,3.03,32.48,0.51,0.59
222,35.8,0.16,84.0,491.53,2.81,44.98,0.24,0.44
222,34.19,0.15,85.0,546.36,2.66,45.06,0.36,0.44
222,28.28,0.2,80.0,456.68,2.11,44.04,0.54,0.44
223,64.03,0.0,100.0,381.55,4.52,39.48,0.41,0.89
223,62.54,0.0,100.0,380.8,4.4,40.76,0.51,0.89


223,64.32,0.0,100.0,380.23,4.4,40.0,0.47,0.89

223,63.57,0.0,100.0,374.15,4.56,39.55,0.48,0.88
224,58.21,0.05,95.0,352.7,2.0,36.99,0.54,0.75


224,58.31,0.05,95.0,352.76,2.0,36.85,0.51,0.75224,58.42,0.05,95.0,355.16,2.15,36.56,0.5,0.75
225,38.94,0.12,88.0,572.82,1.73,33.3,0.3,0.81

225,56.59,0.03,97.0,449.23,1.88,34.63,0.55,0.81
225,47.23,0.1,90.0,427.35,1.78,33.82,0.49,0.81

226,44.71,0.13,87.0,365.34,2.4,34.55,0.49,0.63

226,44.78,0.13,87.0,357.09,2.4,34.76,0.44,0.63

226,51.49,0.14,86.0,242.47,2.05,35.31,0.35,0.63
227,16.0,0.26,74.0,451.05,3.2,40.44,0.64,0.71
227,22.27,0.22,78.0,430.42,3.38,42.39,0.69,0.71
227,21.48,0.27,73.0,374.48,1.95,37.6,0.55,0.71
227,11.55,0.33,67.0,374.15,1.87,36.7,0.59,0.71

228,30.89,0.24,76.0,356.98,1.84,38.58,0.11,0.45
228,29.44,0.23,77.0,304.01,2.69,39.96,0.42,0.45
229,58.84,0.04,96.0,337.54,2.52,36.71,0.61,1.04
230,25.11,0.25,75.0,339.13,1.6,34.48,0.61,0.38

230,21.04,0.27,73.0,335.73,1.41,33.67,0.67,0.38
231,57.86,0.02,98.0,452.51,3.14,33.51,0.51,0.51
231,56.63,0.03,97.0,394.28,4.74,28.32,0.44,0.51
232,58.81,0.02,98.0,411.99,3.0,41.01,0.38,0.79

232,63.5,0.02,98.0,388.67,3.37,41.64,0.3,0.79


232,63.83,0.02,98.0,353.11,3.35,41.94,0.4,0.79

232,64.72,0.02,98.0,331.71,3.37,42.25,0.47,0.79
233,32.3,0.18,82.0,330.88,5.95,20.08,0.6,0.82

233,28.27,0.24,76.0,284.58,3.24,25.43,0.56,0.82
233,49.36,0.12,88.0,283.67,3.51,29.24,0.5,0.82

234,26.44,0.22,78.0,454.5,2.58,33.28,0.42,0.66
234,38.64,0.15,85.0,444.58,3.25,34.2,0.39,0.66

234,42.34,0.14,86.0,405.64,3.95,30.39,0.26,0.66
235,41.54,0.14,86.0,282.17,7.57,19.05,0.46,0.78
235,46.38,0.11,89.0,264.54,6.61,20.21,0.63,0.78
235,40.22,0.15,85.0,296.72,7.56,19.12,0.45,0.78
235,40.01,0.14,86.0,291.38,7.05,19.84,0.47,0.78
236,61.57,0.07,93.0,274.35,3.2,35.49,0.4,0.64

236,57.82,0.07,93.0,277.69,5.34,28.63,0.42,0.64
236,59.26,0.07,93.0,268.7,5.47,29.61,0.35,0.64
236,50.06,0.12,88.0,260.69,6.04,27.02,0.45,0.64
236,59.73,0.07,93.0,259.92,5.44,27.7,0.41,0.64
237,64.66,0.01,99.0,385.6,2.89,43.86,0.42,1.17

237,54.81,0.01,99.0,536.41,2.85,44.08,0.45,1.17
238,53.89,0.06,94.0,441.49,2.21,45.45,0.41,0.36
238,51.33,0.07,93.0,443.92,2.15,45.31,0.41,0.36
238,54.36,0.06,94.0,412.38,2.04,45.37,0.54,0.36
239,63.74,0.02,98.0,285.4,4.49,35.34,0.58,0.84

239,64.91,0.01,99.0,286.1,4.24,37.0,0.6,0.84
4
239,65.77,0.0,100.0,289.81,4.43,36.18,0.6,0.84
240,58.84,0.04,96.0,230.78,8.67,17.31,0.49,0.77
240,49.46,0.09,91.0,236.83,9.32,16.62,0.44,0.77
240,57.44,0.05,95.0,224.59,8.34,18.29,0.55,0.77
241,33.54,0.16,84.0,471.48,2.11,34.57,0.63,1.15241,32.23,0.17,83.0,428.49,1.9,35.26,0.67,1.15

241,32.64,0.17,83.0,422.63,1.93,34.96,0.68,1.15
242,62.07,0.0,100.0,353.83,6.64,25.23,0.44,0.37
242,60.74,0.0,100.0,365.23,6.38,25.07,0.53,0.37
242,59.76,0.01,99.0,343.09,6.93,23.86,0.53,0.37
243,34.04,0.24,76.0,184.67,2.29,30.74,0.6,0.71
243,28.25,0.23,77.0,335.18,1.73,32.43,0.64,0.71
243,33.9,0.24,76.0,181.94,1.74,31.91,0.65,0.71
243,31.8,0.23,77.0,249.31,1.36,33.76,0.71,0.71
244,58.82,0.02,98.0,446.69,3.1,40.53,0.39,0.82
244,57.53,0.03,97.0,437.89,2.99,40.44,0.39,0.82
244,60.19,0.02,98.0,434.72,2.92,40.93,0.38,0.82
245,61.04,0.0,100.0,314.86,7.2,20.7,0.6,0.8

245,60.52,0.0,100.0,314.0,7.08,21.53,0.61,0.8
245,60.16,0.0,100.0,323.2,7.0,20.85,0.61,0.8
245,60.6,0.0,100.0,316.68,7.0,21.22,0.63,0.8
246,45.83,0.17,83.0,234.03,2.32,32.39,0.34,0.792246,33.04,0.22,78.0,299.65,1.45,32.18,0.53,0.79
46,49.68,0.15,85.0,239.91,2.4,33.87,0.29,0.79
247,61.14,0.03,97.0,366.37,2.1,40.21,0.49,0.78

247,59.11,0.02,98.0,448.91,2.18,40.27,0.45,0.78
247,62.78,0.02,98.0,372.83,2.22,40.33,0.45,0.78
248,32.4,0.23,77.0,303.68,2.82,37.93,0.29,0.39
248,52.28,0.12,88.0,278.07,2.59,41.88,0.35,0.39248,58.89,0.08,92.0,276.46,2.68,42.21,0.41,0.39
248,54.21,0.1,90.0,277.13,2.72,41.74,0.41,0.39
249,66.77,0.02,98.0,241.39,2.27,43.27,0.69,0.77249,67.13,0.02,98.0,241.39,2.27,43.27,0.68,0.78

250,67.27,0.0,100.0,297.24,2.94,35.14,0.58,0.43
250,61.69,0.02,98.0,367.48,6.0,22.97,0.23,0.43

250,64.75,0.02,98.0,283.14,2.73,35.98,0.64,0.43
