1,-27.17,0.5,50.0,182.69,5.78,10.65,0.55,0.68

1,-47.74,0.64,36.0,198.06,5.94,10.94,0.55,0.68
2,-17.14,0.45,55.0,255.17,12.84,11.14,0.5,0.69
2,-34.86,0.54,46.0,242.41,13.56,7.04,0.59,0.69
2,-20.45,0.46,54.0,253.3,12.92,9.39,0.53,0.7

2,-30.43,0.51,49.0,235.06,13.91,6.78,0.6,0.7
2,-30.35,0.52,48.0,273.37,12.76,8.74,0.48,0.7
3,-26.97,0.49,51.0,278.89,13.22,9.19,0.59,0.52
3,-29.5,0.49,51.0,281.08,13.09,8.7,0.59,0.52
4,-36.97,0.54,46.0,385.87,12.42,10.11,0.62,1.33
4,-36.57,0.55,45.0,396.2,12.26,10.37,0.59,1.33
5,-18.07,0.48,52.0,403.83,11.41,8.69,0.43,1.16
5,-39.0,0.62,38.0,454.41,10.69,11.56,0.4,1.16

,-24.94,0.51,49.0,425.98,12.15,7.7,0.49,1.16
6,-5.87,0.44,56.0,271.43,8.23,16.68,0.27,0.71
6,-3.69,0.43,57.0,290.24,8.0,18.43,0.31,0.71

6,-5.53,0.42,58.0,269.92,8.61,17.51,0.32,0.71
7,-6.11,0.42,58.0,303.8,8.02,19.1,0.37,1.0
0
7,-5.63,0.43,57.0,292.21,8.16,17.14,0.32,1.0

8,43.85,0.21,79.0,248.37,2.68,38.94,0.12,0.88
8,41.94,0.22,78.0,240.66,2.72,35.71,0.14,0.88
8,28.76,0.29,71.0,287.83,2.6,34.88,0.17,0.88
9,-17.17,0.47,53.0,493.99,9.69,19.7,0.44,0.92

9,2.77,0.38,62.0,518.3,9.42,22.29,0.34,0.92

9,-6.54,0.42,58.0,400.38,10.52,16.15,0.41,0.92
10,57.29,0.15,85.0,394.16,4.11,31.83,0.08,1.1110,26.62,0.32,68.0,432.35,4.87,25.92,0.15,1.11
11,28.3,0.27,73.0,438.08,4.96,34.62,0.15,0.88

11,24.87,0.16,84.0,407.8,4.83,41.81,0.48,0.88

11,31.88,0.18,82.0,405.23,4.96,40.1,0.43,0.88

12,42.34,0.15,85.0,413.36,2.35,39.83,0.24,0.74
12,43.5,0.17,83.0,403.13,2.32,39.67,0.27,0.74
12,53.21,0.13,87.0,398.08,2.57,39.0,0.23,0.74
12,54.21,0.14,86.0,421.91,2.47,39.99,0.22,0.74
13,14.7,0.35,65.0,455.46,3.63,25.6,0.13,0.75


13,34.96,0.25,75.0,494.35,5.09,26.6,0.04,0.75
13,24.1,0.31,69.0,584.03,4.03,26.8,0.2,0.75
13,29.53,0.26,74.0,480.05,5.1,26.95,0.19,0.75
14,56.78,0.08,92.0,227.69,4.18,26.0,0.26,1.26
4,59.14,0.07,93.0,205.77,3.72,26.21,0.22,1.26
14,41.06,0.19,81.0,325.13,4.6,23.43,0.22,1.26
14,51.1,0.16,84.0,353.94,4.06,26.4,0.24,1.26
14,57.0,0.12,88.0,232.47,5.22,21.25,0.11,1.27
14,42.07,0.21,79.0,302.01,3.82,22.39,0.21,1.26
15,23.37,0.23,77.0,423.71,2.05,35.43,0.36,0.64
15,37.42,0.15,85.0,523.61,3.02,33.96,0.36,0.64
15,37.31,0.15,85.0,415.72,2.68,34.36,0.32,0.64
15,19.51,0.21,79.0,520.56,3.22,35.37,0.4,0.64
16,34.5,0.13,87.0,532.04,3.87,37.15,0.43,1.34
16,51.91,0.08,92.0,550.64,4.09,36.67,0.4,1.34

17,37.9,0.22,78.0,426.41,3.21,30.58,0.25,0.58
17,29.61,0.21,79.0,450.47,3.78,27.73,0.33,0.59
17,35.49,0.18,82.0,425.0,3.46,27.88,0.28,0.59
18,32.02,0.17,83.0,370.13,3.29,29.96,0.44,1.0118,21.91,0.21,79.0,367.44,3.36,30.38,0.46,1.01
8,28.71,0.16,84.0,375.67,3.02,32.01,0.45,1.01
19,42.6,0.16,84.0,466.74,6.29,31.53,0.32,0.51

19,46.88,0.15,85.0,487.53,6.82,29.63,0.24,0.51
19,38.97,0.18,82.0,615.43,7.07,30.19,0.31,0.51
20,37.94,0.16,84.0,407.11,3.4,37.65,0.38,0.53

20,31.09,0.11,89.0,407.14,3.18,39.75,0.55,0.53
20,42.93,0.1,90.0,393.79,3.32,39.79,0.47,0.53
21,48.77,0.11,89.0,499.32,10.88,14.33,0.33,0.63
21,53.48,0.15,85.0,469.36,10.54,15.49,0.2,0.63

21,54.37,0.13,87.0,462.79,10.67,15.02,0.2,0.63
21,53.66,0.12,88.0,461.38,10.45,15.28,0.22,0.63
22,19.16,0.22,78.0,447.18,3.57,35.39,0.46,1.2

22,14.51,0.21,79.0,498.31,3.32,35.95,0.57,1.19
23,50.46,0.13,87.0,439.34,8.28,24.82,0.34,0.53
23,34.62,0.11,89.0,524.51,7.98,25.86,0.43,0.53
23,52.84,0.13,87.0,403.71,10.21,21.1,0.31,0.53
24,44.25,0.19,81.0,552.61,3.43,31.55,0.15,0.5124,56.96,0.16,84.0,475.48,3.4,34.97,0.05,0.51

25,37.77,0.21,79.0,414.57,7.04,23.84,0.11,0.8225,25.13,0.3,70.0,415.29,5.68,24.17,0.14,0.82
25,5.8,0.36,64.0,516.33,6.07,22.77,0.19,0.82

26,30.13,0.11,89.0,316.56,4.57,36.73,0.54,0.7226,28.3,0.08,92.0,327.07,4.46,37.43,0.56,0.726,23.55,0.1,90.0,322.16,4.6,36.69,0.52,0.7
26,34.04,0.08,92.0,330.55,5.3,35.86,0.49,0.7
26,44.6,0.12,88.0,198.73,9.05,27.1,0.39,0.7
27,42.04,0.19,81.0,529.23,1.65,35.79,0.25,0.7827,40.55,0.14,86.0,445.82,1.76,37.65,0.33,0.78227,38.99,0.21,79.0,610.08,1.68,37.89,0.25,0.78
28,48.55,0.1,90.0,390.62,7.14,21.8,0.32,0.64

28,52.52,0.11,89.0,402.07,6.43,23.37,0.2,0.64

28,52.02,0.17,83.0,438.74,6.19,24.04,0.13,0.64
29,81.75,0.01,99.0,468.58,5.1,39.39,0.19,0.85

29,68.02,0.05,95.0,581.3,5.34,38.18,0.21,0.85
29,73.87,0.05,95.0,504.02,5.83,37.11,0.16,0.8529,67.53,0.03,97.0,590.05,4.56,41.13,0.25,0.85
30,55.02,0.09,91.0,500.29,3.77,30.27,0.26,0.8230,39.38,0.13,87.0,562.1,3.61,29.99,0.36,0.82
30,50.1,0.12,88.0,534.15,4.16,28.03,0.23,0.82
30,46.5,0.14,86.0,544.65,5.17,27.12,0.31,0.82
31,53.38,0.01,99.0,517.6,5.11,31.55,0.31,0.75

31,59.0,0.0,100.0,501.85,4.56,33.34,0.35,0.75
31,70.21,0.0,100.0,439.24,5.62,31.36,0.24,0.75
32,50.03,0.15,85.0,534.35,7.61,24.33,0.21,0.8632,50.04,0.15,85.0,535.81,7.53,25.5,0.23,0.85

33,72.24,0.03,97.0,534.99,2.78,39.18,0.18,0.9833,74.92,0.02,98.0,520.96,2.69,39.53,0.18,0.98

33,79.37,0.0,100.0,507.73,3.08,39.64,0.17,0.98
33,71.68,0.02,98.0,543.13,2.98,39.2,0.13,0.98
34,47.12,0.12,88.0,379.61,5.61,24.74,0.23,0.49
34,50.11,0.12,88.0,476.0,7.2,20.48,0.33,0.49

34,52.96,0.14,86.0,498.93,6.21,22.78,0.16,0.49
35,30.7,0.26,74.0,447.34,5.69,28.51,0.16,0.94

35,38.53,0.19,81.0,451.47,5.22,29.7,0.26,0.94

35,32.91,0.27,73.0,468.2,5.56,26.43,0.13,0.94
35,38.3,0.21,79.0,474.2,5.78,28.18,0.23,0.94
36,52.25,0.15,85.0,476.02,5.76,25.18,0.23,0.76
36,24.41,0.22,78.0,397.92,3.61,26.88,0.43,0.76
36,52.64,0.14,86.0,408.56,6.22,23.76,0.18,0.76
37,55.64,0.12,88.0,467.45,2.6,38.99,0.13,0.82

37,68.59,0.09,91.0,463.45,2.68,40.51,0.14,0.81
38,71.67,0.02,98.0,271.99,10.49,20.85,0.19,0.6538,54.9,0.04,96.0,225.21,6.96,26.63,0.38,0.65
39,80.32,0.02,98.0,390.08,4.94,31.58,0.2,0.74

39,78.73,0.02,98.0,426.52,5.31,29.86,0.15,0.74
39,79.95,0.03,97.0,444.7,4.78,32.0,0.09,0.74

39,70.4,0.03,97.0,420.52,4.91,31.5,0.22,0.74
40,68.7,0.0,100.0,438.86,6.48,29.81,0.2,0.76

40,73.02,0.0,100.0,431.26,6.56,30.17,0.17,0.76
41,39.0,0.15,85.0,508.11,4.99,31.59,0.34,0.88
441,46.29,0.12,88.0,336.67,7.57,30.13,0.37,0.88
42,35.49,0.1,90.0,440.23,4.22,28.6,0.45,0.78

42,35.31,0.21,79.0,473.59,4.57,27.51,0.2,0.78
42,30.89,0.13,87.0,398.87,3.33,31.25,0.46,0.78
42,24.23,0.15,85.0,426.14,4.42,27.04,0.45,0.78
42,43.92,0.09,91.0,421.62,5.08,27.85,0.43,0.78
43,49.19,0.22,78.0,395.76,1.31,38.08,0.19,0.92
43,37.87,0.21,79.0,386.56,1.26,37.25,0.22,0.92
44,68.34,0.02,98.0,474.89,3.2,39.96,0.2,0.65

44,75.99,0.02,98.0,467.06,3.08,39.12,0.19,0.65
45,65.43,0.06,94.0,438.48,5.29,31.82,0.15,0.82
45,64.32,0.11,89.0,461.62,4.66,32.58,0.13,0.82
45,68.93,0.08,92.0,485.41,4.74,32.6,0.14,0.82

46,25.34,0.28,72.0,532.07,3.4,25.47,0.32,0.82

46,44.62,0.21,79.0,509.75,5.06,23.92,0.19,0.82
46,31.29,0.27,73.0,536.66,4.88,22.11,0.15,0.82
47,55.63,0.14,86.0,313.02,3.62,37.53,0.12,0.86
47,65.4,0.09,91.0,333.47,4.87,35.79,0.22,0.86

48,77.83,0.02,98.0,305.63,6.11,29.21,0.16,0.54
49,50.02,0.14,86.0,358.97,4.86,31.84,0.23,0.54
50,34.1,0.23,77.0,435.71,4.47,27.71,0.23,0.71

50,40.02,0.14,86.0,331.99,7.38,23.28,0.36,0.71
50,41.42,0.2,80.0,437.73,6.87,21.82,0.16,0.71
51,39.16,0.12,88.0,444.54,6.61,26.61,0.33,0.99
51,39.31,0.16,84.0,370.52,6.8,24.37,0.28,0.99

52,73.88,0.03,97.0,384.22,5.56,32.13,0.17,0.59
53,27.92,0.23,77.0,452.45,11.11,18.02,0.3,1.0
53,49.81,0.16,84.0,392.87,8.43,24.13,0.1,1.0

54,53.06,0.17,83.0,369.73,4.44,33.21,0.09,1.35
54,25.59,0.24,76.0,503.41,5.68,32.57,0.3,1.35
4,23.51,0.23,77.0,286.7,3.3,34.06,0.36,1.35
55,26.07,0.24,76.0,484.84,7.48,22.45,0.32,0.95
55,38.74,0.12,88.0,414.77,8.82,21.39,0.41,0.95
55,32.39,0.23,77.0,476.96,8.97,20.52,0.29,0.95
56,56.5,0.12,88.0,372.05,7.49,22.85,0.16,0.68
56,49.88,0.18,82.0,380.02,6.4,23.26,0.13,0.68

56,67.05,0.08,92.0,310.34,7.82,25.55,0.19,0.68
57,76.94,0.0,100.0,402.14,7.7,28.58,0.17,1.05

57,80.64,0.01,99.0,356.19,9.08,21.49,0.14,1.05
58,80.98,0.02,98.0,335.07,3.49,43.51,0.13,0.98
58,73.61,0.01,99.0,412.4,3.7,43.71,0.2,0.98


59,64.97,0.01,99.0,399.76,3.07,40.76,0.31,0.96
59,68.75,0.0,100.0,398.98,3.1,40.53,0.31,0.96

60,43.57,0.17,83.0,441.08,7.42,23.54,0.19,1.07

60,48.84,0.09,91.0,340.23,7.46,23.63,0.36,1.07
60,46.6,0.14,86.0,478.18,9.28,21.52,0.29,1.07
61,72.76,0.04,96.0,344.49,5.58,30.03,0.15,1.15
61,71.08,0.01,99.0,299.42,5.21,32.43,0.2,1.15

62,69.25,0.06,94.0,330.12,3.8,35.32,0.06,0.73

62,73.09,0.01,99.0,379.65,3.95,35.77,0.21,0.73
63,57.21,0.1,90.0,404.98,7.08,20.44,0.27,1.22
63,66.01,0.06,94.0,422.98,7.86,19.94,0.2,1.22
63,66.99,0.06,94.0,435.31,7.68,19.93,0.23,1.22
63,64.96,0.11,89.0,440.18,7.68,20.49,0.16,1.23
63,46.56,0.06,94.0,456.9,7.09,20.08,0.39,1.23
63,57.46,0.08,92.0,447.64,7.78,21.3,0.26,1.22
64,24.15,0.31,69.0,470.93,3.97,29.31,0.2,1.07
64,42.83,0.18,82.0,415.53,4.2,32.13,0.19,1.07
64,28.64,0.23,77.0,371.07,4.0,31.3,0.27,1.07
65,41.93,0.04,96.0,462.66,3.7,39.36,0.39,0.79
65,58.42,0.05,95.0,437.22,4.79,35.57,0.2,0.79

66,63.77,0.02,98.0,406.87,4.52,38.37,0.27,0.57
66,82.47,0.01,99.0,410.81,5.09,37.24,0.12,0.57
67,18.0,0.36,64.0,434.27,1.18,36.48,0.24,0.73

67,30.1,0.23,77.0,369.01,1.56,39.4,0.39,0.73

67,32.15,0.22,78.0,335.44,1.53,39.48,0.39,0.73
68,76.65,0.0,100.0,325.02,3.64,36.5,0.16,0.81

68,73.14,0.01,99.0,323.42,4.06,35.48,0.21,0.81
69,71.54,0.0,100.0,428.37,5.64,28.6,0.2,0.82
669,74.32,0.0,100.0,422.1,5.76,29.29,0.22,0.8269,63.76,0.0,100.0,412.16,5.2,32.03,0.31,0.82
70,18.05,0.28,72.0,543.16,3.92,28.45,0.28,0.72
70,38.16,0.16,84.0,494.57,3.96,34.13,0.36,0.72
70,27.63,0.25,75.0,499.15,4.2,29.07,0.24,0.72
71,67.97,0.0,100.0,311.23,8.8,19.97,0.23,0.91
71,81.39,0.0,100.0,324.74,8.2,24.52,0.17,0.91
71,85.48,0.0,100.0,368.37,8.88,21.75,0.07,0.91
71,80.29,0.0,100.0,356.99,8.2,22.62,0.2,0.91

72,38.61,0.21,79.0,379.67,2.67,36.94,0.19,0.74
72,46.28,0.1,90.0,370.71,2.77,36.86,0.37,0.74
72,49.59,0.11,89.0,364.8,2.64,37.88,0.3,0.74

72,58.26,0.1,90.0,331.37,3.83,36.13,0.23,0.74

73,83.5,0.0,100.0,418.75,6.0,28.7,0.1,0.83
73,85.57,0.0,100.0,411.69,6.0,28.7,0.08,0.83
773,80.19,0.0,100.0,409.22,6.28,27.59,0.09,0.83
74,43.76,0.19,81.0,441.0,2.15,34.29,0.15,0.65

74,37.34,0.15,85.0,417.35,2.11,35.33,0.28,0.65
74,36.55,0.22,78.0,416.66,1.99,33.04,0.23,0.65
74,42.88,0.18,82.0,496.41,1.73,34.33,0.23,0.65
75,49.82,0.18,82.0,479.95,5.49,29.15,0.19,0.92
75,57.42,0.1,90.0,476.4,5.43,31.26,0.22,0.92

75,38.8,0.15,85.0,473.29,5.58,29.73,0.24,0.92

76,51.09,0.12,88.0,420.08,2.93,32.98,0.25,0.88776,41.03,0.09,91.0,412.89,2.51,35.8,0.47,0.88
6,58.37,0.08,92.0,420.4,4.73,31.35,0.16,0.88
76,59.95,0.08,92.0,431.36,4.38,33.2,0.15,0.88
77,65.6,0.03,97.0,463.13,6.03,26.65,0.23,0.95
77,64.47,0.05,95.0,463.0,5.38,27.64,0.16,0.95

77,63.16,0.08,92.0,475.39,5.77,27.04,0.11,0.95
78,68.62,0.09,91.0,473.06,6.33,24.28,0.08,0.69
78,51.72,0.14,86.0,437.59,6.28,22.99,0.13,0.69
78,41.69,0.12,88.0,471.5,4.78,28.24,0.3,0.69

78,47.9,0.1,90.0,470.77,5.84,25.38,0.27,0.69
79,31.39,0.15,85.0,398.47,2.91,38.96,0.43,0.71
79,53.61,0.13,87.0,430.75,3.02,38.05,0.12,0.71
79,52.85,0.17,83.0,442.6,3.02,35.98,0.07,0.71
80,67.06,0.05,95.0,578.99,4.94,31.85,0.24,0.6680,61.21,0.12,88.0,441.69,5.05,29.36,0.06,0.66
,52.66,0.13,87.0,416.36,4.97,30.21,0.19,0.66
81,67.48,0.07,93.0,417.46,2.96,38.68,0.16,0.69
81,61.25,0.05,95.0,462.83,3.26,38.42,0.22,0.69
82,40.12,0.17,83.0,441.51,1.95,32.11,0.29,0.8282,49.22,0.15,85.0,439.21,2.36,30.9,0.23,0.82

83,59.22,0.09,91.0,452.29,4.99,35.68,0.2,0.78

83,57.61,0.13,87.0,453.06,4.03,36.13,0.15,0.78
84,62.06,0.04,96.0,376.49,3.31,38.05,0.23,0.98
84,65.5,0.05,95.0,366.19,2.69,39.98,0.2,0.98

84,45.22,0.05,95.0,485.79,2.19,42.62,0.4,0.98
85,39.54,0.15,85.0,411.03,4.89,27.37,0.43,0.85
85,36.95,0.19,81.0,354.7,6.81,22.34,0.27,0.85

86,75.69,0.01,99.0,482.27,3.41,38.74,0.2,0.74

86,82.29,0.01,99.0,474.34,4.12,36.62,0.21,0.73
86,73.35,0.01,99.0,525.98,4.12,38.32,0.25,0.74
87,51.23,0.11,89.0,464.82,1.82,41.06,0.4,0.79
87,54.19,0.1,90.0,457.55,1.77,41.13,0.37,0.79
87,42.46,0.16,84.0,572.04,1.6,38.36,0.29,0.79

87,42.3,0.2,80.0,530.8,1.62,38.43,0.22,0.79
9
88,62.93,0.11,89.0,425.98,3.89,31.96,0.11,0.76
88,49.21,0.06,94.0,420.62,3.86,30.91,0.38,0.76
89,71.62,0.0,100.0,416.98,5.64,30.62,0.22,0.558989,83.93,0.0,100.0,498.78,5.68,30.65,0.11,0.55
63.64,0.0,100.0,458.47,5.32,32.78,0.33,0.55
90,51.3,0.06,94.0,493.65,5.11,26.83,0.38,0.899090,60.85,0.06,94.0,483.32,4.87,28.37,0.27,0.9
91,57.39,0.0,100.0,455.16,4.96,33.92,0.43,0.78
91,54.1,0.0,100.0,451.14,5.44,32.03,0.41,0.78
92,66.77,0.02,98.0,493.61,14.86,12.21,0.26,0.86
92,61.91,0.03,97.0,519.23,14.12,13.13,0.23,0.86
92,79.57,0.03,97.0,507.57,13.55,13.54,0.09,0.86
93,73.04,0.0,100.0,498.82,13.84,15.77,0.27,0.9493,70.9,0.0,100.0,530.44,13.6,16.81,0.27,0.94

93,73.71,0.0,100.0,537.7,14.08,15.28,0.26,0.94
94,58.58,0.11,89.0,484.89,4.93,27.27,0.1,0.93

94,33.4,0.18,82.0,456.09,5.54,24.33,0.34,0.93

95,57.0,0.12,88.0,502.85,4.5,25.69,0.15,0.62

95,39.46,0.13,87.0,463.69,5.67,22.04,0.32,0.6295,47.04,0.19,81.0,520.71,4.72,24.8,0.18,0.62
96,81.24,0.03,97.0,503.56,3.69,34.73,0.08,0.66
96,73.79,0.02,98.0,461.42,3.9,35.18,0.2,0.66
97,83.34,0.33,67.0,463.75,1.0,29.15,0.08,0.44
98,81.28,0.01,99.0,415.97,3.21,33.53,0.15,0.51
98,77.35,0.02,98.0,380.05,3.41,33.98,0.22,0.5198,83.4,0.01,99.0,461.16,3.45,33.36,0.1,0.51

99,59.52,0.07,93.0,430.35,2.27,43.57,0.27,0.7799,61.35,0.06,94.0,435.37,2.6,43.01,0.22,0.77
100,85.09,0.0,100.0,456.98,9.24,22.61,0.09,0.92
101,32.2,0.25,75.0,307.9,2.16,34.38,0.13,0.66
101,23.63,0.23,77.0,353.36,2.64,35.56,0.21,0.66
101,44.15,0.21,79.0,344.63,2.44,34.75,0.05,0.66
102,21.18,0.26,74.0,392.21,5.26,30.31,0.25,0.49
102,17.05,0.29,71.0,390.71,3.96,32.29,0.35,0.49
103,60.15,0.0,100.0,406.27,6.81,29.91,0.39,1.04
103,63.25,0.03,97.0,412.62,6.73,29.13,0.34,1.04
103,58.13,0.05,95.0,447.31,6.52,28.99,0.26,1.04
103,44.81,0.14,86.0,443.86,9.1,21.14,0.23,1.04
104,45.95,0.09,91.0,429.94,5.21,24.77,0.32,0.73
104,58.19,0.12,88.0,480.74,4.22,27.27,0.14,0.731104,71.19,0.06,94.0,435.76,5.11,25.42,0.15,0.73
105,65.77,0.0,100.0,430.49,7.84,24.71,0.27,0.58

105,64.54,0.0,100.0,423.48,7.3,25.77,0.33,0.58
105,70.27,0.0,100.0,420.78,7.38,25.08,0.35,0.58
106,79.89,0.0,100.0,480.26,8.42,27.32,0.09,0.71
106,66.79,0.01,99.0,426.97,8.0,27.18,0.17,0.71

106,68.0,0.01,99.0,430.08,9.11,25.49,0.2,0.71

107,40.49,0.17,83.0,405.5,4.29,37.73,0.32,0.8

107,64.87,0.05,95.0,474.38,8.42,29.94,0.22,0.8
108,72.38,0.09,91.0,343.11,1.74,37.51,0.12,0.55
108,82.91,0.08,92.0,344.76,1.72,37.36,0.06,0.55
109,51.19,0.11,89.0,385.54,4.63,26.83,0.16,0.59
109,53.04,0.1,90.0,392.79,4.37,28.37,0.2,0.59

109,53.47,0.11,89.0,391.29,4.64,26.43,0.17,0.59
110,70.32,0.02,98.0,381.35,4.34,31.76,0.25,0.54
111,17.78,0.29,71.0,363.15,9.24,19.18,0.29,0.56

111,43.78,0.15,85.0,339.7,10.71,18.85,0.27,0.56

112,39.98,0.04,96.0,382.63,5.79,28.75,0.57,0.58
112,48.91,0.03,97.0,370.78,8.43,24.2,0.45,0.58

113,25.12,0.31,69.0,353.02,3.23,29.14,0.17,0.68
113,52.14,0.13,87.0,294.77,5.02,28.96,0.14,0.68
114,61.86,0.02,98.0,346.33,7.53,27.24,0.27,0.48
115,32.89,0.23,77.0,324.38,4.78,28.48,0.14,0.46
115,44.81,0.1,90.0,448.34,3.9,35.63,0.35,0.46
115,47.1,0.15,85.0,330.88,6.86,27.83,0.21,0.46
116,2.04,0.34,66.0,335.19,2.82,31.21,0.37,0.54116,-2.92,0.36,64.0,320.76,1.8,31.5,0.49,0.54
4
117,62.85,0.02,98.0,343.43,5.55,28.46,0.34,0.61
117,65.21,0.02,98.0,345.42,5.73,27.6,0.33,0.61

118,32.25,0.09,91.0,415.91,8.1,24.18,0.33,0.66

118,66.88,0.04,96.0,376.76,9.88,19.78,0.33,0.66
118,21.52,0.07,93.0,402.02,5.93,29.85,0.56,0.66
119,32.97,0.0,100.0,297.25,7.18,21.83,0.64,0.6511119,36.92,0.0,100.0,281.97,6.98,21.93,0.63,0.65
120,54.24,0.17,83.0,243.49,3.16,36.83,0.09,0.62
120,61.36,0.01,99.0,258.83,3.88,41.04,0.38,0.62
120,23.18,0.23,77.0,297.14,2.68,35.42,0.33,0.62
120,26.49,0.18,82.0,289.46,2.94,37.68,0.45,0.62
121,53.09,0.1,90.0,357.93,6.05,23.13,0.28,0.59

121,57.05,0.02,98.0,364.37,6.58,23.34,0.41,0.59
121,46.9,0.11,89.0,392.36,5.54,26.45,0.39,0.59

122,34.73,0.11,89.0,348.82,1.67,35.12,0.51,1.18
122,33.82,0.11,89.0,347.83,1.64,34.85,0.52,1.18
122,41.5,0.05,95.0,360.04,1.68,36.81,0.53,1.18

122,34.05,0.11,89.0,340.46,1.75,33.95,0.56,1.18
123,0.37,0.29,71.0,477.33,2.06,39.09,0.55,1.06

123,-7.48,0.32,68.0,480.0,2.67,35.09,0.53,1.06

124,61.49,0.0,100.0,287.93,8.32,22.18,0.3,0.67
1124,65.3,0.01,99.0,295.6,10.22,21.16,0.26,0.66

124,63.2,0.0,100.0,295.12,8.08,23.27,0.28,0.66
125,37.6,0.05,95.0,283.79,5.24,31.89,0.53,0.67

125,41.25,0.03,97.0,309.71,11.24,19.52,0.48,0.67
126,58.57,0.07,93.0,246.07,10.99,17.61,0.17,0.89
126,72.18,0.03,97.0,239.53,11.3,18.91,0.24,0.89

126,69.34,0.07,93.0,237.91,10.94,19.22,0.18,0.89
127,42.61,0.12,88.0,291.07,5.26,32.43,0.35,0.59
127,47.93,0.09,91.0,290.08,5.19,33.53,0.32,0.59
127,63.34,0.0,100.0,304.57,8.61,25.9,0.36,0.59

127,43.63,0.1,90.0,293.06,4.61,34.88,0.37,0.59
128,50.28,0.16,84.0,256.61,4.05,27.64,0.15,0.57
128,56.52,0.07,93.0,277.82,5.35,26.49,0.37,0.57
129,32.3,0.12,88.0,321.53,3.0,36.1,0.46,0.68
8
129,36.99,0.03,97.0,341.41,3.43,36.75,0.57,0.68
129,28.07,0.13,87.0,326.97,2.84,36.32,0.42,0.68
130,69.81,0.01,99.0,373.11,5.23,33.29,0.26,0.82130,68.73,0.0,100.0,371.5,4.96,34.77,0.29,0.82

131,23.55,0.24,76.0,372.61,1.87,32.75,0.32,0.68131,27.81,0.23,77.0,376.01,1.88,33.51,0.31,0.68
131,6.96,0.29,71.0,419.25,2.63,26.91,0.5,0.68
132,27.8,0.05,95.0,377.44,13.17,13.37,0.6,0.59
132,45.09,0.05,95.0,340.05,8.05,21.82,0.49,0.59
132,52.61,0.05,95.0,335.9,6.76,29.32,0.35,0.59

133,27.91,0.16,84.0,320.18,5.73,27.13,0.48,0.771133,43.52,0.12,88.0,399.45,9.33,19.23,0.34,0.77

134,49.55,0.18,82.0,284.74,1.62,33.99,0.08,1.07134,42.2,0.21,79.0,291.12,1.3,32.7,0.19,1.07
07
135,58.28,0.01,99.0,310.06,9.78,21.33,0.32,1.0
135,31.02,0.0,100.0,385.49,13.4,14.65,0.65,1.0

135,30.89,0.0,100.0,384.48,13.54,14.86,0.65,1.0
136,47.88,0.12,88.0,328.4,2.72,34.52,0.34,1.05

136,62.33,0.06,94.0,270.27,2.51,38.69,0.3,1.05

137,59.24,0.0,100.0,348.21,3.86,38.8,0.47,0.58

137,56.53,0.0,100.0,350.91,3.86,38.8,0.47,0.58
138,39.44,0.01,99.0,356.46,4.14,37.24,0.56,0.61
139,68.11,0.0,100.0,345.82,3.12,42.84,0.3,0.56

139,46.14,0.01,99.0,361.76,2.42,45.56,0.55,0.56
140,66.86,0.0,100.0,354.52,10.08,20.44,0.29,0.99140,68.99,0.0,100.0,334.67,10.0,20.82,0.33,0.99

141,72.61,0.01,99.0,276.17,4.69,31.99,0.13,1.26141,72.58,0.01,99.0,337.12,5.11,30.96,0.19,1.26
141,71.06,0.01,99.0,321.14,6.24,28.84,0.18,1.26
141,70.48,0.01,99.0,280.36,6.53,27.88,0.23,1.26
141,80.28,0.01,99.0,317.7,6.24,27.81,0.11,1.26
142,44.51,0.02,98.0,263.28,4.43,37.65,0.44,0.65
143,46.76,0.17,83.0,344.76,6.42,25.69,0.2,0.49

144,53.75,0.02,98.0,340.11,8.05,26.74,0.37,1.22
144,62.52,0.0,100.0,348.37,7.95,28.84,0.34,1.22
144,59.55,0.0,100.0,342.28,7.71,27.6,0.36,1.22

144,58.8,0.01,99.0,344.48,7.37,29.48,0.38,1.22
145,42.77,0.02,98.0,286.02,2.0,42.31,0.58,0.97
145,43.4,0.02,98.0,291.33,2.0,42.12,0.58,0.96

145,40.08,0.02,98.0,289.53,2.0,42.57,0.58,0.96
146,62.27,0.03,97.0,345.76,6.41,24.02,0.32,1.16
146,68.29,0.02,98.0,325.26,5.39,27.16,0.29,1.16
147,57.51,0.04,96.0,430.53,8.23,27.99,0.28,0.56
147,62.4,0.05,95.0,432.72,9.94,23.45,0.36,0.56
147,56.16,0.05,95.0,426.7,9.28,24.84,0.31,0.56
148,29.28,0.06,94.0,411.07,12.52,13.38,0.58,0.52148,42.49,0.08,92.0,327.24,9.94,17.21,0.41,0.52

148,38.43,0.09,91.0,326.73,10.43,16.82,0.48,0.52
149,62.64,0.09,91.0,405.28,6.7,32.9,0.12,0.72

149,58.12,0.08,92.0,390.07,8.88,25.93,0.32,0.72
149,54.73,0.06,94.0,390.47,9.84,24.05,0.39,0.72
149,41.68,0.17,83.0,356.5,7.33,27.57,0.19,0.72
150,55.93,0.09,91.0,327.01,6.13,32.28,0.16,0.81
150,69.92,0.04,96.0,331.34,7.89,30.77,0.19,0.81
150,72.68,0.05,95.0,280.74,5.81,33.95,0.17,0.81
151,48.13,0.13,87.0,365.64,7.59,25.31,0.14,0.71
151,42.03,0.15,85.0,323.99,8.58,21.2,0.23,0.71
151,30.17,0.2,80.0,357.16,7.22,23.81,0.24,0.71
152,51.07,0.09,91.0,289.87,3.24,39.98,0.25,0.77
152,65.84,0.07,93.0,290.88,3.05,40.03,0.16,0.77
152,56.37,0.07,93.0,297.21,3.15,40.48,0.21,0.77152,55.17,0.06,94.0,294.12,3.21,40.69,0.26,0.77

153,71.97,0.0,100.0,320.7,8.92,30.47,0.19,0.9
153,62.71,0.0,100.0,341.81,8.2,31.87,0.26,0.9

153,48.03,0.0,100.0,369.15,8.68,28.31,0.46,0.9
153,39.43,0.0,100.0,358.44,6.76,32.69,0.54,0.9
154,52.26,0.15,85.0,369.2,4.32,32.6,0.24,1.02
154,46.97,0.13,87.0,333.87,4.74,29.58,0.27,1.02

154,44.63,0.15,85.0,358.12,4.26,32.37,0.29,1.02
155,33.39,0.17,83.0,275.99,6.42,22.92,0.31,0.67155,52.39,0.1,90.0,370.17,11.5,14.4,0.3,0.67
7

156,60.46,0.05,95.0,346.0,4.65,32.2,0.21,1.01


156,72.57,0.05,95.0,344.73,4.26,33.57,0.12,1.01
157,59.55,0.04,96.0,381.14,6.89,21.79,0.37,0.87157,58.17,0.1,90.0,337.51,5.62,23.1,0.21,0.87
157,58.28,0.0,100.0,365.9,6.84,21.52,0.44,0.87
158,63.06,0.11,89.0,318.44,4.91,25.77,0.16,0.89
158,60.4,0.1,90.0,361.37,4.96,29.6,0.2,0.89
89
158,28.69,0.18,82.0,400.51,4.34,32.6,0.33,0.89

158,61.18,0.09,91.0,364.4,5.66,25.43,0.19,0.89
159,24.04,0.19,81.0,410.44,7.73,23.04,0.46,0.72
159,59.4,0.05,95.0,338.12,10.42,17.99,0.31,0.72
159,36.36,0.12,88.0,391.27,9.34,19.18,0.44,0.71

160,46.45,0.02,98.0,372.45,5.43,36.31,0.4,0.75

160,59.0,0.02,98.0,381.31,6.02,33.52,0.32,0.75

160,58.87,0.02,98.0,389.18,6.42,33.17,0.28,0.75
161,25.13,0.3,70.0,418.32,7.86,23.23,0.15,0.91161,58.05,0.12,88.0,357.69,10.31,18.29,0.17,0.91
161,57.73,0.07,93.0,355.22,11.26,16.77,0.25,0.91
161,39.44,0.19,81.0,379.83,9.75,19.36,0.19,0.91
162,66.3,0.0,100.0,373.0,7.08,24.2,0.34,0.97
7
162,66.43,0.01,99.0,357.14,6.91,25.39,0.24,0.97
162,65.74,0.0,100.0,358.85,7.0,24.09,0.3,0.97
162,58.35,0.07,93.0,354.19,6.97,25.27,0.3,0.97
163,31.59,0.27,73.0,319.4,4.96,21.29,0.12,0.85
163,10.95,0.31,69.0,371.73,3.07,24.08,0.28,0.85
163,12.53,0.34,66.0,408.21,3.49,24.87,0.2,0.85
163,18.96,0.29,71.0,377.43,3.71,21.8,0.19,0.86
163,14.96,0.32,68.0,361.61,3.44,22.62,0.19,0.86
164,52.09,0.03,97.0,293.98,5.67,33.72,0.38,0.69
164,64.61,0.01,99.0,300.41,6.02,32.76,0.31,0.69
164,60.9,0.01,99.0,292.0,6.04,32.92,0.35,0.69
164,65.79,0.01,99.0,301.21,7.78,28.93,0.31,0.69
164,71.76,0.01,99.0,296.68,6.16,32.34,0.29,0.69
165,77.85,0.02,98.0,293.89,13.31,13.25,0.14,0.67
165,58.06,0.05,95.0,367.18,15.16,10.7,0.36,0.67

165,46.46,0.06,94.0,347.77,14.98,10.71,0.45,0.67
166,77.86,0.01,99.0,318.02,7.91,32.11,0.22,0.81
66,69.98,0.06,94.0,318.29,6.89,34.37,0.19,0.81
166,79.51,0.0,100.0,311.85,6.94,33.14,0.22,0.81
166,79.69,0.01,99.0,303.28,7.16,33.46,0.16,0.81
167,29.58,0.2,80.0,426.49,5.91,25.5,0.34,0.82


167,59.46,0.0,100.0,377.92,5.36,30.48,0.38,0.82
167,62.87,0.0,100.0,388.06,5.04,30.97,0.36,0.82
168,31.32,0.2,80.0,342.5,3.69,32.0,0.22,0.8
8
168,45.45,0.16,84.0,379.31,3.16,33.24,0.17,0.8
168,44.14,0.17,83.0,325.9,3.68,31.86,0.18,0.8

168,18.48,0.24,76.0,406.53,4.72,26.22,0.41,0.79
169,50.7,0.11,89.0,315.78,2.46,35.35,0.32,0.66

169,59.93,0.11,89.0,333.29,4.24,31.41,0.16,0.66
169,52.73,0.13,87.0,348.66,4.05,32.72,0.19,0.66
170,76.77,0.01,99.0,316.48,4.48,34.31,0.18,0.68170,69.28,0.01,99.0,339.53,5.07,33.54,0.3,0.69

170,80.39,0.0,100.0,326.43,5.22,30.39,0.21,0.68
171,68.47,0.0,100.0,411.48,8.72,17.76,0.33,0.761171,64.47,0.01,99.0,409.52,9.12,16.96,0.28,0.76
172,28.3,0.25,75.0,348.4,1.49,33.94,0.16,1.1
172,39.11,0.22,78.0,369.84,1.5,34.63,0.18,1.1

173,57.05,0.0,100.0,402.31,10.04,28.23,0.41,1.08
73,59.94,0.0,100.0,407.83,9.56,29.78,0.39,1.09
173,55.86,0.0,100.0,404.09,9.8,29.11,0.42,1.08

174,48.11,0.15,85.0,425.68,6.85,22.02,0.2,0.69
174,55.71,0.1,90.0,396.99,6.91,22.17,0.2,0.69

174,51.69,0.16,84.0,427.73,6.67,22.29,0.1,0.69
174,54.62,0.12,88.0,420.89,6.81,22.6,0.19,0.69
174,55.46,0.12,88.0,427.14,7.05,22.41,0.21,0.69
175,77.22,0.0,100.0,380.56,4.84,33.96,0.17,0.93
175,69.83,0.0,100.0,387.77,4.8,34.06,0.24,0.93

176,51.75,0.11,89.0,345.94,9.58,17.17,0.2,0.52

176,62.69,0.11,89.0,287.08,7.28,22.87,0.12,0.52
177,74.96,0.0,100.0,403.3,8.32,23.07,0.2,0.65


177,75.7,0.0,100.0,410.16,8.72,22.07,0.17,0.65

178,66.65,0.06,94.0,328.97,3.15,39.5,0.27,1.14

178,51.28,0.1,90.0,290.65,3.17,38.38,0.3,1.13

178,64.58,0.09,91.0,299.94,3.15,38.9,0.25,1.14
179,57.85,0.14,86.0,416.28,5.15,29.6,0.15,0.54

180,42.02,0.13,87.0,405.39,5.36,31.68,0.36,0.52
80,47.89,0.08,92.0,410.55,6.42,30.17,0.34,0.52
180,43.83,0.08,92.0,409.69,5.68,33.35,0.41,0.52
181,46.12,0.03,97.0,356.73,10.74,21.09,0.38,0.57
181,47.56,0.04,96.0,361.15,11.31,18.61,0.41,0.57181,49.97,0.04,96.0,349.71,10.54,20.7,0.34,0.57
182,82.34,0.0,100.0,387.45,11.12,21.18,0.07,0.57
182,67.97,0.0,100.0,369.63,12.44,17.82,0.19,0.57
182,61.87,0.0,100.0,394.13,12.08,19.07,0.34,0.57
183,74.37,0.0,100.0,381.18,7.84,24.8,0.23,0.5
1183,82.0,0.0,100.0,368.44,7.6,27.63,0.17,0.5

184,70.38,0.04,96.0,338.5,9.02,25.07,0.2,0.7

184,78.83,0.04,96.0,360.57,8.04,29.5,0.03,0.7
184,73.2,0.04,96.0,349.55,8.48,28.24,0.12,0.7
185,78.38,0.0,100.0,407.63,6.54,31.45,0.15,1.5185,63.63,0.0,100.0,395.72,4.92,36.46,0.28,1.5
185,68.56,0.0,100.0,393.43,4.52,36.15,0.3,1.5
185,66.58,0.0,100.0,397.96,7.9,27.3,0.23,1.5
186,57.08,0.0,100.0,389.26,5.32,34.74,0.35,0.85186,66.43,0.0,100.0,376.73,5.32,35.02,0.24,0.85
186,77.59,0.0,100.0,389.11,6.16,32.83,0.19,0.85
186,59.37,0.0,100.0,394.21,5.44,35.82,0.34,0.85
187,20.87,0.33,67.0,475.34,1.99,30.63,0.11,0.97
187,32.73,0.29,71.0,472.66,2.04,31.9,0.04,0.97
187,31.45,0.28,72.0,480.47,2.1,32.88,0.09,0.97

187,28.27,0.31,69.0,472.54,1.86,30.83,0.07,0.97
188,35.66,0.2,80.0,360.53,5.64,22.79,0.25,0.81
188,37.8,0.21,79.0,371.01,5.61,22.91,0.24,0.81

188,44.08,0.11,89.0,506.53,5.96,23.92,0.3,0.81

188,49.83,0.1,90.0,505.95,6.13,23.58,0.27,0.81
189,44.51,0.0,100.0,423.5,4.88,38.16,0.5,0.86189,43.41,0.0,100.0,424.68,4.92,38.43,0.52,0.86
189,42.23,0.0,100.0,427.36,5.0,38.0,0.49,0.86
189,44.4,0.0,100.0,424.84,4.92,38.33,0.5,0.86

190,56.46,0.11,89.0,319.25,5.25,34.92,0.24,0.83
190,55.01,0.15,85.0,387.51,6.08,28.67,0.2,0.83
190,45.29,0.16,84.0,386.19,5.71,30.14,0.25,0.83
190,56.72,0.1,90.0,439.08,8.27,27.03,0.22,0.83
191,70.3,0.0,100.0,415.08,9.14,19.47,0.2,0.85

191,89.02,0.0,100.0,406.18,8.52,21.34,0.07,0.85
191,82.88,0.0,100.0,410.38,8.42,21.04,0.1,0.85
192,67.95,0.02,98.0,457.33,3.43,36.57,0.26,0.97
192,64.22,0.03,97.0,475.31,2.75,36.16,0.27,0.9192,61.23,0.04,96.0,461.86,3.8,36.45,0.38,0.98

193,82.19,0.0,100.0,395.95,5.64,29.68,0.15,1.01
193,81.94,0.0,100.0,386.31,6.2,26.94,0.16,1.01
193,68.61,0.0,100.0,394.58,4.92,35.52,0.24,1.01
193,80.14,0.0,100.0,391.27,5.06,34.28,0.18,1.01
194,33.09,0.25,75.0,310.62,4.95,30.76,0.14,1.11
194,38.82,0.24,76.0,319.98,5.55,28.55,0.1,1.11

194,27.75,0.23,77.0,427.93,3.57,35.8,0.28,1.11
194,44.01,0.22,78.0,310.58,4.63,29.91,0.16,1.11
195,62.36,0.11,89.0,409.36,2.82,35.63,0.18,1.28
195,64.57,0.11,89.0,398.7,2.82,35.49,0.15,1.28
95,63.89,0.11,89.0,406.09,2.75,35.66,0.15,1.28
196,49.5,0.01,99.0,557.0,6.94,31.61,0.43,0.93

196,57.55,0.02,98.0,566.78,7.12,29.7,0.38,0.93

197,82.92,0.0,100.0,354.8,9.12,17.55,0.15,1.17

197,84.56,0.0,100.0,429.56,9.52,16.99,0.1,1.17

197,68.18,0.0,100.0,368.03,8.72,18.44,0.24,1.17
198,39.7,0.24,76.0,329.03,2.46,35.86,0.09,0.94

198,52.77,0.06,94.0,409.17,3.39,38.33,0.33,0.94
198,36.81,0.25,75.0,336.65,2.44,35.22,0.1,0.94
198,27.67,0.27,73.0,284.2,2.52,33.89,0.11,0.94
199,47.43,0.0,100.0,435.01,6.29,28.4,0.46,1.21
199,56.81,0.07,93.0,393.75,4.27,34.01,0.25,1.21
199,62.63,0.11,89.0,390.15,4.2,32.17,0.16,1.21
199,35.84,0.18,82.0,403.63,3.2,33.13,0.21,1.21
200,63.7,0.02,98.0,429.43,4.39,33.41,0.31,1.03

200,56.82,0.01,99.0,432.06,4.91,30.97,0.38,1.03
200,67.2,0.0,100.0,425.82,5.06,31.31,0.28,1.03

200,61.13,0.0,100.0,428.07,4.34,33.25,0.36,1.03
201,63.64,0.0,100.0,469.72,7.64,21.82,0.4,1.0

201,54.23,0.0,100.0,468.21,7.8,21.41,0.44,1.0

201,66.8,0.0,100.0,458.22,6.44,29.3,0.26,1.0

202,19.72,0.27,73.0,443.66,1.96,29.14,0.31,0.89
202,20.63,0.26,74.0,443.43,1.85,29.84,0.28,0.89
202,25.41,0.25,75.0,454.23,1.65,30.28,0.24,0.89
203,38.64,0.23,77.0,428.92,5.9,23.09,0.22,0.89
203,34.13,0.18,82.0,430.35,6.22,24.0,0.32,0.89


203,47.07,0.06,94.0,463.95,11.47,16.85,0.41,0.89
204,63.8,0.1,90.0,396.26,7.27,30.14,0.15,0.93

204,62.84,0.12,88.0,393.9,6.76,31.48,0.1,0.93

204,66.48,0.06,94.0,386.99,6.59,33.69,0.15,0.93
205,73.88,0.0,100.0,441.0,8.48,22.14,0.21,1.02

205,75.64,0.0,100.0,453.96,9.56,20.42,0.2,1.02

205,72.77,0.0,100.0,437.04,8.12,26.9,0.19,1.02
206,71.05,0.0,100.0,404.7,12.44,17.06,0.2,0.8

206,48.14,0.0,100.0,392.68,13.88,14.94,0.44,0.8
206,47.01,0.01,99.0,381.55,13.23,16.61,0.52,0.8
206,57.74,0.01,99.0,394.85,12.97,16.58,0.34,0.8
207,61.15,0.09,91.0,444.9,5.21,31.84,0.19,1.06
207,57.67,0.1,90.0,463.27,5.03,32.73,0.17,1.06
207,57.22,0.13,87.0,461.27,4.93,33.06,0.16,1.06
207,44.0,0.13,87.0,452.49,5.1,33.53,0.25,1.06

208,54.41,0.08,92.0,477.12,4.35,31.25,0.32,0.66
208,26.9,0.18,82.0,363.96,1.94,36.8,0.41,0.66

209,63.72,0.02,98.0,416.49,8.06,26.21,0.19,1.02
209,77.18,0.01,99.0,463.43,10.97,20.27,0.13,1.02
209,78.15,0.0,100.0,470.85,9.82,22.94,0.13,1.02
209,62.45,0.03,97.0,430.03,7.01,29.17,0.28,1.02

210,55.36,0.11,89.0,446.92,1.91,39.31,0.23,0.53210,33.39,0.06,94.0,396.47,1.93,37.66,0.58,0.53
211,36.57,0.22,78.0,403.07,5.13,18.29,0.24,0.54
211,27.76,0.22,78.0,494.69,3.78,20.57,0.23,0.54
212,54.36,0.12,88.0,295.58,6.08,26.96,0.19,0.55
212,45.45,0.17,83.0,298.12,4.61,29.35,0.29,0.55
212,39.57,0.17,83.0,293.09,4.51,29.51,0.23,0.55
213,77.61,0.02,98.0,446.41,8.16,22.54,0.13,0.59
213,80.31,0.01,99.0,483.07,8.69,17.96,0.15,0.59
213,66.57,0.0,100.0,408.64,5.8,27.79,0.35,0.59

214,39.82,0.22,78.0,437.26,3.67,29.07,0.26,1.1
214,38.82,0.16,84.0,503.69,2.02,36.09,0.37,1.1
214,23.17,0.25,75.0,430.7,4.61,25.96,0.38,1.1
215,47.13,0.12,88.0,453.26,4.73,37.75,0.27,1.33
15,50.34,0.11,89.0,464.07,5.03,37.13,0.29,1.33
216,40.0,0.12,88.0,480.3,4.1,36.36,0.35,0.99
9
216,43.35,0.14,86.0,483.84,3.93,35.07,0.38,0.99
216,37.66,0.15,85.0,475.34,4.14,35.48,0.37,0.99
216,38.64,0.18,82.0,460.86,4.26,33.77,0.26,0.99
216,39.2,0.18,82.0,449.82,4.37,34.05,0.27,1.0
217,53.35,0.02,98.0,446.44,2.88,36.13,0.41,1.1
217,41.98,0.02,98.0,483.5,3.08,36.78,0.51,1.1
217,60.84,0.02,98.0,443.9,3.12,35.63,0.36,1.1
217,52.72,0.02,98.0,473.07,2.84,36.15,0.42,1.1
218,86.4,0.0,100.0,413.58,7.18,29.94,0.11,0.98

218,80.36,0.0,100.0,414.49,7.16,30.61,0.15,0.98
219,48.19,0.06,94.0,414.78,9.12,18.33,0.4,1.12
219,38.23,0.14,86.0,418.39,4.72,24.0,0.32,1.12

219,38.13,0.1,90.0,423.93,9.21,17.69,0.47,1.12

219,36.73,0.15,85.0,415.15,4.53,25.41,0.31,1.12
220,28.61,0.25,75.0,422.21,2.0,37.48,0.26,1.14

220,38.67,0.23,77.0,437.12,2.09,38.66,0.16,1.14
220,52.32,0.08,92.0,439.47,2.68,41.96,0.38,1.14
221,77.12,0.03,97.0,485.36,5.05,28.83,0.13,1.1122221,80.78,0.03,97.0,487.67,5.03,28.69,0.07,1.11
1,73.21,0.04,96.0,486.45,4.92,28.69,0.15,1.11
222,51.02,0.02,98.0,459.39,2.7,47.3,0.43,1.07
2222,54.49,0.05,95.0,461.6,2.57,46.58,0.36,1.08

223,66.41,0.01,99.0,504.75,6.18,32.54,0.38,1.05
223,79.55,0.0,100.0,408.4,6.28,34.76,0.2,1.05

223,73.95,0.0,100.0,412.92,5.84,36.3,0.26,1.05
224,75.69,0.0,100.0,391.99,5.8,31.02,0.2,1.05

224,63.62,0.01,99.0,446.96,5.03,29.88,0.3,1.05

224,79.95,0.0,100.0,396.49,5.82,30.37,0.11,1.05
225,40.52,0.01,99.0,476.61,2.25,34.19,0.6,1.23
225,51.58,0.08,92.0,465.34,2.33,32.88,0.36,1.23
225,51.67,0.05,95.0,480.14,2.41,33.62,0.36,1.23
226,41.51,0.18,82.0,355.15,3.76,31.59,0.22,0.87
226,44.69,0.18,82.0,403.54,4.2,30.05,0.25,0.87
226,47.45,0.14,86.0,354.92,4.29,32.48,0.22,0.87
226,32.37,0.21,79.0,405.94,4.58,28.35,0.27,0.87
226,31.71,0.21,79.0,412.64,3.49,30.97,0.36,0.87
227,42.38,0.21,79.0,408.53,6.67,27.71,0.12,0.98
227,35.44,0.15,85.0,323.21,7.06,29.57,0.34,0.98
227,42.27,0.22,78.0,409.64,6.72,27.66,0.06,0.98227,43.74,0.19,81.0,410.13,6.74,28.13,0.14,0.98
228,38.32,0.16,84.0,391.61,2.49,41.09,0.32,1.02
228,24.69,0.26,74.0,441.34,2.62,39.0,0.37,1.02
228,24.89,0.29,71.0,424.41,2.07,36.47,0.2,1.02
228,20.37,0.26,74.0,454.7,2.53,38.92,0.32,1.02
229,66.08,0.01,99.0,370.05,5.86,35.37,0.19,1.14
229,77.87,0.02,98.0,420.75,5.55,32.93,0.17,1.14
230,54.07,0.11,89.0,403.22,6.56,28.21,0.23,1.2
230,68.46,0.08,92.0,448.52,8.5,23.61,0.08,1.2

230,66.06,0.07,93.0,399.14,6.97,27.77,0.16,1.2
230,54.76,0.12,88.0,402.86,6.59,28.21,0.19,1.2
231,52.8,0.0,100.0,394.81,5.5,28.75,0.46,1.53

231,48.55,0.0,100.0,394.36,5.44,28.38,0.46,1.53
232,86.36,0.0,100.0,396.8,5.3,37.8,0.12,0.7
7
32,74.51,0.0,100.0,350.95,5.0,38.7,0.14,0.7
232,50.61,0.03,97.0,496.68,7.32,33.41,0.34,0.7
233,42.13,0.15,85.0,407.57,6.08,24.87,0.24,0.98233,38.62,0.12,88.0,406.29,4.78,28.0,0.37,0.97
233,38.31,0.13,87.0,414.69,4.77,27.6,0.34,0.98

233,39.8,0.13,87.0,407.29,4.85,27.72,0.36,0.97
234,43.61,0.16,84.0,419.71,4.44,26.69,0.22,1.08
234,54.52,0.12,88.0,424.62,4.2,27.31,0.22,1.08
235,79.27,0.0,100.0,380.38,11.24,16.79,0.18,0.55
235,61.24,0.05,95.0,398.19,11.24,17.34,0.24,0.55
236,66.08,0.04,96.0,465.05,4.44,35.01,0.25,1.06
236,75.81,0.04,96.0,428.11,4.35,36.3,0.12,1.06

236,61.64,0.04,96.0,437.14,4.23,36.1,0.3,1.06

237,63.19,0.01,99.0,438.22,4.97,40.02,0.29,1.35237,59.79,0.01,99.0,411.1,5.39,40.53,0.37,1.35

237,60.39,0.01,99.0,399.55,4.18,42.01,0.37,1.35
238,55.06,0.06,94.0,452.3,2.23,45.71,0.3,1.04

238,45.83,0.01,99.0,490.84,3.34,46.63,0.5,1.04

239,64.81,0.0,100.0,409.26,5.96,35.37,0.27,1.29
39,67.7,0.0,100.0,399.69,6.04,32.87,0.29,1.29

239,67.97,0.0,100.0,407.46,6.2,34.75,0.26,1.29
240,84.55,0.0,100.0,312.8,11.28,14.61,0.12,1.37240,80.14,0.0,100.0,365.37,10.88,15.03,0.18,1.37
240,76.84,0.0,100.0,317.53,11.84,14.14,0.21,1.37
240,80.41,0.0,100.0,358.25,11.28,14.72,0.17,1.37
241,44.11,0.15,85.0,401.05,5.99,24.29,0.2,1.15

241,41.91,0.21,79.0,401.57,4.97,25.47,0.15,1.15
241,42.05,0.16,84.0,400.29,5.23,26.36,0.19,1.15
242,79.81,0.0,100.0,418.99,7.8,24.28,0.2,1.3

242,75.8,0.01,99.0,465.4,8.08,24.24,0.15,1.3
242,83.48,0.0,100.0,418.13,7.16,27.75,0.12,1.3
42,61.8,0.02,98.0,435.45,8.82,20.75,0.36,1.3
243,55.32,0.13,87.0,429.93,6.87,21.51,0.16,1.3
243,50.15,0.09,91.0,311.65,7.08,22.3,0.3,1.3

243,53.07,0.12,88.0,374.59,6.89,21.83,0.23,1.3
243,51.95,0.07,93.0,308.63,7.7,21.35,0.34,1.3
244,62.22,0.01,99.0,355.87,3.96,37.95,0.38,1.42
244,64.09,0.02,98.0,305.98,3.82,38.67,0.29,1.42
244,69.88,0.01,99.0,383.26,5.11,35.33,0.3,1.42
245,69.48,0.04,96.0,422.89,9.39,19.89,0.17,0.72

245,76.14,0.03,97.0,418.28,10.14,17.46,0.22,0.72
246,49.52,0.18,82.0,423.4,5.26,27.86,0.11,0.96

246,55.01,0.04,96.0,376.94,10.62,21.18,0.43,0.96
246,41.57,0.09,91.0,388.15,11.58,16.2,0.52,0.96
247,66.59,0.03,97.0,453.35,3.19,37.69,0.27,1.092247,71.87,0.03,97.0,433.92,3.2,37.95,0.19,1.09
248,40.44,0.19,81.0,425.11,4.81,37.45,0.21,0.84
248,25.02,0.27,73.0,513.48,3.46,34.89,0.18,0.84
248,41.45,0.19,81.0,437.46,5.19,35.29,0.22,0.84
249,73.5,0.0,100.0,414.02,4.6,39.96,0.18,0.98

249,49.88,0.01,99.0,457.24,4.36,41.06,0.44,0.98
249,80.34,0.01,99.0,414.2,5.41,37.91,0.22,0.98
249,50.6,0.0,100.0,457.28,4.12,41.85,0.48,0.98
249,80.37,0.0,100.0,415.1,5.06,38.28,0.17,0.98
250,64.91,0.0,100.0,486.98,4.24,33.41,0.35,1.21
250,70.64,0.01,99.0,486.58,4.16,33.07,0.28,1.21
