1,-21.55,0.5,50.0,182.69,5.78,10.65,0.55,0.63

1,-43.79,0.64,36.0,198.06,5.94,10.94,0.55,0.63
2,-32.16,0.48,52.0,241.58,13.46,8.94,0.57,0.89
2,-41.89,0.55,45.0,242.48,13.51,7.22,0.58,0.89
2,-37.3,0.51,49.0,235.06,13.91,6.78,0.6,0.89

3,-30.31,0.5,50.0,322.11,12.15,12.61,0.46,0.863,-29.97,0.47,53.0,297.28,12.86,9.57,0.57,0.86

3,-36.42,0.54,46.0,315.73,12.56,10.97,0.52,0.86
3,-33.42,0.54,46.0,434.61,10.96,14.56,0.35,0.86
4,-17.5,0.44,56.0,423.04,10.67,16.52,0.45,0.54

4,-34.27,0.54,46.0,417.0,11.17,16.92,0.44,0.54
4,-33.52,0.51,49.0,410.48,11.7,12.44,0.54,0.53
4,-47.65,0.63,37.0,427.34,11.19,15.06,0.47,0.54
5,-20.0,0.47,53.0,432.23,9.77,12.69,0.38,1.09
5,-13.32,0.42,58.0,453.81,10.35,11.15,0.35,1.09
5,-14.05,0.42,58.0,456.23,11.05,9.86,0.38,1.09

6,29.33,0.26,74.0,447.02,4.68,29.5,0.19,0.88

6,35.66,0.23,77.0,427.64,4.5,30.35,0.23,0.88
6,6.21,0.33,67.0,382.56,7.86,20.29,0.34,0.88
7,1.19,0.4,60.0,390.69,5.77,25.83,0.22,0.81

7,4.03,0.38,62.0,387.01,6.04,25.37,0.21,0.81
7,14.63,0.33,67.0,401.98,5.05,26.64,0.29,0.817,4.51,0.36,64.0,384.82,6.27,25.06,0.29,0.81
8,51.54,0.07,93.0,335.18,3.63,39.42,0.57,0.79
8,42.8,0.16,84.0,502.29,3.12,37.12,0.53,0.78
8,58.49,0.06,94.0,326.66,3.61,39.25,0.52,0.78
8,52.17,0.08,92.0,352.55,3.66,40.13,0.54,0.79
8,38.42,0.2,80.0,441.81,2.4,35.27,0.45,0.78
8,27.41,0.26,74.0,471.57,2.47,34.37,0.47,0.79
9,29.86,0.19,81.0,549.5,7.08,31.84,0.28,1.09

9,31.41,0.18,82.0,550.73,7.13,31.36,0.2,1.09

9,31.16,0.19,81.0,523.4,5.96,34.83,0.34,1.09
9,35.53,0.18,82.0,593.23,6.55,31.97,0.22,1.09
10,39.38,0.16,84.0,486.08,4.05,37.17,0.44,1.06110,49.12,0.1,90.0,464.66,4.54,34.54,0.4,1.06

10,39.11,0.16,84.0,506.61,4.11,37.42,0.51,1.06
11,41.43,0.14,86.0,407.26,4.62,41.38,0.51,0.89
11,36.49,0.18,82.0,421.76,4.75,40.12,0.39,0.89
11,35.97,0.18,82.0,449.32,4.55,41.55,0.46,0.89
12,62.22,0.09,91.0,445.43,2.37,40.11,0.28,0.76
12,58.57,0.1,90.0,443.83,2.31,39.91,0.27,0.76

12,74.53,0.07,93.0,418.03,2.29,38.89,0.17,0.76
12,52.75,0.15,85.0,441.46,2.19,41.72,0.43,0.76
13,9.97,0.35,65.0,572.49,4.32,26.62,0.11,0.79
13,26.48,0.28,72.0,492.73,5.06,25.35,0.18,0.79
13,36.78,0.24,76.0,579.26,4.4,23.93,0.12,0.79

13,33.44,0.26,74.0,538.53,4.69,25.7,0.03,0.79
13,17.49,0.33,67.0,542.83,3.81,27.37,0.24,0.79
14,33.03,0.21,79.0,335.53,2.59,23.88,0.46,0.82
14,38.03,0.19,81.0,329.04,2.36,24.12,0.54,0.82
14,44.97,0.15,85.0,325.57,4.28,23.07,0.33,0.82
15,41.11,0.16,84.0,557.16,2.66,36.1,0.55,0.86
15,30.33,0.2,80.0,558.08,2.8,36.17,0.6,0.86
6
16,44.81,0.13,87.0,541.06,3.8,37.37,0.48,1.05
16,44.39,0.13,87.0,563.6,3.94,37.28,0.5,1.04
16,44.18,0.16,84.0,529.61,3.85,36.66,0.37,1.04
16,44.17,0.13,87.0,561.02,4.08,37.61,0.52,1.04
16,40.35,0.14,86.0,540.7,4.02,37.36,0.45,1.04
17,22.69,0.27,73.0,483.7,3.25,27.95,0.51,0.77

17,24.25,0.27,73.0,469.88,2.9,28.57,0.46,0.78

17,34.0,0.24,76.0,436.78,2.35,32.38,0.42,0.77

18,23.77,0.25,75.0,404.29,2.22,31.77,0.62,0.75
8,31.53,0.21,79.0,394.11,2.71,30.63,0.58,0.75
18,23.86,0.26,74.0,414.18,2.23,32.32,0.63,0.75
18,33.3,0.2,80.0,404.56,2.44,32.22,0.57,0.75
18,25.32,0.27,73.0,519.75,3.33,30.35,0.54,0.75
19,46.85,0.11,89.0,548.42,6.02,32.69,0.38,0.83
19,40.69,0.15,85.0,493.1,5.98,32.93,0.36,0.83
19,45.03,0.13,87.0,585.5,5.79,33.31,0.41,0.83
19,42.92,0.12,88.0,550.79,6.05,33.05,0.43,0.83
20,40.84,0.13,87.0,432.78,2.62,41.82,0.7,0.79

20,50.97,0.1,90.0,437.29,2.73,39.39,0.58,0.79
20,38.17,0.15,85.0,482.93,2.83,41.13,0.66,0.79
20,39.32,0.14,86.0,431.85,2.62,40.47,0.65,0.79
20,34.65,0.17,83.0,493.8,2.94,40.9,0.66,0.79

21,31.82,0.15,85.0,481.54,10.64,15.33,0.22,0.76
21,20.71,0.16,84.0,534.34,10.0,14.91,0.52,0.76
21,23.36,0.14,86.0,534.08,9.58,15.65,0.57,0.76
21,23.2,0.13,87.0,537.26,9.38,15.75,0.61,0.76

21,22.94,0.16,84.0,540.01,9.81,15.41,0.55,0.76
22,31.02,0.25,75.0,424.71,3.69,34.73,0.33,0.77
22,33.27,0.16,84.0,464.56,4.45,33.27,0.61,0.76
22,30.16,0.22,78.0,486.45,3.45,35.66,0.56,0.76
23,30.34,0.16,84.0,399.97,7.17,28.31,0.52,0.98
23,28.7,0.18,82.0,515.75,4.9,31.95,0.59,0.98

23,34.95,0.14,86.0,403.01,6.72,29.17,0.52,0.98
23,29.48,0.16,84.0,397.93,6.5,28.19,0.52,0.98

24,34.47,0.22,78.0,591.97,2.97,33.16,0.42,0.81
24,43.14,0.19,81.0,582.65,3.09,31.05,0.28,0.8124,36.88,0.2,80.0,586.4,2.88,32.67,0.42,0.81
25,4.02,0.38,62.0,434.32,4.68,25.97,0.37,0.742525,4.07,0.39,61.0,424.88,4.16,26.21,0.34,0.7425,3.49,0.39,61.0,525.76,4.56,26.37,0.34,0.74

25,3.32,0.38,62.0,542.66,5.15,24.55,0.34,0.74
26,44.8,0.06,94.0,347.56,3.94,41.07,0.71,0.72

26,46.68,0.04,96.0,344.01,4.1,40.99,0.7,0.73

26,41.2,0.09,91.0,349.67,4.53,40.09,0.66,0.73
27,33.44,0.23,77.0,593.94,1.86,39.97,0.54,0.78
27,35.34,0.22,78.0,611.28,1.81,39.83,0.48,0.79
27,46.13,0.18,82.0,659.98,1.8,40.28,0.45,0.7927,33.15,0.23,77.0,664.63,1.8,39.78,0.47,0.78
28,10.21,0.37,63.0,522.3,3.22,27.16,0.44,0.74
28,4.89,0.38,62.0,534.55,2.47,29.06,0.52,0.74

28,6.47,0.38,62.0,526.55,3.24,26.66,0.43,0.74
29,43.99,0.09,91.0,622.0,4.82,38.72,0.49,1.01
29,50.26,0.08,92.0,604.68,4.87,38.72,0.36,1.01
29,53.78,0.06,94.0,605.84,4.95,38.33,0.34,1.01
29,44.54,0.11,89.0,626.11,4.58,39.78,0.42,1.0
30,38.48,0.2,80.0,477.5,2.1,32.3,0.5,1.0
0.99
30,41.27,0.16,84.0,519.51,2.31,32.24,0.54,1.0
30,45.08,0.15,85.0,507.05,2.11,33.53,0.47,1.0
31,59.67,0.03,97.0,578.23,4.37,33.78,0.35,0.9
31,62.85,0.02,98.0,573.05,4.34,33.77,0.33,0.89
31,52.81,0.07,93.0,582.94,4.33,33.79,0.38,0.89
31,40.65,0.09,91.0,576.04,4.88,31.48,0.54,0.9
31,55.73,0.05,95.0,579.54,4.23,33.98,0.42,0.89
32,16.95,0.29,71.0,583.59,3.1,33.61,0.65,0.76
32,7.73,0.33,67.0,576.74,4.29,31.62,0.6,0.77

32,18.26,0.27,73.0,516.86,4.27,30.08,0.59,0.7732,28.8,0.24,76.0,585.06,2.84,32.84,0.58,0.76

33,51.53,0.08,92.0,691.24,2.26,37.97,0.65,0.86
33,53.19,0.07,93.0,608.07,2.15,39.13,0.61,0.86
33,55.74,0.05,95.0,604.04,2.15,39.14,0.64,0.86
33,47.36,0.09,91.0,609.55,2.18,38.64,0.69,0.8633,59.96,0.02,98.0,609.71,2.14,38.76,0.66,0.86
34,29.47,0.24,76.0,461.84,3.21,29.52,0.48,0.73
34,26.3,0.2,80.0,458.87,5.11,24.27,0.55,0.73
34,23.17,0.27,73.0,461.47,2.73,30.45,0.52,0.72
34,36.2,0.05,95.0,532.48,7.69,18.8,0.71,0.72

35,30.44,0.12,88.0,462.85,9.14,23.29,0.47,0.84
35,33.96,0.19,81.0,614.09,2.96,34.16,0.56,0.84
35,22.73,0.26,74.0,596.14,3.22,32.61,0.41,0.84
35,26.32,0.19,81.0,430.8,7.56,26.7,0.39,0.84
35,30.28,0.22,78.0,606.21,3.21,32.67,0.51,0.84
35,31.3,0.21,79.0,582.85,3.09,32.33,0.51,0.84
36,20.54,0.26,74.0,537.76,1.95,28.59,0.67,0.72
36,19.75,0.26,74.0,537.87,1.85,27.88,0.68,0.7236,20.23,0.26,74.0,526.76,2.65,27.2,0.61,0.72
36,21.73,0.26,74.0,532.43,2.15,28.08,0.66,0.72
37,59.05,0.07,93.0,629.31,3.61,41.65,0.43,0.81
37,50.09,0.17,83.0,563.22,1.98,38.09,0.33,0.81
37,46.55,0.22,78.0,590.57,2.04,36.83,0.17,0.8
37,56.53,0.05,95.0,637.04,3.72,41.78,0.5,0.81
37,56.86,0.06,94.0,630.07,3.62,41.81,0.47,0.8137,51.82,0.17,83.0,562.46,2.27,38.6,0.19,0.8
38,35.58,0.04,96.0,294.54,12.69,14.82,0.37,0.75
38,46.07,0.03,97.0,279.2,10.62,20.45,0.24,0.75

38,51.26,0.05,95.0,318.59,2.4,35.55,0.71,0.75
39,61.18,0.02,98.0,483.41,3.22,38.33,0.49,0.73339,67.44,0.02,98.0,479.82,3.47,36.56,0.4,0.72

40,39.68,0.1,90.0,548.69,4.62,36.21,0.6,0.8


40,42.0,0.09,91.0,538.35,4.75,34.77,0.59,0.8

40,26.82,0.19,81.0,686.63,5.2,35.8,0.55,0.8


41,19.14,0.29,71.0,481.17,2.07,35.23,0.54,0.78
41,26.45,0.24,76.0,503.03,3.36,38.05,0.57,0.78
41,26.6,0.24,76.0,487.49,2.23,37.03,0.55,0.78
41,33.18,0.21,79.0,614.13,3.94,36.71,0.45,0.78
41,24.36,0.26,74.0,473.68,2.31,35.68,0.54,0.78
42,48.5,0.09,91.0,462.96,2.21,33.41,0.57,0.75

42,50.53,0.09,91.0,431.54,1.86,34.06,0.61,0.75
42,50.91,0.09,91.0,444.02,1.87,34.13,0.65,0.75
43,41.79,0.27,73.0,572.54,1.19,36.62,0.16,0.8
43,46.67,0.25,75.0,568.19,1.17,36.24,0.18,0.8
43,49.52,0.24,76.0,578.64,1.17,36.77,0.11,0.8
43,38.72,0.26,74.0,439.57,1.32,37.14,0.35,0.8
44,78.09,0.01,99.0,565.93,2.71,40.6,0.16,0.77
44,76.19,0.02,98.0,589.1,2.69,40.07,0.3,0.77
44,75.41,0.04,96.0,620.39,2.69,40.02,0.18,0.77
44,80.63,0.02,98.0,533.77,2.88,40.15,0.11,0.77
45,48.82,0.12,88.0,559.6,2.94,37.09,0.49,0.7
45,53.49,0.08,92.0,563.79,3.04,38.41,0.49,0.7
45,59.19,0.05,95.0,563.45,3.02,38.62,0.48,0.7
45,56.41,0.12,88.0,616.77,2.15,37.89,0.29,0.7
45,59.72,0.11,89.0,614.91,2.03,38.12,0.32,0.7
46,24.68,0.29,71.0,571.52,2.39,26.57,0.38,0.73
46,25.07,0.28,72.0,660.27,1.78,27.53,0.49,0.74
46,17.56,0.31,69.0,564.61,1.51,27.43,0.56,0.73
46,23.55,0.29,71.0,654.88,1.49,27.17,0.45,0.74
46,19.49,0.31,69.0,649.11,1.42,27.1,0.47,0.73
46,24.22,0.28,72.0,541.17,2.47,26.68,0.37,0.74
47,33.81,0.23,77.0,504.71,2.23,36.87,0.48,0.71
47,42.03,0.14,86.0,397.93,3.97,42.14,0.48,0.71
47,51.79,0.12,88.0,394.16,3.61,43.34,0.38,0.71
47,35.7,0.16,84.0,545.4,3.21,42.35,0.59,0.71
47,31.95,0.22,78.0,510.05,2.12,38.43,0.53,0.71
48,58.08,0.05,95.0,437.86,4.47,30.88,0.43,0.92
48,52.09,0.05,95.0,516.83,3.21,38.49,0.62,0.92
48,53.75,0.05,95.0,534.99,3.4,38.38,0.61,0.92

49,41.63,0.19,81.0,577.9,2.26,35.15,0.44,0.77
49,30.91,0.25,75.0,533.83,2.64,33.29,0.46,0.78
49,39.87,0.17,83.0,432.05,3.66,34.51,0.43,0.78
50,29.65,0.25,75.0,653.69,1.28,31.71,0.52,0.73
50,26.7,0.25,75.0,640.73,1.76,30.31,0.44,0.73
50,21.78,0.26,74.0,669.62,1.55,31.76,0.62,0.73
50,26.64,0.25,75.0,462.98,1.49,29.92,0.65,0.7350,35.12,0.22,78.0,605.37,2.18,30.61,0.44,0.73
51,27.66,0.22,78.0,479.15,5.13,26.64,0.41,0.7651,30.89,0.21,79.0,466.46,4.65,25.83,0.41,0.76
51,22.73,0.26,74.0,460.7,4.47,25.32,0.39,0.76
51,28.23,0.22,78.0,473.99,5.21,25.39,0.43,0.76
52,67.26,0.0,100.0,497.54,4.0,37.26,0.43,0.78
52,64.27,0.0,100.0,503.33,4.0,37.55,0.48,0.78
52,70.93,0.0,100.0,574.36,4.0,37.45,0.36,0.78
52,74.04,0.0,100.0,570.52,4.12,37.47,0.33,0.785252,71.17,0.0,100.0,576.3,4.0,37.28,0.26,0.78

53,25.78,0.23,77.0,474.1,2.75,33.5,0.59,0.75

53,21.16,0.26,74.0,473.75,2.74,32.27,0.58,0.75
53,30.91,0.2,80.0,475.73,2.8,34.68,0.59,0.75

53,24.31,0.25,75.0,471.55,2.68,32.98,0.56,0.75
54,35.04,0.25,75.0,516.68,1.76,35.6,0.3,0.67

54,24.88,0.29,71.0,548.53,1.42,34.72,0.43,0.6754,26.88,0.28,72.0,519.85,1.46,35.4,0.36,0.67
54,43.99,0.2,80.0,546.6,1.68,38.23,0.3,0.67
55,39.87,0.19,81.0,507.99,2.53,33.7,0.43,0.74

55,27.25,0.26,74.0,563.31,2.92,33.08,0.41,0.74
55,28.46,0.24,76.0,512.79,2.53,35.33,0.49,0.74
56,38.5,0.15,85.0,510.76,3.32,38.7,0.61,0.7

56,32.9,0.18,82.0,502.74,2.98,38.41,0.6,0.7
56,38.69,0.15,85.0,504.56,3.13,38.82,0.62,0.7
57,60.79,0.01,99.0,478.12,6.8,28.74,0.28,0.78

57,62.14,0.0,100.0,463.78,6.24,32.29,0.37,0.78
58,67.6,0.01,99.0,566.95,3.86,43.89,0.49,0.83

58,71.2,0.01,99.0,559.84,3.31,43.8,0.32,0.83

58,67.95,0.04,96.0,554.77,3.27,43.49,0.25,0.83
59,80.91,0.01,99.0,471.93,2.81,38.78,0.18,0.9
59,74.07,0.01,99.0,486.79,2.63,38.28,0.32,0.9
59,69.61,0.01,99.0,517.41,2.65,38.01,0.47,0.9
60,46.17,0.15,85.0,543.12,1.48,34.65,0.51,0.960,60,40.79,0.18,82.0,542.38,1.49,33.64,0.51,0.960,39.22,0.19,81.0,546.58,1.46,33.41,0.51,0.95
60,39.0,0.19,81.0,538.21,1.52,32.92,0.51,0.95

61,63.4,0.01,99.0,420.2,4.48,33.96,0.45,0.83

61,64.01,0.01,99.0,422.58,4.61,33.13,0.43,0.83
61,61.59,0.02,98.0,414.18,4.22,34.36,0.44,0.84
62,40.31,0.17,83.0,495.61,2.28,37.66,0.54,0.73
62,36.36,0.21,79.0,442.7,1.84,36.22,0.49,0.73
62,37.08,0.21,79.0,531.73,2.05,35.96,0.48,0.73
63,24.02,0.24,76.0,510.22,1.95,33.17,0.69,0.73
63,23.57,0.25,75.0,516.01,2.76,30.84,0.59,0.73
63,24.85,0.24,76.0,508.02,1.87,33.55,0.65,0.73
64,-1.86,0.41,59.0,610.31,1.58,34.3,0.65,0.64,-0.9,0.4,60.0,620.85,1.25,35.78,0.7,0.7
64,4.03,0.38,62.0,609.03,1.58,35.48,0.64,0.7
64,11.73,0.34,66.0,609.12,1.61,36.98,0.63,0.7
65,60.94,0.02,98.0,636.06,2.45,43.71,0.62,0.77
65,59.74,0.02,98.0,638.39,2.31,44.68,0.68,0.77
65,57.89,0.02,98.0,648.55,2.06,45.7,0.73,0.77
65,57.95,0.02,98.0,640.77,2.06,45.3,0.7,0.77

66,64.8,0.0,100.0,605.12,4.04,42.5,0.45,0.72

66,61.07,0.0,100.0,618.64,4.0,42.86,0.55,0.72
66,62.86,0.0,100.0,615.12,4.04,43.02,0.53,0.72
66,69.99,0.0,100.0,612.89,4.04,42.49,0.39,0.72
66,67.32,0.0,100.0,617.82,4.04,42.82,0.42,0.72
66,66.65,0.0,100.0,612.82,4.0,43.42,0.49,0.72
67,58.33,0.07,93.0,665.84,1.94,39.16,0.72,0.76667,54.44,0.1,90.0,662.13,1.91,38.63,0.71,0.76
7,55.86,0.08,92.0,670.7,1.97,38.87,0.74,0.76
67,57.95,0.07,93.0,664.2,1.92,39.32,0.72,0.75
68,57.42,0.0,100.0,642.21,6.02,30.61,0.46,0.75
68,52.34,0.01,99.0,654.1,6.32,28.86,0.48,0.75
68,60.81,0.0,100.0,695.77,4.24,38.77,0.59,0.75
69,62.9,0.0,100.0,512.17,4.0,35.61,0.52,0.75
69,62.83,0.0,100.0,514.06,4.0,36.03,0.53,0.75
69,59.28,0.0,100.0,572.56,4.0,34.79,0.65,0.75
69,63.15,0.0,100.0,514.34,4.0,35.67,0.51,0.7569,56.77,0.0,100.0,574.84,4.0,34.7,0.65,0.75

70,44.3,0.11,89.0,574.26,3.37,36.5,0.51,0.79

,54.9,0.06,94.0,547.03,4.11,38.15,0.49,0.79
70,50.59,0.09,91.0,567.94,2.47,39.64,0.63,0.79
70,39.17,0.15,85.0,566.03,2.01,40.23,0.68,0.79
71,43.78,0.0,100.0,423.12,7.72,20.08,0.67,0.76
71,25.1,0.0,100.0,549.99,14.0,14.34,0.65,0.75
71,52.78,0.0,100.0,478.05,4.16,34.91,0.74,0.76
71,52.87,0.0,100.0,479.29,4.12,35.08,0.75,0.76
72,9.31,0.34,66.0,446.23,1.14,35.71,0.67,1.01

72,16.41,0.3,70.0,443.61,1.17,36.75,0.64,1.01

72,49.8,0.1,90.0,524.88,1.83,39.08,0.65,1.01
73,53.84,0.0,100.0,493.66,4.32,36.09,0.71,0.96
73,52.28,0.0,100.0,494.1,4.24,36.51,0.71,0.96
73,54.01,0.0,100.0,492.91,4.28,36.31,0.7,0.96

73,52.5,0.0,100.0,494.23,4.28,37.01,0.73,0.96
74,9.37,0.33,67.0,516.46,1.07,28.84,0.72,1.01
74,15.81,0.29,71.0,516.17,1.13,29.69,0.68,1.01
74,11.23,0.32,68.0,516.75,1.09,29.18,0.71,1.01
74,13.29,0.31,69.0,514.64,1.14,29.86,0.63,1.01
75,9.86,0.34,66.0,517.35,1.91,28.39,0.63,0.8

75,10.59,0.33,67.0,523.39,2.39,28.49,0.61,0.79
75,30.69,0.24,76.0,569.43,3.79,30.31,0.43,0.8
75,16.38,0.31,69.0,516.4,1.99,31.06,0.58,0.79

76,14.73,0.3,70.0,609.43,1.07,25.65,0.72,0.89
76,31.32,0.23,77.0,604.74,1.36,30.37,0.54,0.8876,25.8,0.25,75.0,604.5,1.37,28.9,0.57,0.88
88
76,27.71,0.24,76.0,606.79,1.29,29.62,0.57,0.88
77,56.65,0.0,100.0,511.18,4.43,35.0,0.66,1.06

77,41.55,0.01,99.0,578.67,7.59,21.18,0.68,1.06
77,42.01,0.0,100.0,589.85,7.84,20.44,0.72,1.06
77,40.4,0.17,83.0,422.01,2.61,32.98,0.52,1.06
78,9.06,0.33,67.0,548.05,1.21,28.32,0.74,0.7378,10.14,0.32,68.0,547.46,1.31,28.42,0.73,0.73
78,9.19,0.33,67.0,548.67,1.1,28.69,0.73,0.73
78,10.91,0.32,68.0,547.46,1.31,28.42,0.72,0.73
78,11.69,0.31,69.0,547.48,1.3,28.57,0.72,0.73
79,42.71,0.2,80.0,442.3,1.5,39.03,0.41,0.73
79,69.63,0.0,100.0,570.26,1.98,46.3,0.57,0.73
79,63.19,0.04,96.0,566.34,2.08,44.34,0.5,0.73
79,59.65,0.05,95.0,567.5,1.99,45.01,0.53,0.73
80,32.01,0.22,78.0,548.79,1.94,36.14,0.54,0.97
80,34.92,0.21,79.0,575.06,2.95,33.2,0.38,0.97

80,28.46,0.24,76.0,545.8,2.37,34.06,0.52,0.97
80,27.58,0.24,76.0,548.54,2.16,35.14,0.54,0.97
81,47.85,0.16,84.0,479.39,2.06,34.59,0.41,0.76881,41.74,0.2,80.0,542.71,1.7,35.1,0.4,0.76
76
81,42.62,0.18,82.0,472.12,1.83,35.59,0.42,0.76
81,48.99,0.13,87.0,472.43,2.09,35.51,0.46,0.76
82,34.66,0.21,79.0,592.34,1.19,34.08,0.49,0.77
82,37.59,0.21,79.0,600.7,1.15,34.69,0.48,0.76
82,26.32,0.25,75.0,481.9,1.0,33.59,0.64,0.77
82,38.06,0.21,79.0,585.18,1.18,33.83,0.48,0.782,36.5,0.21,79.0,590.17,1.2,34.23,0.5,0.77
83,37.78,0.19,81.0,534.37,2.89,38.37,0.43,0.77
83,39.72,0.2,80.0,522.22,2.88,37.1,0.36,0.77

3,41.54,0.17,83.0,535.91,2.7,38.75,0.45,0.77
83,41.49,0.16,84.0,539.55,2.93,39.55,0.44,0.77
84,74.02,0.05,95.0,529.35,2.57,40.26,0.21,0.92
84,70.89,0.05,95.0,521.55,2.25,41.15,0.22,0.91
84,67.75,0.05,95.0,658.78,2.19,41.68,0.34,0.91
85,52.46,0.07,93.0,413.0,1.88,34.76,0.7,0.97
85,40.43,0.19,81.0,306.52,1.49,31.1,0.5,0.97

85,32.8,0.26,74.0,328.16,1.78,29.36,0.34,0.97

85,39.31,0.18,82.0,311.04,1.56,31.29,0.54,0.96
85,20.89,0.31,69.0,321.22,1.72,28.35,0.45,0.97
86,72.87,0.01,99.0,519.59,2.0,42.06,0.4,0.84
86,71.57,0.01,99.0,528.86,2.0,42.0,0.48,0.84

86,74.74,0.01,99.0,473.06,2.0,42.09,0.38,0.84
86,72.04,0.01,99.0,473.23,2.0,41.99,0.38,0.84
87,59.79,0.1,90.0,667.13,1.88,41.19,0.56,1.13

87,59.28,0.09,91.0,673.47,1.78,40.56,0.6,1.13

88,41.27,0.19,81.0,390.35,1.53,34.19,0.5,0.94
88,49.31,0.15,85.0,409.03,2.76,32.99,0.24,0.94
88,48.51,0.15,85.0,412.57,2.68,32.76,0.29,0.94
88,42.75,0.18,82.0,439.29,2.16,32.82,0.39,0.94
88,55.81,0.14,86.0,438.28,2.67,32.9,0.23,0.93

89,56.54,0.0,100.0,392.42,4.04,38.68,0.7,0.73
89,65.79,0.0,100.0,561.76,4.48,35.05,0.47,0.73
89,64.06,0.0,100.0,560.71,4.28,36.22,0.54,0.73
89,68.04,0.0,100.0,404.44,4.72,34.74,0.35,0.73
90,54.83,0.07,93.0,468.65,4.02,30.93,0.48,0.78
90,60.27,0.06,94.0,451.67,3.72,31.27,0.41,0.79
90,56.46,0.07,93.0,481.63,3.76,31.65,0.41,0.78
90,60.53,0.05,95.0,455.54,3.56,32.06,0.45,0.78
91,64.58,0.01,99.0,466.86,4.14,37.99,0.46,0.77
91,59.41,0.01,99.0,370.71,3.86,40.76,0.58,0.77
91,57.71,0.01,99.0,460.08,4.32,36.91,0.54,0.77
91,62.47,0.0,100.0,473.04,4.3,37.09,0.59,0.77
91,55.79,0.0,100.0,474.72,4.2,37.7,0.63,0.77
91,55.44,0.0,100.0,476.53,4.32,37.11,0.62,0.77
92,46.67,0.06,94.0,386.03,5.72,30.61,0.58,0.78
992,50.19,0.05,95.0,374.64,5.24,30.92,0.54,0.78
93,49.48,0.0,100.0,405.63,7.84,31.85,0.56,0.76
93,51.05,0.0,100.0,438.52,6.88,33.15,0.58,0.76
93,46.63,0.0,100.0,405.09,7.6,32.32,0.59,0.76

93,49.86,0.0,100.0,431.57,6.88,34.64,0.6,0.76
94,16.19,0.32,68.0,436.31,2.74,29.44,0.46,0.93
94,33.67,0.24,76.0,459.03,2.51,31.61,0.32,0.93
94,50.63,0.07,93.0,445.72,2.86,34.68,0.59,0.93
94,7.19,0.35,65.0,458.44,1.8,31.36,0.59,0.93
94,30.9,0.23,77.0,456.84,2.36,33.54,0.47,0.93
95,25.84,0.29,71.0,511.74,2.77,29.09,0.26,0.82
95,30.64,0.28,72.0,508.8,2.75,28.81,0.27,0.82
95,24.83,0.26,74.0,485.6,2.7,26.09,0.52,0.82

95,20.43,0.29,71.0,461.02,2.28,28.63,0.51,0.82
96,56.8,0.04,96.0,450.23,2.29,36.7,0.62,0.87
96,61.03,0.04,96.0,487.8,2.15,37.19,0.56,0.87

6,59.35,0.03,97.0,453.08,2.25,36.28,0.62,0.87
96,65.38,0.03,97.0,483.57,2.31,37.58,0.52,0.87
96,62.56,0.03,97.0,439.26,2.39,37.25,0.53,0.87
97,83.45,0.35,65.0,591.3,1.0,28.4,0.1,0.86
5997,84.74,0.32,68.0,468.9,1.0,28.16,0.31,0.86

97,84.16,0.35,65.0,588.08,1.0,28.75,0.16,0.85
98,70.9,0.02,98.0,497.05,2.8,34.6,0.43,0.76
6
98,69.61,0.02,98.0,510.51,2.24,36.41,0.38,0.76
98,70.41,0.02,98.0,457.18,3.29,33.43,0.41,0.76
99,39.77,0.19,81.0,459.37,1.77,42.98,0.44,0.73
99,46.29,0.16,84.0,464.17,1.64,43.15,0.43,0.73
100,63.45,0.0,100.0,518.6,6.36,29.28,0.37,0.93

100,62.05,0.0,100.0,520.37,6.48,27.83,0.33,0.93
100,63.42,0.0,100.0,522.88,6.52,28.01,0.34,0.93
101,19.93,0.32,68.0,467.97,1.49,29.63,0.36,0.67
101,22.87,0.32,68.0,375.32,1.44,30.45,0.32,0.67
102,-1.55,0.4,60.0,501.03,1.0,31.81,0.7,0.66

102,11.02,0.36,64.0,494.74,1.23,36.41,0.49,0.66
102,-0.8,0.4,60.0,478.47,1.0,32.57,0.67,0.66
103,39.78,0.16,84.0,666.36,1.64,36.36,0.59,0.62
103,46.07,0.13,87.0,666.42,1.64,37.93,0.59,0.62
103,39.35,0.17,83.0,667.82,1.66,36.26,0.6,0.62
104,32.11,0.22,78.0,563.9,1.32,32.8,0.59,0.47
104,42.71,0.17,83.0,558.26,1.47,34.09,0.5,0.47

104,60.31,0.04,96.0,565.66,2.28,33.5,0.58,0.47

105,56.99,0.01,99.0,430.03,2.55,37.03,0.71,0.87
105,58.91,0.01,99.0,424.01,3.29,35.08,0.64,0.87
105,57.33,0.01,99.0,431.17,2.87,36.4,0.68,0.87
105,56.93,0.01,99.0,433.26,3.29,35.91,0.66,0.87
106,61.51,0.02,98.0,519.67,5.59,34.13,0.34,0.87
106,61.75,0.02,98.0,519.51,5.59,34.63,0.36,0.87
106,62.07,0.01,99.0,517.73,5.41,35.07,0.39,0.87
107,41.05,0.1,90.0,432.51,3.63,45.7,0.7,0.68
107,50.3,0.13,87.0,501.77,3.21,42.69,0.46,0.68
107,46.89,0.15,85.0,496.69,3.12,41.92,0.43,0.68
107,33.35,0.15,85.0,430.63,3.58,44.02,0.71,0.68
108,62.16,0.15,85.0,475.48,1.67,35.65,0.35,0.72
108,54.64,0.19,81.0,478.17,1.63,35.08,0.38,0.72
108,58.68,0.17,83.0,477.15,1.63,35.31,0.38,0.72
109,48.44,0.09,91.0,590.43,3.63,31.85,0.55,0.86
109,46.56,0.11,89.0,590.21,3.65,32.1,0.53,0.86

109,59.38,0.05,95.0,591.23,3.77,32.4,0.47,0.86
09,48.6,0.02,98.0,604.41,7.08,22.27,0.54,0.86
110,40.64,0.19,81.0,525.0,1.73,29.63,0.44,0.76
110,38.98,0.19,81.0,525.46,1.62,30.19,0.47,0.76
110,52.99,0.14,86.0,456.5,2.03,32.18,0.31,0.76
110,53.47,0.1,90.0,537.45,3.26,32.87,0.42,0.76
110,52.23,0.13,87.0,388.81,3.0,29.49,0.33,0.76
111,2.26,0.38,62.0,639.24,1.0,31.25,0.73,0.81
111,0.75,0.38,62.0,568.84,1.0,31.24,0.75,0.81
111,0.75,0.38,62.0,568.84,1.0,31.24,0.75,0.81
111,0.75,0.38,62.0,568.84,1.0,31.24,0.75,0.82
111,0.75,0.38,62.0,568.84,1.0,31.24,0.75,0.81
112,58.31,0.04,96.0,546.3,2.73,35.9,0.56,0.84

112,58.58,0.04,96.0,545.83,2.83,35.77,0.58,0.84
112,60.79,0.04,96.0,549.22,3.23,34.77,0.49,0.84
112,61.5,0.03,97.0,547.75,2.93,36.15,0.52,0.84
113,38.04,0.06,94.0,689.74,7.4,22.35,0.66,0.72
113,31.33,0.09,91.0,689.49,7.23,22.56,0.7,0.72
113,12.28,0.31,69.0,472.12,1.51,38.49,0.7,0.72
113,32.02,0.11,89.0,662.05,6.66,24.34,0.6,0.72
113,35.83,0.08,92.0,665.57,6.63,23.84,0.64,0.72
113,12.75,0.31,69.0,471.99,1.41,38.79,0.71,0.72
114,55.33,0.0,100.0,485.21,5.4,32.88,0.57,0.91
114,55.28,0.0,100.0,480.25,5.3,33.74,0.55,0.91

114,54.46,0.01,99.0,484.15,5.33,33.44,0.58,0.91
114,56.34,0.02,98.0,456.71,5.2,33.19,0.52,0.91
115,41.11,0.13,87.0,611.78,3.59,38.62,0.54,0.92
115,53.76,0.0,100.0,633.25,3.94,43.57,0.73,0.92
115,40.02,0.15,85.0,609.21,3.51,38.53,0.51,0.92
116,27.28,0.27,73.0,591.87,1.95,37.4,0.42,1.0
116,25.88,0.27,73.0,589.41,1.66,38.3,0.43,1.01
116,19.89,0.3,70.0,589.45,1.77,36.06,0.46,1.01
116,12.33,0.32,68.0,597.56,1.71,35.58,0.57,1.0
117,60.3,0.01,99.0,617.99,5.96,27.77,0.44,0.91
117,61.03,0.02,98.0,610.05,5.69,28.38,0.4,0.91

117,57.71,0.02,98.0,615.52,5.88,28.98,0.4,0.91

118,56.04,0.02,98.0,613.17,3.53,33.97,0.61,0.76
118,56.66,0.03,97.0,606.95,3.2,34.25,0.63,0.76
118,58.62,0.01,99.0,612.19,3.45,34.36,0.62,0.76
118,57.86,0.02,98.0,493.79,3.61,34.51,0.62,0.76
118,54.36,0.03,97.0,606.99,3.05,36.28,0.69,0.76
118,58.32,0.01,99.0,609.84,3.27,35.49,0.66,0.76
119,60.36,0.0,100.0,480.27,4.24,41.25,0.53,0.75
119,66.69,0.0,100.0,559.18,2.28,43.66,0.55,0.75
119,66.68,0.0,100.0,560.87,2.0,44.73,0.59,0.75
119,66.72,0.0,100.0,564.75,2.14,44.79,0.62,0.75
119,68.07,0.0,100.0,558.84,2.0,44.58,0.58,0.75
119,69.29,0.0,100.0,557.39,2.2,44.09,0.55,0.75
119,66.24,0.0,100.0,565.94,2.28,44.08,0.6,0.75

120,42.26,0.09,91.0,455.68,3.77,42.61,0.67,0.8112120,41.61,0.09,91.0,458.99,3.64,42.54,0.71,0.81
43.14,0.08,92.0,461.33,3.77,42.37,0.67,0.81
120,36.55,0.13,87.0,450.88,3.59,42.12,0.67,0.81
121,28.98,0.26,74.0,460.75,1.99,32.67,0.42,0.78
121,38.89,0.2,80.0,464.72,2.88,32.86,0.45,0.78
121,17.11,0.31,69.0,529.01,2.25,28.54,0.56,0.78
122,44.34,0.25,75.0,592.1,1.2,32.28,0.2,0.67
7122,47.44,0.26,74.0,492.95,1.18,32.25,0.15,0.67
22,41.86,0.28,72.0,482.33,1.22,32.19,0.22,0.67
123,31.59,0.24,76.0,511.7,4.92,31.07,0.27,0.87

123,35.82,0.21,79.0,504.38,4.65,33.15,0.26,0.87
123,25.84,0.25,75.0,517.59,4.95,30.85,0.28,0.87
124,55.73,0.0,100.0,507.97,4.72,39.98,0.64,0.83
124,56.05,0.0,100.0,508.78,4.92,39.51,0.6,0.83
124,53.88,0.0,100.0,508.01,4.04,43.8,0.74,0.83
125,67.63,0.05,95.0,463.93,2.15,38.29,0.37,0.761125,63.41,0.05,95.0,441.28,2.29,37.95,0.45,0.75
25,57.3,0.05,95.0,464.26,4.21,36.14,0.44,0.75
125,69.54,0.05,95.0,556.1,2.0,38.83,0.38,0.76
126,6.99,0.34,66.0,563.01,1.45,31.26,0.71,0.71126,5.62,0.35,65.0,564.65,1.0,32.05,0.75,0.71
126,5.62,0.35,65.0,564.65,1.0,32.05,0.75,0.71

127,16.38,0.31,69.0,529.12,3.59,30.12,0.48,0.68
127,6.75,0.35,65.0,536.63,3.95,28.63,0.48,0.68

127,19.2,0.28,72.0,524.08,3.18,31.63,0.52,0.68

127,11.19,0.32,68.0,537.71,3.79,28.3,0.5,0.68
127,13.41,0.31,69.0,534.05,3.78,29.22,0.47,0.68
128,19.39,0.27,73.0,468.41,1.19,31.59,0.7,0.72

128,16.3,0.29,71.0,470.72,1.2,31.08,0.7,0.72


129,-1.57,0.41,59.0,465.37,2.39,28.37,0.55,0.79
129,34.13,0.21,79.0,541.26,1.76,36.05,0.54,0.79
129,14.51,0.33,67.0,403.81,3.33,27.25,0.45,0.79
129,7.05,0.36,64.0,458.27,2.34,28.46,0.53,0.79

129,-2.61,0.41,59.0,469.8,2.49,27.74,0.58,0.79
129,0.22,0.4,60.0,457.54,2.15,29.11,0.55,0.79
130,66.89,0.0,100.0,624.68,3.02,41.51,0.52,1.041130,65.01,0.0,100.0,636.68,3.18,40.98,0.54,1.04130,62.88,0.01,99.0,634.67,3.29,39.9,0.52,1.04

130,64.34,0.01,99.0,639.09,3.21,40.53,0.52,1.04
130,60.3,0.01,99.0,652.74,3.39,39.93,0.6,1.04
131,36.83,0.2,80.0,477.68,1.34,35.55,0.57,0.69
1131,41.71,0.18,82.0,472.79,1.37,36.24,0.51,0.69
131,40.64,0.18,82.0,478.54,1.32,36.93,0.54,0.69
131,42.44,0.18,82.0,555.35,1.68,36.27,0.51,0.69
132,23.47,0.27,73.0,620.09,1.19,30.96,0.67,0.41
132,23.31,0.27,73.0,614.17,1.32,31.16,0.64,0.41
132,17.42,0.3,70.0,626.73,1.16,29.49,0.71,0.41
133,13.29,0.34,66.0,472.82,1.0,31.09,0.57,0.7
133,14.72,0.34,66.0,471.66,1.0,31.38,0.52,0.7
133,14.71,0.34,66.0,471.83,1.0,31.34,0.51,0.7
133,14.03,0.34,66.0,471.99,1.0,31.3,0.53,0.7
134,46.47,0.11,89.0,562.7,2.72,34.88,0.54,0.87

134,50.55,0.09,91.0,568.36,2.81,34.57,0.56,0.87
134,46.1,0.09,91.0,583.46,3.14,34.87,0.61,0.87
134,46.19,0.11,89.0,577.95,3.02,35.04,0.58,0.87
135,58.66,0.01,99.0,634.65,2.0,43.17,0.74,0.77
135,57.58,0.01,99.0,638.7,2.0,43.31,0.75,0.77

135,57.89,0.01,99.0,636.68,2.0,43.24,0.75,0.77
35,57.58,0.01,99.0,638.7,2.0,43.31,0.75,0.77
136,40.14,0.18,82.0,522.76,1.54,38.16,0.54,0.73
136,40.83,0.17,83.0,525.04,1.61,38.3,0.57,0.73

137,60.55,0.04,96.0,583.94,2.73,38.16,0.56,0.78
137,59.02,0.04,96.0,584.65,2.67,38.05,0.59,0.78
137,63.12,0.02,98.0,581.25,2.53,38.29,0.61,0.78
137,63.46,0.02,98.0,584.12,2.73,38.7,0.55,0.78
138,62.74,0.0,100.0,433.31,4.78,36.99,0.43,0.9
138,65.24,0.01,99.0,429.98,4.55,36.54,0.44,0.9
138,53.96,0.0,100.0,448.22,4.14,38.27,0.71,0.9
138,60.54,0.0,100.0,463.13,4.6,37.29,0.6,0.9

139,27.77,0.26,74.0,598.41,1.73,33.04,0.42,0.83
139,32.22,0.24,76.0,602.12,1.99,34.23,0.4,0.83

139,23.09,0.26,74.0,610.18,1.46,32.24,0.55,0.83
139,27.79,0.25,75.0,602.4,1.65,33.32,0.43,0.83
140,23.47,0.0,100.0,557.14,14.16,14.17,0.65,0.66
140,44.03,0.0,100.0,521.72,8.72,22.05,0.63,0.66140,27.78,0.0,100.0,542.51,13.68,15.08,0.59,0.66
140,24.56,0.0,100.0,565.7,14.48,14.08,0.65,0.66
141,68.14,0.01,99.0,488.46,2.0,38.66,0.5,0.71

141,57.97,0.01,99.0,481.46,2.0,37.47,0.74,0.71
141,66.03,0.01,99.0,484.6,2.0,38.33,0.51,0.71

142,58.78,0.0,100.0,318.48,3.5,39.64,0.64,0.75

142,58.54,0.01,99.0,316.96,3.45,39.45,0.62,0.75
143,20.27,0.28,72.0,415.6,1.5,36.48,0.65,0.69

143,12.9,0.32,68.0,646.66,1.26,35.1,0.72,0.69

143,18.87,0.28,72.0,415.5,1.58,35.86,0.66,0.69
144,41.0,0.18,82.0,549.23,2.5,40.49,0.44,0.75
144,32.69,0.23,77.0,544.18,2.26,38.44,0.44,0.75
144,39.76,0.18,82.0,551.34,2.5,40.36,0.48,0.75

145,87.26,0.02,98.0,727.28,2.0,40.82,0.13,1.01
145,85.74,0.02,98.0,728.34,2.0,39.9,0.12,1.01

145,85.67,0.02,98.0,728.77,2.0,40.78,0.13,1.01
146,50.05,0.0,100.0,613.82,7.4,31.83,0.57,0.79

146,53.62,0.0,100.0,642.31,7.58,23.66,0.51,0.79
146,56.07,0.0,100.0,639.75,7.34,24.4,0.49,0.79
147,52.32,0.0,100.0,622.63,4.12,34.86,0.74,0.76
147,52.5,0.0,100.0,622.02,4.0,34.98,0.75,0.77

147,52.5,0.0,100.0,622.02,4.0,34.98,0.75,0.77

148,13.35,0.32,68.0,717.25,1.07,24.49,0.63,0.68
148,9.64,0.33,67.0,722.49,1.03,23.94,0.71,0.68
148,9.44,0.33,67.0,726.18,1.03,23.23,0.72,0.68

148,9.02,0.33,67.0,726.18,1.03,23.38,0.73,0.68
149,38.43,0.17,83.0,523.37,2.37,39.05,0.52,0.77149,30.39,0.23,77.0,521.59,2.21,37.08,0.51,0.77
149,31.36,0.22,78.0,521.42,2.19,36.96,0.51,0.77
150,27.51,0.23,77.0,547.91,2.83,36.38,0.57,0.69
150,31.11,0.21,79.0,544.47,2.52,36.05,0.52,0.69
150,30.45,0.23,77.0,540.61,2.17,35.15,0.53,0.69
151,52.5,0.0,100.0,657.96,4.0,38.75,0.75,0.9
151,52.5,0.0,100.0,657.96,4.0,38.75,0.75,0.9
152,59.53,0.0,100.0,426.61,2.02,38.08,0.74,0.71152,57.58,0.01,99.0,427.67,2.0,37.97,0.75,0.71
152,59.17,0.0,100.0,427.67,2.0,38.02,0.75,0.71

153,44.28,0.0,100.0,455.04,8.68,28.84,0.57,0.78
153,44.1,0.0,100.0,464.38,9.28,27.04,0.55,0.78
153,44.97,0.0,100.0,455.8,8.68,29.4,0.59,0.78

153,46.55,0.0,100.0,450.65,8.32,29.46,0.59,0.78
154,19.7,0.31,69.0,569.94,2.22,32.2,0.45,0.78

154,21.14,0.3,70.0,567.16,2.13,33.81,0.43,0.78

155,10.5,0.32,68.0,329.47,1.0,27.36,0.75,0.4

155,10.5,0.32,68.0,329.47,1.0,27.36,0.75,0.4
155,10.5,0.32,68.0,329.47,1.0,27.36,0.75,0.4
156,57.12,0.02,98.0,475.67,2.08,37.66,0.72,0.41
156,57.84,0.02,98.0,471.76,2.2,38.11,0.71,0.41

156,58.38,0.02,98.0,603.75,2.04,37.54,0.73,0.41
157,38.57,0.16,84.0,658.57,1.82,36.0,0.69,0.43

157,41.73,0.13,87.0,658.97,1.83,37.16,0.7,0.43
157,43.36,0.12,88.0,660.03,2.11,36.12,0.65,0.43
158,18.63,0.29,71.0,574.26,1.48,27.91,0.63,0.41158,14.89,0.3,70.0,580.3,1.1,27.82,0.73,0.4

158,16.11,0.29,71.0,577.87,1.13,28.52,0.72,0.4
159,5.65,0.35,65.0,603.07,1.22,27.9,0.73,0.41

159,6.47,0.35,65.0,602.83,1.11,27.88,0.74,0.41
159,9.08,0.33,67.0,601.57,1.21,28.26,0.73,0.41
160,55.98,0.02,98.0,493.64,2.0,41.4,0.75,0.46

160,57.56,0.02,98.0,548.46,2.02,41.37,0.74,0.46
160,55.98,0.02,98.0,493.64,2.0,41.4,0.75,0.46

160,57.56,0.02,98.0,548.46,2.02,41.37,0.74,0.46
160,57.92,0.02,98.0,547.93,2.04,41.35,0.73,0.46
161,15.8,0.25,75.0,553.71,7.2,22.4,0.51,0.45
5
161,12.93,0.28,72.0,544.83,5.58,24.48,0.57,0.45161,15.13,0.26,74.0,548.0,6.27,23.92,0.53,0.45
162,52.5,0.0,100.0,578.9,4.0,39.1,0.75,0.48
162,52.5,0.0,100.0,578.9,4.0,39.1,0.75,0.48
162,52.5,0.0,100.0,578.9,4.0,39.1,0.75,0.48
163,7.25,0.34,66.0,658.54,1.0,24.55,0.75,0.47
163,7.25,0.34,66.0,658.54,1.0,24.55,0.75,0.47
163,7.25,0.34,66.0,658.54,1.0,24.55,0.75,0.47
163,7.25,0.34,66.0,658.54,1.0,24.55,0.75,0.47
164,12.5,0.0,100.0,737.76,16.0,9.7,0.75,0.48

164,12.5,0.0,100.0,737.76,16.0,9.7,0.75,0.48
164,12.5,0.0,100.0,737.76,16.0,9.7,0.75,0.48
165,39.17,0.0,100.0,534.34,8.0,21.1,0.75,0.43
165,39.17,0.0,100.0,534.34,8.0,21.1,0.75,0.43
165,39.17,0.0,100.0,534.34,8.0,21.1,0.75,0.43
166,52.8,0.04,96.0,519.39,2.0,36.54,0.75,0.75
166,52.8,0.04,96.0,519.39,2.0,36.54,0.75,0.75
166,52.8,0.04,96.0,519.39,2.0,36.54,0.75,0.75
166,52.8,0.04,96.0,519.39,2.0,36.54,0.75,0.76
167,47.87,0.09,91.0,556.63,1.9,39.13,0.71,0.81
167,51.77,0.07,93.0,556.2,2.0,39.19,0.68,0.81
1167,51.55,0.08,92.0,554.67,1.93,39.44,0.65,0.81
168,13.21,0.32,68.0,614.23,1.0,30.37,0.64,0.79
168,16.94,0.32,68.0,613.35,1.0,30.71,0.56,0.79
168,14.21,0.32,68.0,613.24,1.0,30.75,0.58,0.79
168,16.28,0.32,68.0,613.13,1.0,30.79,0.57,0.79
169,43.03,0.18,82.0,441.97,1.68,33.08,0.47,0.74
169,43.88,0.19,81.0,442.15,1.79,32.78,0.42,0.74
169,56.57,0.11,89.0,442.24,1.83,35.16,0.46,0.74
169,52.81,0.14,86.0,442.53,1.91,34.74,0.46,0.74
170,54.14,0.04,96.0,645.46,2.02,34.7,0.74,0.4
170,54.14,0.04,96.0,645.46,2.02,34.7,0.74,0.4
170,54.14,0.04,96.0,645.46,2.02,34.7,0.74,0.4
171,52.5,0.0,100.0,557.21,4.0,36.11,0.75,0.44
171,52.5,0.0,100.0,557.21,4.0,36.11,0.75,0.44
171,52.5,0.0,100.0,557.21,4.0,36.11,0.75,0.44
171,52.5,0.0,100.0,557.21,4.0,36.11,0.75,0.44
171,52.5,0.0,100.0,557.21,4.0,36.11,0.75,0.44
172,30.77,0.26,74.0,515.94,1.2,35.13,0.59,0.72

172,29.09,0.27,73.0,515.9,1.21,34.15,0.6,0.72

172,27.35,0.26,74.0,571.53,1.23,34.75,0.63,0.72
173,52.5,0.0,100.0,616.44,4.0,43.93,0.75,0.71
173,52.5,0.0,100.0,616.44,4.0,43.93,0.75,0.71
173,52.5,0.0,100.0,616.44,4.0,43.93,0.75,0.71
173,52.5,0.0,100.0,616.44,4.0,43.93,0.75,0.71
174,39.17,0.0,100.0,633.69,8.0,19.28,0.75,1.0
174,39.17,0.0,100.0,633.69,8.0,19.28,0.75,1.0
174,39.17,0.0,100.0,633.69,8.0,19.28,0.75,1.0
175,56.85,0.01,99.0,479.8,3.66,37.64,0.67,0.37

175,56.9,0.0,100.0,479.03,3.6,38.11,0.67,0.37


176,16.47,0.0,100.0,560.16,15.44,10.51,0.72,0.76
176,16.05,0.0,100.0,561.57,15.58,10.44,0.73,0.76
176,16.17,0.0,100.0,561.57,15.58,10.59,0.73,0.76
177,52.5,0.0,100.0,586.54,4.0,34.47,0.75,0.75
177,52.5,0.0,100.0,586.54,4.0,34.47,0.75,0.76
177,52.5,0.0,100.0,586.54,4.0,34.47,0.75,0.76
177,52.5,0.0,100.0,586.54,4.0,34.47,0.75,0.76
177,52.5,0.0,100.0,586.54,4.0,34.47,0.75,0.76
178,59.47,0.0,100.0,555.66,4.0,41.15,0.54,0.4
178,60.44,0.0,100.0,556.34,4.0,40.87,0.6,0.4
178,57.92,0.0,100.0,556.91,4.0,40.64,0.62,0.4
178,57.4,0.0,100.0,557.48,4.0,40.4,0.67,0.4
179,51.4,0.06,94.0,640.98,2.73,40.95,0.71,0.44
179,52.97,0.05,95.0,642.05,3.02,40.43,0.69,0.44
179,52.89,0.05,95.0,641.5,2.87,40.66,0.7,0.44
179,52.3,0.05,95.0,642.05,3.02,40.41,0.7,0.44
180,5.6,0.36,64.0,687.81,1.25,27.47,0.73,0.4

180,7.22,0.35,65.0,556.57,1.03,28.32,0.73,0.4
180,5.6,0.36,64.0,687.81,1.25,27.47,0.73,0.4
180,5.11,0.36,64.0,556.56,1.03,28.08,0.73,0.4
181,54.96,0.05,95.0,463.68,2.29,39.99,0.65,1.01
181,51.35,0.05,95.0,464.74,2.29,39.96,0.68,1.0
181,51.22,0.05,95.0,466.01,2.29,40.16,0.71,1.01
182,52.5,0.0,100.0,609.83,4.0,40.91,0.75,0.37
182,52.5,0.0,100.0,609.83,4.0,40.91,0.75,0.37
183,12.5,0.0,100.0,691.6,16.0,10.98,0.75,0.75
183,12.5,0.0,100.0,691.6,16.0,10.98,0.75,0.75
5
184,52.6,0.0,100.0,548.24,4.04,42.73,0.75,0.441184,53.65,0.0,100.0,605.17,4.04,42.58,0.74,0.44
185,57.7,0.0,100.0,627.78,4.12,39.0,0.67,0.39


185,55.23,0.03,97.0,626.0,2.02,32.76,0.75,0.39

185,54.8,0.0,100.0,628.12,4.12,38.97,0.69,0.39
186,52.5,0.0,100.0,667.29,4.0,42.32,0.75,0.41
186,52.5,0.0,100.0,667.29,4.0,42.32,0.75,0.41
187,10.35,0.33,67.0,615.0,1.04,31.9,0.73,1.06
187,10.35,0.33,67.0,615.0,1.04,31.9,0.73,1.06
187,10.35,0.33,67.0,615.0,1.04,31.9,0.73,1.06
188,37.65,0.02,98.0,587.95,8.0,21.71,0.74,0.77
188,7.28,0.35,65.0,622.28,1.11,34.42,0.73,0.77
188,7.28,0.35,65.0,622.28,1.11,34.42,0.73,0.77
189,50.37,0.0,100.0,685.76,8.0,20.12,0.51,0.8
189,49.47,0.0,100.0,685.75,8.0,20.14,0.54,0.8
189,47.6,0.0,100.0,685.86,8.0,20.02,0.56,0.8

189,50.01,0.0,100.0,685.72,8.0,20.17,0.5,0.8

190,53.31,0.0,100.0,695.87,4.0,39.53,0.75,0.87
190,52.5,0.0,100.0,532.77,4.0,39.54,0.75,0.87
190,52.5,0.0,100.0,532.77,4.0,39.54,0.75,0.87

191,52.8,0.04,96.0,561.77,2.0,39.87,0.75,0.81191,52.8,0.04,96.0,561.77,2.0,39.87,0.75,0.8
192,53.91,0.01,99.0,568.02,6.53,22.25,0.6,0.721192,54.78,0.01,99.0,565.15,6.26,23.26,0.58,0.72
192,59.74,0.01,99.0,553.26,5.98,27.02,0.45,0.72
193,55.98,0.02,98.0,511.75,2.0,37.61,0.75,0.87
193,55.98,0.02,98.0,511.75,2.0,37.61,0.75,0.87
193,55.98,0.02,98.0,511.75,2.0,37.61,0.75,0.87
193,55.98,0.02,98.0,511.75,2.0,37.61,0.75,0.87
194,9.68,0.33,67.0,646.82,1.0,33.13,0.74,0.4
194,9.68,0.33,67.0,646.82,1.0,33.13,0.74,0.4
195,16.68,0.29,71.0,611.37,1.04,32.78,0.74,0.43
195,16.68,0.29,71.0,611.37,1.04,32.78,0.74,0.43
195,16.68,0.29,71.0,611.37,1.04,32.78,0.74,0.43
195,16.68,0.29,71.0,611.37,1.04,32.78,0.74,0.43
196,10.4,0.32,68.0,505.36,1.04,27.12,0.75,0.41
196,11.24,0.32,68.0,697.08,1.04,27.19,0.74,0.42
6,11.24,0.32,68.0,697.08,1.04,27.19,0.74,0.42
197,42.37,0.0,100.0,614.73,8.08,17.7,0.73,0.43
197,42.37,0.0,100.0,614.73,8.08,17.7,0.73,0.43
198,-1.51,0.42,58.0,659.58,1.05,28.38,0.64,0.42
199,17.33,0.29,71.0,561.35,1.34,29.47,0.7,0.4

199,19.61,0.27,73.0,561.15,1.16,30.43,0.71,0.4
200,56.29,0.02,98.0,543.17,2.43,39.49,0.71,0.43
200,57.78,0.02,98.0,544.53,2.67,38.73,0.69,0.43
201,55.76,0.0,100.0,618.43,4.76,38.87,0.65,0.44
201,54.6,0.0,100.0,618.7,4.8,38.24,0.65,0.44


201,56.23,0.0,100.0,620.88,5.12,35.96,0.6,0.44
202,39.17,0.0,100.0,668.6,8.0,19.63,0.75,0.83
203,-2.5,0.4,60.0,644.45,1.0,28.18,0.75,0.41
203,-2.5,0.4,60.0,644.45,1.0,28.18,0.75,0.41
203,-2.5,0.4,60.0,644.45,1.0,28.18,0.75,0.41
203,-2.5,0.4,60.0,644.45,1.0,28.18,0.75,0.41
204,53.0,0.0,100.0,556.46,3.97,44.11,0.74,0.71
204,52.5,0.0,100.0,557.91,4.0,44.21,0.75,0.71
204,52.5,0.0,100.0,557.91,4.0,44.21,0.75,0.71

205,39.82,0.0,100.0,552.47,7.96,20.25,0.74,0.42
205,39.36,0.0,100.0,552.47,7.96,20.15,0.75,0.42
206,18.41,0.0,100.0,443.28,14.88,12.75,0.71,0.41
206,14.49,0.0,100.0,452.32,15.58,11.31,0.74,0.41
206,19.47,0.0,100.0,439.89,14.6,14.06,0.69,0.41

206,18.75,0.0,100.0,442.15,14.74,13.53,0.71,0.41
206,15.42,0.01,99.0,448.85,15.29,12.67,0.71,0.41
206,21.85,0.0,100.0,437.06,14.32,13.99,0.69,0.41
206,18.07,0.0,100.0,443.84,14.88,13.47,0.7,0.41
207,37.69,0.03,97.0,679.55,7.57,23.42,0.73,0.72
207,38.95,0.02,98.0,679.62,7.57,23.07,0.74,0.73
207,37.56,0.03,97.0,679.55,7.57,23.11,0.73,0.73
207,42.33,0.01,99.0,676.18,7.36,23.99,0.73,0.73
208,18.53,0.29,71.0,661.09,1.15,32.35,0.43,0.47
8,24.63,0.27,73.0,688.44,1.14,35.31,0.56,0.47
208,24.43,0.27,73.0,680.62,1.16,34.75,0.49,0.47208,19.65,0.29,71.0,669.66,1.17,32.44,0.45,0.47
209,53.76,0.0,100.0,700.85,3.98,37.86,0.74,0.46
209,53.76,0.0,100.0,700.85,3.98,37.86,0.74,0.46
209,53.76,0.0,100.0,700.85,3.98,37.86,0.74,0.46
210,59.58,0.01,99.0,407.39,2.0,44.16,0.75,0.76
210,59.58,0.01,99.0,407.39,2.0,44.16,0.75,0.76
210,59.58,0.01,99.0,407.39,2.0,44.16,0.75,0.76
210,59.58,0.01,99.0,407.39,2.0,44.16,0.75,0.76
210,59.58,0.01,99.0,407.39,2.0,44.16,0.75,0.76
211,15.3,0.29,71.0,490.18,1.2,22.25,0.73,0.59

211,39.71,0.0,100.0,711.26,7.93,17.99,0.75,0.59
211,39.71,0.0,100.0,711.26,7.93,17.99,0.75,0.59
212,7.25,0.34,66.0,500.82,1.0,26.73,0.75,0.41
212,7.25,0.34,66.0,500.82,1.0,26.73,0.75,0.41
212,7.25,0.34,66.0,500.82,1.0,26.73,0.75,0.41
212,7.25,0.34,66.0,500.82,1.0,26.73,0.75,0.41
213,48.03,0.07,93.0,516.06,2.0,36.45,0.75,0.44

213,48.03,0.07,93.0,516.06,2.0,36.45,0.75,0.44
214,5.2,0.37,63.0,602.95,1.11,26.87,0.72,0.88
214,4.48,0.38,62.0,595.38,1.11,26.56,0.69,0.87
214,2.51,0.38,62.0,603.45,1.11,26.64,0.73,0.88
214,2.51,0.38,62.0,603.45,1.11,26.64,0.73,0.88
214,2.51,0.38,62.0,603.45,1.11,26.64,0.73,0.88
215,24.94,0.28,72.0,750.0,1.62,36.07,0.45,0.38215,17.4,0.32,68.0,750.0,1.47,34.0,0.51,0.38
215,12.81,0.35,65.0,750.0,1.49,32.8,0.49,0.38
216,6.64,0.35,65.0,684.74,1.05,30.59,0.74,0.74
216,51.61,0.01,99.0,717.79,3.97,40.1,0.75,0.74
216,51.61,0.01,99.0,717.79,3.97,40.1,0.75,0.74
217,59.54,0.0,100.0,660.76,3.6,37.06,0.61,0.76
217,62.77,0.0,100.0,661.09,3.62,37.07,0.6,0.76

217,49.77,0.02,98.0,657.01,8.8,25.94,0.39,0.76
218,39.17,0.0,100.0,517.79,8.0,21.03,0.75,0.76

218,39.17,0.0,100.0,517.79,8.0,21.03,0.75,0.76
218,39.17,0.0,100.0,517.79,8.0,21.03,0.75,0.76
219,31.8,0.16,84.0,540.38,5.0,21.89,0.59,0.71

19,30.62,0.16,84.0,543.39,5.25,21.15,0.6,0.71
219,29.37,0.18,82.0,540.84,5.11,21.77,0.56,0.71
220,2.38,0.37,63.0,686.14,1.0,34.62,0.75,0.87
220,2.38,0.37,63.0,686.14,1.0,34.62,0.75,0.87
220,2.38,0.37,63.0,686.14,1.0,34.62,0.75,0.87
220,2.38,0.37,63.0,686.14,1.0,34.62,0.75,0.87
221,52.5,0.0,100.0,710.16,4.0,35.42,0.75,0.43
221,52.44,0.0,100.0,709.88,4.04,35.11,0.74,0.43
221,52.74,0.0,100.0,709.1,4.02,35.23,0.74,0.43

222,2.38,0.37,63.0,609.66,1.0,37.05,0.75,0.58
22222,2.38,0.37,63.0,609.66,1.0,37.05,0.75,0.58
223,58.02,0.0,100.0,576.16,4.04,43.21,0.69,0.44
223,58.62,0.0,100.0,572.6,4.04,43.01,0.68,0.44
224,30.67,0.03,97.0,532.93,11.96,17.82,0.56,0.73
224,33.7,0.02,98.0,538.43,12.43,17.83,0.56,0.73224,31.09,0.0,100.0,545.82,13.06,16.34,0.63,0.73
224,37.6,0.01,99.0,525.61,11.33,20.5,0.52,0.73
224,35.66,0.0,100.0,535.99,12.22,18.25,0.53,0.73
225,39.17,0.0,100.0,750.0,8.0,19.38,0.75,0.81
225,40.72,0.0,100.0,743.67,7.59,20.72,0.71,0.8
225,39.17,0.0,100.0,750.0,8.0,19.38,0.75,0.8
225,39.17,0.0,100.0,750.0,8.0,19.38,0.75,0.8
225,39.17,0.0,100.0,750.0,8.0,19.38,0.75,0.81
226,13.24,0.31,69.0,421.58,1.04,33.74,0.74,0.62
226,11.13,0.32,68.0,421.58,1.04,33.52,0.75,0.62
226,13.24,0.31,69.0,421.58,1.04,33.74,0.74,0.62
226,14.9,0.3,70.0,421.13,1.09,33.99,0.73,0.62
227,-2.5,0.4,60.0,725.98,1.0,35.01,0.75,0.42
227,-2.5,0.4,60.0,725.98,1.0,35.01,0.75,0.42
227,-2.5,0.4,60.0,725.98,1.0,35.01,0.75,0.42
228,3.84,0.38,62.0,567.85,1.05,34.86,0.67,0.622228,7.44,0.36,64.0,569.82,1.11,36.33,0.63,0.69
,4.86,0.36,64.0,571.27,1.06,36.83,0.69,0.69
229,72.05,0.0,100.0,461.21,3.4,40.12,0.43,0.55
229,71.99,0.02,98.0,471.73,3.16,38.76,0.37,0.55
229,69.84,0.02,98.0,471.54,3.14,38.72,0.36,0.55
229,70.31,0.02,98.0,470.98,3.1,38.59,0.36,0.55

29,73.93,0.01,99.0,472.77,3.29,39.35,0.26,0.55
230,50.64,0.02,98.0,560.57,3.91,37.12,0.73,0.69
230,54.0,0.0,100.0,558.98,3.82,37.61,0.73,0.69

230,47.6,0.04,96.0,559.41,3.84,37.04,0.74,0.69

231,16.53,0.0,100.0,676.83,15.62,10.59,0.72,0.4123231,20.29,0.0,100.0,670.14,15.12,11.8,0.7,0.41

232,41.7,0.02,98.0,594.16,9.94,23.97,0.51,0.69


232,44.88,0.0,100.0,595.4,10.16,24.76,0.48,0.69

232,37.22,0.01,99.0,602.14,10.71,22.92,0.53,0.69
232,38.81,0.0,100.0,599.79,10.48,22.59,0.55,0.69
233,21.2,0.23,77.0,436.13,4.79,20.87,0.58,0.37
233,23.43,0.23,77.0,429.96,3.82,21.94,0.62,0.37
233,16.8,0.29,71.0,422.05,2.58,22.89,0.67,0.37
234,52.5,0.0,100.0,685.85,4.0,39.74,0.75,0.78
234,52.5,0.0,100.0,685.85,4.0,39.74,0.75,0.78
234,50.97,0.01,99.0,685.85,4.0,39.67,0.75,0.78
234,52.5,0.0,100.0,685.85,4.0,39.74,0.75,0.78

235,10.5,0.32,68.0,615.41,1.0,32.27,0.75,0.9
235,10.5,0.32,68.0,615.41,1.0,32.27,0.75,0.9
235,10.5,0.32,68.0,615.41,1.0,32.27,0.75,0.9
236,59.73,0.0,100.0,523.95,4.16,37.82,0.64,0.65
236,56.63,0.0,100.0,524.5,4.12,38.26,0.67,0.65
236,56.71,0.0,100.0,524.88,4.2,37.76,0.65,0.65
236,58.75,0.0,100.0,523.38,4.08,38.43,0.61,0.65
237,52.5,0.0,100.0,640.14,4.0,40.2,0.75,0.73
237,52.5,0.0,100.0,640.14,4.0,40.2,0.75,0.73
237,52.5,0.0,100.0,640.14,4.0,40.2,0.75,0.73
237,52.5,0.0,100.0,640.14,4.0,40.2,0.75,0.73
238,50.04,0.06,94.0,582.76,2.0,46.54,0.74,0.8
2238,50.22,0.06,94.0,582.17,2.0,46.55,0.74,0.8
38,49.95,0.06,94.0,583.34,2.0,46.53,0.75,0.8
239,42.93,0.0,100.0,713.62,8.04,19.85,0.73,0.78
239,42.93,0.0,100.0,713.62,8.04,19.85,0.73,0.78
239,42.93,0.0,100.0,713.62,8.04,19.85,0.73,0.78239,42.93,0.0,100.0,713.62,8.04,19.85,0.73,0.78
240,39.53,0.0,100.0,602.65,8.08,17.54,0.75,0.69
240,39.53,0.0,100.0,602.65,8.08,17.54,0.75,0.69
240,44.01,0.0,100.0,387.75,8.56,17.82,0.65,0.69
240,39.53,0.0,100.0,602.65,8.08,17.54,0.75,0.69
241,13.75,0.3,70.0,667.74,1.0,27.99,0.75,0.65
241,13.75,0.3,70.0,667.74,1.0,27.99,0.75,0.65
241,13.75,0.3,70.0,667.74,1.0,27.99,0.75,0.65
242,57.58,0.01,99.0,566.66,2.0,36.45,0.75,0.56
242,57.58,0.01,99.0,566.66,2.0,36.45,0.75,0.56
242,57.58,0.01,99.0,566.66,2.0,36.45,0.75,0.56
242,57.58,0.01,99.0,566.66,2.0,36.45,0.75,0.56
243,40.02,0.01,99.0,651.39,7.93,22.29,0.74,0.69
243,30.49,0.14,86.0,523.05,5.97,25.23,0.61,0.69
243,36.38,0.1,90.0,527.61,6.29,24.68,0.65,0.69

244,52.5,0.0,100.0,698.5,4.0,36.43,0.75,0.68
244,52.5,0.0,100.0,698.5,4.0,36.43,0.75,0.68
244,52.5,0.0,100.0,698.5,4.0,36.43,0.75,0.68
245,55.33,0.0,100.0,541.14,4.44,34.16,0.69,0.44
245,52.58,0.0,100.0,540.87,4.36,34.73,0.71,0.44245,53.37,0.0,100.0,541.28,4.48,34.81,0.71,0.44
246,57.97,0.02,98.0,593.46,2.16,40.79,0.74,0.47
246,58.05,0.02,98.0,592.69,2.18,40.72,0.74,0.47
246,57.97,0.02,98.0,593.46,2.16,40.79,0.74,0.47
246,57.97,0.02,98.0,593.46,2.16,40.79,0.74,0.47
247,63.39,0.02,98.0,617.44,4.53,37.97,0.4,0.47

247,68.38,0.0,100.0,621.3,4.82,35.3,0.34,0.47

247,70.65,0.01,99.0,619.24,4.79,36.07,0.31,0.47
248,54.97,0.03,97.0,481.4,2.06,45.63,0.74,0.424248,55.54,0.0,100.0,690.98,4.08,39.44,0.73,0.4248,56.58,0.0,100.0,680.29,3.98,39.99,0.72,0.4
249,52.5,0.0,100.0,516.51,4.0,42.02,0.75,0.73
249,52.5,0.0,100.0,516.51,4.0,42.02,0.75,0.73
249,52.5,0.0,100.0,516.51,4.0,42.02,0.75,0.73
249,52.5,0.0,100.0,516.51,4.0,42.02,0.75,0.73
250,58.38,0.01,99.0,558.63,2.06,37.76,0.74,0.41
250,58.38,0.01,99.0,558.63,2.06,37.76,0.74,0.41
250,59.68,0.01,99.0,558.18,2.08,37.76,0.73,0.41
