r,l,t,reward_step,action,reward,ep_block_prob,ep_accepted_requests,ep_rejected_requests,ep_deploy_all,ep_ffd,ep_ffi,ep_bf1b1,avg_latency,avg_cost,avg_cpu_cluster_selected,gini,executionTime
7.2276373,100,1.202098,-1.0,7.0,7.23,0.37,63.0,37.0,0.0,20.0,20.0,23.0,298.68,4.12,10.31,0.41,0.0
15.956556,100,3.006394,-1.0,7.0,15.96,0.3,70.0,30.0,9.0,26.0,14.0,21.0,344.13,10.08,7.88,0.39,0.56
12.328152,100,4.771655,0.67,4.0,12.33,0.31,69.0,31.0,0.0,29.0,20.0,20.0,372.68,10.22,9.49,0.42,0.65
-1.6957654,100,6.541625,0.51,4.0,-1.7,0.35,65.0,35.0,0.0,18.0,22.0,25.0,488.14,8.52,11.2,0.41,0.65
7.9138875,100,8.783409,0.56,5.0,7.91,0.27,73.0,27.0,0.0,28.0,20.0,25.0,522.21,9.61,6.56,0.28,0.59
5.9353347,100,10.649982,0.68,6.0,5.94,0.38,62.0,38.0,0.0,22.0,20.0,20.0,292.07,8.02,9.08,0.35,0.8
12.034635,100,12.353163,0.85,4.0,12.03,0.34,66.0,34.0,0.0,21.0,23.0,22.0,303.2,8.2,9.5,0.39,0.69
22.984377,100,14.045615,0.84,5.0,22.98,0.3,70.0,30.0,19.0,14.0,15.0,22.0,243.84,1.66,16.74,0.26,0.63
1.6560342,100,15.177809,-1.0,6.0,1.66,0.33,67.0,33.0,1.0,28.0,21.0,17.0,483.26,10.5,8.71,0.46,0.55
25.19609,100,17.055327,0.66,6.0,25.2,0.25,75.0,25.0,47.0,5.0,18.0,5.0,331.39,4.36,19.34,0.34,0.39
25.794655,100,19.094968,0.53,3.0,25.79,0.21,79.0,21.0,79.0,0.0,0.0,0.0,408.26,4.3,30.59,0.2,0.63
52.791466,100,20.346045,0.65,3.0,52.79,0.05,95.0,5.0,95.0,0.0,0.0,0.0,392.28,2.69,38.59,0.15,0.48
1.8313576,100,22.096683,0.62,3.0,1.83,0.35,65.0,35.0,65.0,0.0,0.0,0.0,433.93,2.02,24.21,0.28,0.34
64.239876,100,23.975064,0.77,2.0,64.24,0.07,93.0,7.0,91.0,0.0,2.0,0.0,234.75,4.24,21.4,0.24,0.47
60.401802,100,25.810048,0.72,2.0,60.4,0.09,91.0,9.0,89.0,1.0,1.0,0.0,238.11,2.98,29.61,0.18,0.6
56.285923,100,27.773523,0.61,3.0,56.29,0.04,96.0,4.0,94.0,1.0,1.0,0.0,372.65,3.41,33.67,0.27,0.7
40.729637,100,29.51662,0.58,3.0,40.73,0.12,88.0,12.0,88.0,0.0,0.0,0.0,401.4,3.02,27.29,0.31,0.68
37.283104,100,31.267073,0.62,2.0,37.28,0.2,80.0,20.0,79.0,1.0,0.0,0.0,284.68,5.12,23.43,0.21,0.46
64.58784,100,32.547172,0.68,3.0,64.59,0.02,98.0,2.0,94.0,1.0,1.0,2.0,321.21,7.8,23.26,0.55,0.59
51.38093,100,34.276483,0.87,5.0,51.38,0.18,82.0,18.0,60.0,10.0,6.0,6.0,154.74,6.55,24.74,0.19,0.31
48.52134,100,36.031684,0.6,3.0,48.52,0.08,92.0,8.0,75.0,7.0,2.0,8.0,386.25,12.17,11.85,0.41,0.61
41.831635,100,37.999058,-1.0,2.0,41.83,0.13,87.0,13.0,84.0,0.0,2.0,1.0,370.38,6.4,23.79,0.46,0.55
57.771095,100,39.676215,0.67,2.0,57.77,0.04,96.0,4.0,92.0,2.0,2.0,0.0,357.19,14.4,10.58,0.48,0.71
62.16366,100,41.256741,0.64,1.0,62.16,0.0,100.0,0.0,100.0,0.0,0.0,0.0,378.99,4.0,34.57,0.46,0.67
36.400818,100,42.353431,0.74,1.0,36.4,0.22,78.0,22.0,76.0,0.0,0.0,2.0,252.02,7.0,19.1,0.25,0.42
66.27816,100,43.444521,0.73,0.0,66.28,0.07,93.0,7.0,85.0,3.0,3.0,2.0,212.85,12.53,15.75,0.32,0.36
45.19654,100,44.822536,0.84,1.0,45.2,0.16,84.0,16.0,83.0,1.0,0.0,0.0,343.56,1.82,32.52,0.37,0.41
50.53514,100,46.482214,-1.0,3.0,50.54,0.11,89.0,11.0,89.0,0.0,0.0,0.0,309.29,6.58,17.92,0.14,0.62
66.30533,100,48.254511,0.81,2.0,66.31,0.0,100.0,0.0,100.0,0.0,0.0,0.0,337.61,10.24,24.69,0.47,0.6
38.213436,100,50.064126,0.58,1.0,38.21,0.14,86.0,14.0,86.0,0.0,0.0,0.0,393.47,5.91,19.68,0.59,0.62
64.29702,100,51.946444,0.68,0.0,64.3,0.0,100.0,0.0,100.0,0.0,0.0,0.0,357.67,6.52,29.31,0.27,0.55
62.43441,100,53.613813,0.7,2.0,62.43,0.03,97.0,3.0,97.0,0.0,0.0,0.0,326.09,10.89,17.93,0.43,0.64
55.135483,100,55.116384,0.62,2.0,55.14,0.03,97.0,3.0,97.0,0.0,0.0,0.0,401.26,2.74,35.43,0.55,0.59
52.77437,100,56.27755,0.64,3.0,52.77,0.09,91.0,9.0,90.0,1.0,0.0,0.0,321.84,6.77,20.69,0.43,0.41
41.097954,100,57.415278,0.65,3.0,41.1,0.16,84.0,16.0,84.0,0.0,0.0,0.0,320.94,9.61,18.44,0.44,0.42
67.98487,100,59.475278,0.59,2.0,67.98,0.01,99.0,1.0,97.0,2.0,0.0,0.0,303.88,6.45,23.34,0.34,0.38
50.5263,100,62.086002,0.64,3.0,50.53,0.07,93.0,7.0,93.0,0.0,0.0,0.0,382.06,3.58,34.25,0.49,0.93
70.67203,100,63.377203,0.71,2.0,70.67,0.0,100.0,0.0,100.0,0.0,0.0,0.0,293.99,13.78,11.6,0.29,0.83
66.499794,100,64.831972,0.59,0.0,66.5,0.04,96.0,4.0,94.0,2.0,0.0,0.0,266.36,5.06,27.77,0.31,0.41
69.31067,100,65.875147,0.69,3.0,69.31,0.0,100.0,0.0,100.0,0.0,0.0,0.0,307.59,10.08,20.86,0.38,0.61
58.117355,100,67.09007,0.75,0.0,58.12,0.07,93.0,7.0,93.0,0.0,0.0,0.0,300.51,11.35,14.43,0.47,0.33
60.315083,100,68.259562,0.8,0.0,60.32,0.02,98.0,2.0,98.0,0.0,0.0,0.0,364.77,13.41,13.02,0.61,0.42
34.8382,100,69.46737,-1.0,0.0,34.84,0.23,77.0,23.0,76.0,0.0,1.0,0.0,379.35,1.28,30.36,0.25,0.39
58.1438,100,70.700963,0.62,2.0,58.14,0.03,97.0,3.0,97.0,0.0,0.0,0.0,370.28,3.13,34.4,0.38,0.35
54.990353,100,72.085115,0.56,0.0,54.99,0.0,100.0,0.0,100.0,0.0,0.0,0.0,450.65,10.93,18.09,0.45,0.34
10.1198225,100,73.32427,0.55,3.0,10.12,0.27,73.0,27.0,72.0,1.0,0.0,0.0,492.02,2.77,21.68,0.41,0.44
27.173626,100,74.519283,0.75,0.0,27.17,0.27,73.0,27.0,67.0,3.0,3.0,0.0,258.64,4.36,25.7,0.42,0.42
62.57301,100,75.703623,0.7,2.0,62.57,0.07,93.0,7.0,88.0,3.0,2.0,0.0,252.65,4.02,30.99,0.36,0.44
32.360966,100,76.856516,-1.0,7.0,32.36,0.21,79.0,21.0,50.0,8.0,12.0,9.0,325.22,11.29,11.96,0.48,0.38
44.50963,100,77.910861,0.74,1.0,44.51,0.15,85.0,15.0,78.0,3.0,2.0,2.0,300.59,7.67,18.2,0.37,0.33
66.42225,100,79.128929,0.7,2.0,66.42,0.03,97.0,3.0,90.0,3.0,3.0,1.0,285.02,11.75,16.81,0.53,0.33
50.797836,100,80.261093,0.47,2.0,50.8,0.1,90.0,10.0,65.0,7.0,11.0,7.0,325.14,10.67,15.86,0.41,0.4
41.45498,100,81.408152,0.7,0.0,41.45,0.15,85.0,15.0,65.0,5.0,6.0,9.0,336.49,12.72,9.67,0.36,0.35
31.846428,100,82.581,-1.0,1.0,31.85,0.22,78.0,22.0,59.0,3.0,9.0,7.0,310.35,7.91,20.76,0.31,0.35
22.68185,100,83.793675,0.66,3.0,22.68,0.23,77.0,23.0,50.0,6.0,7.0,14.0,407.32,3.65,15.83,0.45,0.35
59.896587,100,86.291274,0.75,3.0,59.9,0.1,90.0,10.0,89.0,0.0,0.0,1.0,224.15,10.36,17.22,0.29,0.42
51.491695,100,87.507634,0.66,2.0,51.49,0.06,94.0,6.0,65.0,7.0,14.0,8.0,389.0,11.86,11.71,0.35,0.83
24.473314,100,88.566438,-1.0,7.0,24.47,0.22,78.0,22.0,44.0,9.0,10.0,15.0,404.78,2.79,27.73,0.52,0.34
18.24907,100,90.015615,0.65,5.0,18.25,0.24,76.0,24.0,36.0,15.0,14.0,11.0,444.65,2.3,15.94,0.44,0.35
57.139946,100,91.168442,-1.0,7.0,57.14,0.09,91.0,9.0,83.0,4.0,1.0,3.0,273.91,14.81,9.17,0.52,0.52
49.85303,100,92.738044,0.86,2.0,49.85,0.17,83.0,17.0,72.0,3.0,7.0,1.0,195.35,6.67,21.57,0.55,0.35
10.2557125,100,93.900069,-1.0,4.0,10.26,0.29,71.0,29.0,16.0,8.0,24.0,23.0,447.66,4.27,13.64,0.2,0.66
47.90728,100,95.200012,-1.0,4.0,47.91,0.1,90.0,10.0,71.0,5.0,8.0,6.0,357.23,8.24,13.31,0.51,0.35
41.96771,100,96.388169,0.76,1.0,41.97,0.19,81.0,19.0,77.0,1.0,1.0,2.0,248.07,5.47,20.72,0.51,0.52
5.595966,100,97.545801,0.3,6.0,5.6,0.28,72.0,28.0,15.0,23.0,18.0,16.0,533.86,9.59,11.44,0.28,0.33
27.975563,100,98.705035,0.62,4.0,27.98,0.21,79.0,21.0,42.0,9.0,17.0,11.0,380.68,6.44,17.09,0.46,0.4
15.766623,100,99.836796,-1.0,2.0,15.77,0.36,64.0,36.0,62.0,1.0,1.0,0.0,316.83,1.16,32.52,0.27,0.4
60.409706,100,101.972063,0.68,0.0,60.41,0.03,97.0,3.0,95.0,1.0,1.0,0.0,346.95,3.01,34.07,0.45,0.34
64.85587,100,103.572019,0.67,0.0,64.86,0.0,100.0,0.0,100.0,0.0,0.0,0.0,352.09,5.52,25.94,0.24,0.73
29.775322,100,105.720036,0.55,1.0,29.78,0.14,86.0,14.0,66.0,7.0,7.0,6.0,491.49,10.25,13.92,0.33,0.44
70.87814,100,108.920754,0.69,0.0,70.88,0.0,100.0,0.0,99.0,0.0,0.0,1.0,291.93,9.52,19.86,0.14,0.93
65.93269,100,111.686796,0.76,3.0,65.93,0.04,96.0,4.0,96.0,0.0,0.0,0.0,272.26,4.62,29.37,0.35,1.1
66.30124,100,114.449776,0.69,3.0,66.3,0.03,97.0,3.0,94.0,0.0,1.0,2.0,286.27,6.47,21.86,0.39,1.08
53.544594,100,117.593888,0.78,0.0,53.54,0.11,89.0,11.0,88.0,0.0,1.0,0.0,275.51,1.94,29.67,0.45,0.95
43.489746,100,120.149696,0.55,0.0,43.49,0.12,88.0,12.0,73.0,5.0,4.0,6.0,370.07,11.47,13.31,0.45,1.08
68.17143,100,121.508967,0.69,1.0,68.17,0.01,99.0,1.0,99.0,0.0,0.0,0.0,302.0,10.95,23.29,0.52,0.73
45.945694,100,122.61211,0.6,0.0,45.95,0.1,90.0,10.0,90.0,0.0,0.0,0.0,379.0,5.42,23.59,0.14,0.35
44.141296,100,125.240272,0.6,3.0,44.14,0.1,90.0,10.0,81.0,6.0,3.0,0.0,399.03,10.09,16.47,0.37,0.34
64.48402,100,127.172626,0.66,0.0,64.48,0.04,96.0,4.0,96.0,0.0,0.0,0.0,287.34,3.14,34.04,0.35,0.67
43.464382,100,128.824695,0.61,3.0,43.46,0.1,90.0,10.0,69.0,5.0,10.0,6.0,406.55,7.54,15.95,0.59,0.7
48.42286,100,130.437868,0.69,2.0,48.42,0.1,90.0,10.0,85.0,2.0,2.0,1.0,351.51,3.6,36.27,0.52,0.58
42.99733,100,132.059578,0.7,2.0,43.0,0.17,83.0,17.0,83.0,0.0,0.0,0.0,277.86,2.49,27.39,0.2,0.61
57.780163,100,133.444509,0.73,4.0,57.78,0.06,94.0,6.0,85.0,4.0,3.0,2.0,322.17,9.28,21.9,0.37,0.35
21.992775,100,135.809356,-1.0,7.0,21.99,0.24,76.0,24.0,47.0,10.0,8.0,11.0,395.44,3.05,20.8,0.48,0.62
18.83772,100,138.436844,-1.0,2.0,18.84,0.3,70.0,30.0,67.0,1.0,2.0,0.0,303.02,4.69,18.46,0.32,0.76
33.399002,100,140.392574,0.65,3.0,33.4,0.14,86.0,14.0,50.0,11.0,16.0,9.0,449.4,6.67,19.58,0.3,0.78
24.832512,100,142.192234,0.7,3.0,24.83,0.31,69.0,31.0,63.0,2.0,3.0,1.0,307.47,1.08,27.43,0.48,0.39
64.175095,100,143.339165,0.6,6.0,64.18,0.03,97.0,3.0,96.0,0.0,0.0,1.0,308.17,2.87,33.45,0.45,0.95
68.103775,100,146.192129,0.51,2.0,68.1,0.0,100.0,0.0,100.0,0.0,0.0,0.0,319.64,6.56,22.68,0.42,0.35
60.96293,100,148.935387,0.53,3.0,60.96,0.03,97.0,3.0,97.0,0.0,0.0,0.0,341.25,4.49,28.43,0.47,0.92
68.328026,100,150.381179,0.65,3.0,68.33,0.03,97.0,3.0,97.0,0.0,0.0,0.0,265.4,5.38,24.43,0.42,0.51
58.02422,100,152.871819,0.54,2.0,58.02,0.0,100.0,0.0,100.0,0.0,0.0,0.0,420.34,15.72,10.76,0.47,0.65
56.18012,100,154.991912,0.55,3.0,56.18,0.0,100.0,0.0,100.0,0.0,0.0,0.0,438.76,13.6,14.76,0.52,0.83
53.19057,100,157.09484,0.48,0.0,53.19,0.07,93.0,7.0,93.0,0.0,0.0,0.0,353.44,4.86,25.67,0.38,0.74
35.382004,100,159.476654,0.64,1.0,35.38,0.19,81.0,19.0,81.0,0.0,0.0,0.0,329.29,4.54,21.54,0.34,0.64
63.134007,100,161.587846,0.67,1.0,63.13,0.04,96.0,4.0,96.0,0.0,0.0,0.0,301.39,5.0,29.63,0.22,0.64
71.83955,100,163.004073,1.0,2.0,71.84,0.37,63.0,37.0,62.0,0.0,0.0,1.0,352.4,1.0,24.88,0.41,0.5
57.538677,100,164.814508,0.71,3.0,57.54,0.06,94.0,6.0,94.0,0.0,0.0,0.0,324.73,3.34,28.04,0.22,0.43
56.986248,100,167.366212,0.77,3.0,56.99,0.07,93.0,7.0,93.0,0.0,0.0,0.0,312.66,2.39,40.55,0.28,0.53
68.21781,100,168.788634,0.72,1.0,68.22,0.0,100.0,0.0,100.0,0.0,0.0,0.0,318.5,10.48,19.11,0.34,1.09
50.04097,100,169.929534,0.78,2.0,50.04,0.13,87.0,13.0,87.0,0.0,0.0,0.0,276.12,2.97,33.69,0.18,0.62
48.836693,100,171.493936,0.57,3.0,48.84,0.09,91.0,9.0,90.0,0.0,1.0,0.0,365.07,14.19,13.04,0.42,0.37
53.541977,100,172.881828,0.65,2.0,53.54,0.08,92.0,8.0,92.0,0.0,0.0,0.0,331.73,12.65,12.55,0.38,0.66
29.518753,100,174.235941,0.55,2.0,29.52,0.18,82.0,18.0,82.0,0.0,0.0,0.0,421.08,4.27,21.2,0.23,0.49
60.313927,100,175.796291,0.63,2.0,60.31,0.02,98.0,2.0,97.0,0.0,0.0,1.0,364.78,15.24,8.62,0.44,0.42
58.505135,100,177.42846,0.57,2.0,58.51,0.01,99.0,1.0,96.0,0.0,0.0,3.0,399.54,14.26,11.09,0.56,0.44
57.443844,100,178.815948,0.58,2.0,57.44,0.02,98.0,2.0,96.0,0.0,1.0,1.0,394.04,12.19,19.27,0.56,0.56
73.26178,100,180.222232,0.81,3.0,73.26,0.08,92.0,8.0,92.0,0.0,0.0,0.0,269.62,1.99,36.7,0.56,0.47
60.829037,100,182.882898,0.79,2.0,60.83,0.07,93.0,7.0,93.0,0.0,0.0,0.0,271.38,5.53,20.21,0.48,0.41
67.99669,100,184.683351,0.74,1.0,68.0,0.04,96.0,4.0,94.0,2.0,0.0,0.0,250.78,3.94,28.39,0.32,1.22
59.73009,100,185.831712,0.65,3.0,59.73,0.02,98.0,2.0,98.0,0.0,0.0,0.0,370.73,15.39,10.36,0.56,0.52
43.502735,100,187.160545,0.59,2.0,43.5,0.07,93.0,7.0,69.0,12.0,8.0,4.0,457.5,15.25,7.66,0.64,0.35
60.076645,100,188.420623,0.71,1.0,60.08,0.07,93.0,7.0,91.0,1.0,0.0,1.0,279.47,6.49,21.26,0.4,0.47
67.548996,100,190.167737,0.69,3.0,67.55,0.01,99.0,1.0,99.0,0.0,0.0,0.0,308.28,13.15,14.41,0.63,0.43
55.970364,100,192.096161,0.72,0.0,55.97,0.07,93.0,7.0,93.0,0.0,0.0,0.0,323.58,13.03,11.39,0.63,0.6
18.028925,100,194.034032,0.74,2.0,18.03,0.3,70.0,30.0,70.0,0.0,0.0,0.0,314.56,1.9,28.92,0.57,0.66
67.665825,100,196.034729,0.65,3.0,67.67,0.0,100.0,0.0,100.0,0.0,0.0,0.0,324.02,5.28,25.74,0.4,0.5
61.30572,100,198.638517,0.62,1.0,61.31,0.0,100.0,0.0,100.0,0.0,0.0,0.0,387.56,8.96,19.65,0.37,0.83
68.883766,100,201.882958,0.76,2.0,68.88,0.01,99.0,1.0,99.0,0.0,0.0,0.0,294.81,6.67,22.0,0.58,1.02
45.640984,100,205.413532,0.68,0.0,45.64,0.14,86.0,14.0,86.0,0.0,0.0,0.0,307.19,3.48,31.09,0.65,1.12
40.18918,100,208.662322,0.61,1.0,40.19,0.13,87.0,13.0,86.0,1.0,0.0,0.0,389.24,2.71,31.42,0.57,1.13
52.949142,100,210.964074,0.52,1.0,52.95,0.16,84.0,16.0,84.0,0.0,0.0,0.0,322.71,1.75,27.64,0.59,1.02
14.743831,100,213.229877,-1.0,7.0,14.74,0.27,73.0,27.0,55.0,2.0,7.0,9.0,428.74,3.64,25.45,0.43,0.49
75.20671,100,216.008483,0.8,0.0,75.21,0.0,100.0,0.0,98.0,1.0,1.0,0.0,248.69,13.73,12.03,0.59,0.85
52.856102,100,218.803858,0.67,2.0,52.86,0.06,94.0,6.0,86.0,6.0,2.0,0.0,374.5,2.98,28.95,0.66,1.08
66.27807,100,220.088715,0.79,1.0,66.28,0.05,95.0,5.0,95.0,0.0,0.0,0.0,250.45,12.19,14.97,0.26,0.68
63.61753,100,222.36263,0.69,3.0,63.62,0.04,96.0,4.0,96.0,0.0,0.0,0.0,296.36,8.59,21.92,0.39,0.35
41.65678,100,224.734511,-1.0,2.0,41.66,0.19,81.0,19.0,81.0,0.0,0.0,0.0,251.9,4.6,22.68,0.23,0.93
58.784,100,226.469872,0.7,3.0,58.78,0.06,94.0,6.0,94.0,0.0,0.0,0.0,311.5,2.19,36.24,0.58,0.57
67.88363,100,228.103951,0.71,1.0,67.88,0.0,100.0,0.0,100.0,0.0,0.0,0.0,321.84,6.56,24.7,0.58,0.86
51.39098,100,230.450476,0.8,3.0,51.39,0.14,86.0,14.0,86.0,0.0,0.0,0.0,240.4,1.73,32.95,0.4,0.36
65.14456,100,232.895945,0.71,2.0,65.14,0.02,98.0,2.0,95.0,1.0,2.0,0.0,315.54,7.91,19.13,0.62,0.82
32.969273,100,234.733618,0.74,3.0,32.97,0.24,76.0,24.0,76.0,0.0,0.0,0.0,251.15,5.88,20.24,0.48,0.92
28.580618,100,235.934062,0.76,2.0,28.58,0.26,74.0,26.0,71.0,0.0,1.0,2.0,263.16,1.2,29.7,0.38,0.73
64.904396,100,237.819791,0.71,0.0,64.9,0.02,98.0,2.0,94.0,2.0,2.0,0.0,317.99,15.83,9.89,0.74,0.45
48.977676,100,240.850547,-1.0,0.0,48.98,0.17,83.0,17.0,79.0,3.0,0.0,1.0,205.88,3.36,29.59,0.27,0.93
72.123695,100,242.569398,0.74,1.0,72.12,0.02,98.0,2.0,94.0,1.0,2.0,1.0,244.39,3.86,34.64,0.4,1.02
61.506886,100,245.063273,0.73,2.0,61.51,0.06,94.0,6.0,87.0,4.0,0.0,3.0,282.56,12.47,13.35,0.39,0.57
39.712532,100,246.510917,-1.0,1.0,39.71,0.21,79.0,21.0,72.0,0.0,2.0,5.0,232.26,1.94,30.6,0.38,0.45
68.01109,100,247.83393,0.64,1.0,68.01,0.0,100.0,0.0,100.0,0.0,0.0,0.0,320.57,10.08,18.45,0.36,0.5
72.575485,100,249.360063,0.77,3.0,72.58,0.01,99.0,1.0,99.0,0.0,0.0,0.0,257.56,10.91,14.69,0.52,0.43
73.06669,100,250.519613,0.77,2.0,73.07,0.02,98.0,2.0,98.0,0.0,0.0,0.0,234.78,7.06,27.32,0.18,0.42
70.30862,100,251.996881,0.74,1.0,70.31,0.02,98.0,2.0,96.0,1.0,1.0,0.0,262.89,7.61,21.68,0.56,0.39
70.79733,100,253.295841,0.75,3.0,70.8,0.01,99.0,1.0,98.0,1.0,0.0,0.0,275.5,6.88,25.57,0.33,0.7
73.974205,100,254.49176,0.74,3.0,73.97,0.02,98.0,2.0,93.0,2.0,2.0,1.0,266.3,2.0,36.67,0.7,0.34
59.990788,100,255.800282,0.73,0.0,59.99,0.06,94.0,6.0,91.0,2.0,0.0,1.0,298.67,4.4,26.01,0.53,0.39
43.487152,100,257.036487,-1.0,6.0,43.49,0.14,86.0,14.0,75.0,3.0,4.0,4.0,332.21,14.53,9.56,0.62,0.39
32.199223,100,258.40786,0.63,0.0,32.2,0.18,82.0,18.0,60.0,11.0,5.0,6.0,388.43,10.59,12.17,0.38,0.39
65.15564,100,259.568146,0.71,2.0,65.16,0.04,96.0,4.0,96.0,0.0,0.0,0.0,280.35,15.06,9.91,0.73,0.41
72.08635,100,261.580234,0.74,2.0,72.09,0.01,99.0,1.0,98.0,1.0,0.0,0.0,262.49,15.4,10.31,0.72,0.36
39.715885,100,262.820365,-1.0,7.0,39.72,0.17,83.0,17.0,73.0,2.0,4.0,4.0,317.36,7.95,18.12,0.36,0.39
47.830452,100,264.259263,0.86,1.0,47.83,0.18,82.0,18.0,71.0,4.0,5.0,2.0,197.99,2.54,29.38,0.2,0.37
72.2244,100,266.223918,0.75,3.0,72.22,0.01,99.0,1.0,99.0,0.0,0.0,0.0,261.1,13.09,15.45,0.63,0.49
48.385845,100,267.836908,0.67,2.0,48.39,0.12,88.0,12.0,86.0,1.0,0.0,1.0,314.48,4.76,27.24,0.4,0.55
58.949783,100,269.726678,0.86,1.0,58.95,0.12,88.0,12.0,84.0,2.0,1.0,1.0,194.56,13.27,11.86,0.37,0.55
78.093956,100,271.055196,0.79,2.0,78.09,0.01,99.0,1.0,97.0,0.0,2.0,0.0,201.87,7.47,17.77,0.7,0.4
71.85382,100,272.950034,0.71,2.0,71.85,0.0,100.0,0.0,100.0,0.0,0.0,0.0,282.18,7.79,18.82,0.51,0.39
75.86239,100,274.412836,0.79,3.0,75.86,0.01,99.0,1.0,99.0,0.0,0.0,0.0,224.39,7.93,18.24,0.69,0.79
69.24176,100,275.769425,0.71,0.0,69.24,0.0,100.0,0.0,100.0,0.0,0.0,0.0,308.27,8.89,16.53,0.67,0.36
61.27554,100,277.043364,0.57,0.0,61.28,0.0,100.0,0.0,99.0,1.0,0.0,0.0,387.86,11.26,20.51,0.52,0.37
63.060646,100,278.470462,0.71,1.0,63.06,0.04,96.0,4.0,93.0,1.0,2.0,0.0,302.15,13.34,13.01,0.41,0.32
70.86955,100,279.606394,0.74,0.0,70.87,0.01,99.0,1.0,98.0,0.0,0.0,1.0,274.77,7.27,20.32,0.52,0.35
17.87559,100,280.690136,0.68,1.0,17.88,0.29,71.0,29.0,70.0,0.0,1.0,0.0,340.44,3.28,21.5,0.39,0.35
81.308784,100,281.858163,0.84,3.0,81.31,0.0,100.0,0.0,99.0,0.0,0.0,1.0,187.72,13.5,13.19,0.45,0.34
74.27893,100,284.81178,0.73,3.0,74.28,0.0,100.0,0.0,100.0,0.0,0.0,0.0,257.95,15.52,9.1,0.31,0.45
77.40223,100,288.234566,0.74,0.0,77.4,0.0,100.0,0.0,100.0,0.0,0.0,0.0,226.75,8.44,25.99,0.31,1.09
69.99211,100,291.516863,0.73,1.0,69.99,0.0,100.0,0.0,97.0,2.0,0.0,1.0,300.78,7.92,18.05,0.72,1.26
23.450836,100,293.693184,0.73,1.0,23.45,0.27,73.0,27.0,72.0,0.0,0.0,1.0,309.58,3.58,22.86,0.48,1.04
67.32261,100,294.770024,0.73,2.0,67.32,0.07,93.0,7.0,85.0,4.0,4.0,0.0,201.63,4.97,26.87,0.27,0.41
57.283207,100,296.645837,0.68,0.0,57.28,0.05,95.0,5.0,92.0,2.0,0.0,1.0,345.04,4.8,24.99,0.45,0.35
61.440136,100,298.677649,0.64,0.0,61.44,0.0,100.0,0.0,100.0,0.0,0.0,0.0,386.21,9.44,14.67,0.53,0.46
58.830997,100,301.049191,0.77,2.0,58.83,0.15,85.0,15.0,85.0,0.0,0.0,0.0,273.3,1.55,31.32,0.5,0.7
66.01303,100,303.752918,0.67,0.0,66.01,0.0,100.0,0.0,100.0,0.0,0.0,0.0,340.53,15.4,11.98,0.73,0.72
58.784004,100,306.88452,0.68,1.0,58.78,0.08,92.0,8.0,92.0,0.0,0.0,0.0,274.81,6.71,21.08,0.16,0.58
71.32271,100,308.046659,0.65,0.0,71.32,0.0,100.0,0.0,100.0,0.0,0.0,0.0,287.49,4.92,27.98,0.15,0.87
71.26202,100,309.34842,0.78,1.0,71.26,0.01,99.0,1.0,99.0,0.0,0.0,0.0,270.81,12.34,13.31,0.31,0.34
68.62416,100,311.325753,0.64,3.0,68.62,0.01,99.0,1.0,99.0,0.0,0.0,0.0,297.43,8.61,20.04,0.24,0.41
42.948963,100,313.904526,0.68,1.0,42.95,0.17,83.0,17.0,83.0,0.0,0.0,0.0,278.45,2.12,31.41,0.31,0.82
53.740635,100,316.768368,0.5,0.0,53.74,0.08,92.0,8.0,92.0,0.0,0.0,0.0,329.58,5.97,29.24,0.45,0.88
68.70132,100,320.06961,0.76,0.0,68.7,0.02,98.0,2.0,98.0,0.0,0.0,0.0,279.28,14.95,10.33,0.59,1.11
55.880596,100,322.887815,0.57,2.0,55.88,0.03,97.0,3.0,97.0,0.0,0.0,0.0,393.59,11.71,13.7,0.48,0.88
68.13839,100,325.096469,0.75,3.0,68.14,0.0,100.0,0.0,100.0,0.0,0.0,0.0,319.3,12.16,16.64,0.15,0.95
63.78701,100,326.160484,0.67,2.0,63.79,0.0,100.0,0.0,100.0,0.0,0.0,0.0,362.77,7.84,20.4,0.4,0.32
67.846504,100,328.783042,0.67,2.0,67.85,0.0,100.0,0.0,100.0,0.0,0.0,0.0,322.21,12.98,16.14,0.61,0.33
61.342545,100,330.892307,0.6,3.0,61.34,0.01,99.0,1.0,99.0,0.0,0.0,0.0,370.91,10.2,18.82,0.35,0.63
61.22028,100,332.981959,0.67,3.0,61.22,0.0,100.0,0.0,100.0,0.0,0.0,0.0,388.41,8.8,22.65,0.27,0.72
41.41709,100,334.345326,-1.0,0.0,41.42,0.15,85.0,15.0,85.0,0.0,0.0,0.0,336.93,2.66,31.95,0.39,0.36
27.378271,100,336.811704,0.41,1.0,27.38,0.12,88.0,12.0,88.0,0.0,0.0,0.0,552.97,6.73,21.65,0.41,0.39
54.62692,100,339.412798,0.62,2.0,54.63,0.0,100.0,0.0,100.0,0.0,0.0,0.0,454.28,5.88,29.53,0.36,0.84
58.14864,100,343.003059,0.6,3.0,58.15,0.03,97.0,3.0,97.0,0.0,0.0,0.0,370.23,13.0,15.56,0.55,0.99
63.10755,100,345.898782,0.63,1.0,63.11,0.0,100.0,0.0,100.0,0.0,0.0,0.0,369.56,13.56,10.6,0.54,1.11
50.335262,100,349.299524,0.55,0.0,50.34,0.02,98.0,2.0,98.0,0.0,0.0,0.0,466.5,5.53,25.36,0.29,1.0
66.97751,100,351.814771,0.73,0.0,66.98,0.0,100.0,0.0,100.0,0.0,0.0,0.0,330.9,6.88,24.15,0.4,1.1
63.554947,100,354.177198,0.66,0.0,63.55,0.02,98.0,2.0,98.0,0.0,0.0,0.0,331.74,14.23,13.77,0.63,0.54
44.870823,100,356.834527,0.63,0.0,44.87,0.17,83.0,17.0,83.0,0.0,0.0,0.0,255.31,2.73,28.92,0.32,0.83
57.52564,100,360.295728,0.6,0.0,57.53,0.02,98.0,2.0,98.0,0.0,0.0,0.0,393.2,13.77,11.79,0.66,1.05
68.9592,100,363.86248,0.6,0.0,68.96,0.0,100.0,0.0,100.0,0.0,0.0,0.0,311.1,13.36,11.46,0.54,1.1
47.67201,100,367.004485,0.49,2.0,47.67,0.04,96.0,4.0,96.0,0.0,0.0,0.0,462.29,3.72,33.71,0.67,1.04
59.694157,100,369.496801,0.65,3.0,59.69,0.03,97.0,3.0,97.0,0.0,0.0,0.0,354.31,3.21,34.94,0.57,1.02
65.43491,100,372.013567,0.66,1.0,65.43,0.0,100.0,0.0,100.0,0.0,0.0,0.0,346.31,7.52,22.31,0.72,0.42
58.672718,100,375.038094,0.53,2.0,58.67,0.0,100.0,0.0,100.0,0.0,0.0,0.0,413.86,7.8,18.16,0.53,0.77
46.181454,100,377.861858,0.65,3.0,46.18,0.13,87.0,13.0,87.0,0.0,0.0,0.0,320.43,5.83,19.75,0.56,0.97
54.58162,100,380.405939,0.7,2.0,54.58,0.07,93.0,7.0,93.0,0.0,0.0,0.0,338.49,9.29,16.58,0.58,0.71
55.717846,100,382.764328,0.81,0.0,55.72,0.08,92.0,8.0,92.0,0.0,0.0,0.0,308.11,3.51,31.62,0.28,0.88
65.39747,100,384.435125,0.63,0.0,65.4,0.0,100.0,0.0,100.0,0.0,0.0,0.0,346.68,10.64,16.97,0.26,0.77
67.58323,100,386.650388,0.67,3.0,67.58,0.01,99.0,1.0,99.0,0.0,0.0,0.0,307.93,12.93,13.82,0.48,0.59
30.689985,100,388.390517,0.59,2.0,30.69,0.15,85.0,15.0,85.0,0.0,0.0,0.0,463.01,4.34,25.16,0.37,0.67
60.17111,100,389.704458,0.78,3.0,60.17,0.08,92.0,8.0,90.0,0.0,2.0,0.0,259.75,5.56,23.78,0.48,0.45
77.81694,100,391.022978,0.85,1.0,77.82,0.01,99.0,1.0,97.0,0.0,1.0,1.0,204.67,10.22,17.24,0.36,0.35
64.76881,100,393.408257,0.74,0.0,64.77,0.1,90.0,10.0,88.0,0.0,0.0,2.0,258.87,1.93,31.31,0.6,0.47
66.97109,100,396.460447,0.74,3.0,66.97,0.06,94.0,6.0,93.0,0.0,1.0,0.0,224.49,6.66,17.74,0.45,0.98
56.240425,100,399.684966,0.78,3.0,56.24,0.13,87.0,13.0,82.0,1.0,2.0,2.0,204.93,5.68,29.18,0.15,1.02
68.57351,100,402.826173,0.62,0.0,68.57,0.0,100.0,0.0,100.0,0.0,0.0,0.0,314.95,12.16,12.74,0.47,1.02
26.555891,100,405.899073,0.68,1.0,26.56,0.27,73.0,27.0,73.0,0.0,0.0,0.0,267.09,1.33,25.47,0.29,0.99
49.369324,100,408.887947,0.65,1.0,49.37,0.07,93.0,7.0,92.0,1.0,0.0,0.0,394.48,7.15,32.99,0.59,0.94
15.935319,100,411.457888,0.68,0.0,15.94,0.3,70.0,30.0,70.0,0.0,0.0,0.0,344.44,2.11,28.57,0.51,0.98
48.047153,100,414.294027,0.59,5.0,48.05,0.06,94.0,6.0,81.0,6.0,5.0,2.0,425.6,4.67,26.76,0.39,0.95
70.6217,100,416.971126,-1.0,3.0,70.62,0.02,98.0,2.0,98.0,0.0,0.0,0.0,259.7,6.24,24.56,0.39,0.85
60.399734,100,420.250279,0.78,2.0,60.4,0.11,89.0,11.0,83.0,0.0,2.0,4.0,198.56,5.73,18.07,0.46,1.01
54.754475,100,423.330541,0.68,2.0,54.75,0.08,92.0,8.0,85.0,3.0,1.0,3.0,318.57,2.41,36.1,0.59,0.99
53.49817,100,426.611094,0.65,2.0,53.5,0.05,95.0,5.0,87.0,3.0,3.0,2.0,384.85,6.61,19.43,0.56,0.99
25.756104,100,429.808828,0.62,1.0,25.76,0.23,77.0,23.0,68.0,1.0,4.0,4.0,367.44,2.04,36.75,0.42,1.01
53.622456,100,433.186354,0.64,3.0,53.62,0.07,93.0,7.0,78.0,4.0,6.0,5.0,348.8,9.72,17.81,0.52,0.78
60.37355,100,437.26508,0.65,3.0,60.37,0.04,96.0,4.0,96.0,0.0,0.0,0.0,330.11,5.94,23.43,0.61,0.93
42.31558,100,440.409033,-1.0,2.0,42.32,0.09,91.0,9.0,87.0,2.0,2.0,0.0,436.66,2.3,26.64,0.56,1.1
53.65024,100,443.515954,0.84,3.0,53.65,0.15,85.0,15.0,83.0,0.0,1.0,1.0,193.16,2.78,28.49,0.45,1.04
48.96231,100,446.745119,0.85,3.0,48.96,0.18,82.0,18.0,82.0,0.0,0.0,0.0,184.2,9.79,17.04,0.49,1.02
31.248837,100,449.863569,0.77,3.0,31.25,0.25,75.0,25.0,74.0,1.0,0.0,0.0,250.77,2.02,32.92,0.5,0.99
63.055275,100,453.293207,0.67,0.0,63.06,0.02,98.0,2.0,98.0,0.0,0.0,0.0,336.83,7.2,25.14,0.27,1.02
58.864395,100,457.083281,-1.0,0.0,58.86,0.03,97.0,3.0,93.0,2.0,0.0,2.0,362.86,14.44,11.56,0.45,0.88
76.9453,100,460.15033,0.78,1.0,76.95,0.0,100.0,0.0,100.0,0.0,0.0,0.0,231.32,11.24,14.79,0.44,1.12
66.219086,100,462.50329,0.71,2.0,66.22,0.02,98.0,2.0,98.0,0.0,0.0,0.0,304.58,4.0,37.77,0.46,0.99
68.139366,100,464.805529,0.68,1.0,68.14,0.0,100.0,0.0,100.0,0.0,0.0,0.0,319.29,4.0,31.0,0.75,0.91
63.75702,100,468.120589,0.64,3.0,63.76,0.0,100.0,0.0,100.0,0.0,0.0,0.0,363.07,7.96,15.68,0.74,1.11
66.94511,100,471.549826,0.72,3.0,66.95,0.0,100.0,0.0,100.0,0.0,0.0,0.0,331.22,10.8,13.71,0.59,1.05
71.94987,100,474.808928,0.76,3.0,71.95,0.01,99.0,1.0,99.0,0.0,0.0,0.0,263.87,5.54,27.01,0.34,1.04
67.88391,100,478.013463,0.7,0.0,67.88,0.01,99.0,1.0,99.0,0.0,0.0,0.0,304.9,6.14,30.79,0.5,1.0
46.18693,100,480.995644,0.49,2.0,46.19,0.03,97.0,3.0,96.0,0.0,0.0,1.0,493.43,3.46,44.32,0.55,1.02
72.895004,100,483.791183,0.74,0.0,72.89,0.0,100.0,0.0,100.0,0.0,0.0,0.0,271.78,4.72,29.35,0.63,1.01
78.32572,100,486.540906,0.79,1.0,78.33,0.0,100.0,0.0,100.0,0.0,0.0,0.0,217.53,9.04,15.36,0.45,1.01
27.831696,100,489.505973,0.62,1.0,27.83,0.22,78.0,22.0,78.0,0.0,0.0,0.0,361.77,3.78,22.65,0.38,0.94
68.42527,100,492.375826,0.71,2.0,68.43,0.0,100.0,0.0,100.0,0.0,0.0,0.0,316.43,10.24,17.41,0.48,0.97
29.580606,100,495.798173,0.66,2.0,29.58,0.26,74.0,26.0,73.0,1.0,0.0,0.0,249.66,1.38,28.35,0.7,1.06
45.237167,100,498.922585,0.63,1.0,45.24,0.1,90.0,10.0,64.0,6.0,11.0,9.0,386.87,13.11,11.92,0.6,1.02
25.227242,100,502.03679,-1.0,4.0,25.23,0.22,78.0,22.0,46.0,12.0,12.0,8.0,395.13,11.32,9.61,0.46,1.06
61.25323,100,505.504534,0.74,1.0,61.25,0.06,94.0,6.0,85.0,8.0,0.0,1.0,285.26,4.98,25.4,0.58,1.1
33.904926,100,509.111808,0.58,1.0,33.9,0.16,84.0,16.0,57.0,11.0,5.0,11.0,406.49,3.06,26.04,0.53,1.08
68.44447,100,512.381541,0.84,0.0,68.44,0.08,92.0,8.0,88.0,1.0,2.0,1.0,169.91,3.21,36.08,0.62,1.01
67.242165,100,516.11577,0.76,3.0,67.24,0.05,95.0,5.0,91.0,0.0,2.0,2.0,240.32,3.02,38.14,0.56,1.1
69.226135,100,519.678997,0.81,1.0,69.23,0.06,94.0,6.0,88.0,2.0,2.0,2.0,200.52,7.36,18.38,0.63,1.03
