episode,reward,ep_block_prob,ep_accepted_requests,avg_latency,avg_cost,avg_cpu_cluster_selected,gini,executionTime
1,33.17,0.0,100.0,668.6,4.0,37.38,0.75,0.06
2,65.88,0.0,100.0,341.84,4.0,40.68,0.75,0.06
3,43.9,0.0,100.0,561.42,2.04,41.11,0.73,0.07
4,58.57,0.0,100.0,414.86,4.0,42.53,0.75,0.06
5,58.27,0.0,100.0,417.9,8.0,19.61,0.75,0.07
6,40.53,0.0,100.0,595.12,4.0,36.86,0.75,0.06
7,44.41,0.0,100.0,556.35,4.0,38.64,0.75,0.07
8,80.19,0.0,100.0,198.95,4.0,41.23,0.75,0.11
9,72.62,0.0,100.0,274.56,4.0,38.15,0.75,0.06
10,61.19,0.0,100.0,388.7,4.0,37.07,0.75,0.07
11,52.77,0.0,100.0,472.81,4.0,44.54,0.75,0.07
12,54.23,0.0,100.0,458.19,2.16,43.2,0.68,0.09
13,47.96,0.0,100.0,520.84,7.0,21.46,0.53,0.07
14,89.24,0.0,100.0,108.49,2.18,30.37,0.73,0.07
15,82.6,0.0,100.0,174.8,4.0,37.44,0.75,0.07
16,65.34,0.0,100.0,347.3,4.0,38.79,0.75,0.08
17,61.45,0.0,100.0,386.07,2.18,34.88,0.73,0.07
18,78.44,0.0,100.0,216.42,3.31,27.72,0.51,0.07
19,62.08,0.0,100.0,379.79,4.0,32.62,0.75,0.06
20,71.15,0.0,100.0,289.22,4.0,42.44,0.75,0.06
21,62.08,0.0,100.0,379.79,8.0,17.97,0.75,0.07
22,63.57,0.0,100.0,364.98,1.95,35.9,0.54,0.07
23,60.71,0.0,100.0,393.53,2.98,30.85,0.69,0.08
24,60.36,0.0,100.0,397.04,4.0,36.99,0.75,0.08
25,59.72,0.0,100.0,403.35,3.66,27.05,0.5,0.08
26,64.93,0.0,100.0,351.32,4.0,38.83,0.75,0.07
27,33.26,0.03,97.0,688.31,2.0,38.82,0.75,0.09
28,70.39,0.0,100.0,296.84,3.17,26.71,0.53,0.06
29,49.49,0.0,100.0,505.59,4.0,42.2,0.75,0.06
30,50.97,0.0,100.0,490.82,2.4,28.22,0.61,0.06
31,67.64,0.0,100.0,324.3,4.0,36.78,0.75,0.06
32,45.19,0.0,100.0,548.54,2.96,33.15,0.56,0.07
33,38.63,0.0,100.0,614.04,2.08,37.63,0.72,0.07
34,72.19,0.0,100.0,278.86,3.17,29.99,0.53,0.07
35,57.32,0.0,100.0,427.39,6.4,23.06,0.5,0.08
36,88.89,0.0,100.0,111.97,2.18,37.51,0.72,0.07
37,59.55,0.0,100.0,405.09,4.0,37.09,0.75,0.08
38,76.94,0.0,100.0,231.34,3.26,29.0,0.67,0.07
39,71.14,0.0,100.0,289.27,2.24,38.55,0.72,0.07
40,72.67,0.0,100.0,273.99,4.0,37.09,0.75,0.07
41,63.64,0.0,100.0,364.26,4.0,40.85,0.75,0.07
42,58.1,0.0,100.0,419.61,5.35,26.23,0.54,0.06
43,54.89,0.05,95.0,475.34,1.23,38.21,0.59,0.1
44,64.6,0.0,100.0,354.68,2.1,37.62,0.71,0.08
45,55.71,0.0,100.0,443.47,2.02,38.25,0.74,0.08
46,41.03,0.0,100.0,590.11,8.0,18.57,0.75,0.11
47,58.74,0.0,100.0,413.14,4.0,45.05,0.75,0.09
48,50.04,0.0,100.0,500.09,2.3,37.92,0.71,0.12
49,82.98,0.0,100.0,170.99,2.36,40.3,0.7,0.22
50,54.87,0.0,100.0,451.86,3.03,27.46,0.53,0.35
51,73.71,0.0,100.0,263.62,5.8,23.97,0.54,0.23
52,46.96,0.0,100.0,530.89,4.0,36.05,0.75,0.26
53,67.46,0.0,100.0,326.05,5.2,24.75,0.55,0.25
54,45.29,0.0,100.0,547.5,1.96,41.82,0.53,0.19
55,42.12,0.0,100.0,579.19,4.0,40.37,0.75,0.15
56,44.25,0.0,100.0,557.91,4.0,41.31,0.75,0.16
57,66.49,0.0,100.0,335.8,4.0,41.33,0.75,0.25
58,60.82,0.0,100.0,392.44,4.0,41.07,0.75,0.08
59,71.31,0.0,100.0,287.66,4.0,34.62,0.75,0.13
60,53.81,0.0,100.0,462.48,2.84,29.89,0.7,0.1
61,63.08,0.0,100.0,369.86,2.14,39.38,0.69,0.12
62,58.68,0.0,100.0,413.79,1.65,34.39,0.5,0.11
63,52.53,0.0,100.0,475.21,2.96,28.28,0.55,0.11
64,44.99,0.0,100.0,550.51,3.31,28.58,0.55,0.13
65,34.89,0.0,100.0,651.49,2.18,39.68,0.73,0.07
66,35.62,0.0,100.0,644.16,4.0,40.05,0.75,0.07
67,66.49,0.05,95.0,353.39,1.29,40.29,0.52,0.07
68,68.47,0.0,100.0,315.94,2.06,39.79,0.73,0.07
69,54.9,0.0,100.0,451.54,4.0,32.4,0.75,0.07
70,46.11,0.0,100.0,539.39,2.3,39.07,0.71,0.07
71,71.87,0.0,100.0,282.04,8.0,19.28,0.75,0.06
72,75.09,0.0,100.0,249.84,4.0,41.55,0.75,0.07
73,86.08,0.0,100.0,140.01,8.0,20.0,0.75,0.06
74,62.11,0.0,100.0,379.5,4.0,37.92,0.75,0.06
75,58.87,0.0,100.0,411.91,2.42,37.25,0.69,0.07
76,60.62,0.0,100.0,394.45,4.0,41.57,0.75,0.07
77,70.53,0.0,100.0,295.38,1.69,37.57,0.58,0.06
78,44.19,0.0,100.0,558.5,1.93,36.14,0.52,0.07
79,58.53,0.0,100.0,415.33,2.06,42.42,0.74,0.07
80,45.9,0.0,100.0,541.47,2.08,40.1,0.52,0.11
81,61.33,0.0,100.0,387.32,2.14,40.32,0.52,0.14
82,64.92,0.0,100.0,351.42,2.96,30.9,0.55,0.11
83,48.79,0.0,100.0,512.57,1.87,39.05,0.55,0.12
84,63.22,0.0,100.0,368.42,2.6,39.48,0.68,0.12
85,73.6,0.0,100.0,264.7,6.55,18.87,0.51,0.1
86,57.04,0.0,100.0,430.18,2.14,36.84,0.72,0.09
87,52.59,0.05,95.0,499.55,2.0,39.72,0.75,0.17
88,57.55,0.0,100.0,425.03,2.06,34.42,0.72,0.2
89,55.42,0.0,100.0,446.36,8.0,17.98,0.75,0.23
90,55.05,0.0,100.0,450.07,2.54,32.26,0.68,0.11
91,89.6,0.0,100.0,104.94,4.0,38.8,0.75,0.18
92,66.69,0.0,100.0,333.75,2.98,32.02,0.69,0.23
93,67.84,0.0,100.0,322.29,4.0,36.63,0.75,0.22
94,57.98,0.0,100.0,420.81,1.6,35.27,0.48,0.21
95,66.78,0.0,100.0,332.83,3.24,29.61,0.53,0.16
96,80.5,0.0,100.0,195.79,4.0,40.33,0.75,0.2
97,69.14,0.34,66.0,468.05,1.0,29.91,0.75,0.2
98,61.72,0.0,100.0,383.4,8.0,19.26,0.75,0.22
99,61.29,0.0,100.0,387.71,2.1,44.43,0.71,0.2
100,72.16,0.0,100.0,279.16,4.0,37.88,0.75,0.17
101,73.34,0.0,100.0,267.38,4.0,41.94,0.75,0.23
102,65.86,0.0,100.0,342.01,6.25,28.63,0.53,0.22
103,32.66,0.0,100.0,673.71,2.98,34.98,0.69,0.25
104,56.82,0.0,100.0,432.39,2.96,28.0,0.56,0.23
105,57.15,0.0,100.0,429.09,2.12,34.45,0.73,0.24
106,53.36,0.0,100.0,466.95,2.04,38.19,0.73,0.33
107,62.64,0.0,100.0,374.21,1.87,43.46,0.55,0.29
108,61.9,0.07,93.0,410.26,2.0,38.75,0.75,0.24
109,44.19,0.0,100.0,558.58,2.36,33.15,0.7,0.27
110,49.62,0.0,100.0,504.27,8.0,20.38,0.75,0.24
111,70.21,0.0,100.0,298.6,6.4,23.66,0.52,0.23
112,47.0,0.0,100.0,530.48,16.0,9.82,0.75,0.18
113,63.05,0.0,100.0,370.1,3.24,34.62,0.54,0.1
114,53.77,0.0,100.0,462.88,4.0,35.82,0.75,0.09
115,35.79,0.0,100.0,642.44,4.0,38.4,0.75,0.1
116,39.72,0.0,100.0,603.23,1.96,41.81,0.53,0.09
117,66.04,0.0,100.0,340.27,2.1,38.5,0.71,0.1
118,40.23,0.0,100.0,598.08,2.36,32.33,0.7,0.1
119,55.15,0.0,100.0,449.05,2.14,42.3,0.71,0.18
120,52.17,0.0,100.0,478.85,4.0,38.57,0.75,0.14
121,54.58,0.0,100.0,454.79,2.36,34.99,0.7,0.15
122,59.0,0.06,94.0,436.79,1.23,34.19,0.62,0.13
123,52.7,0.0,100.0,473.5,2.05,40.55,0.53,0.32
124,49.09,0.0,100.0,509.61,4.0,40.27,0.75,0.18
125,74.21,0.0,100.0,258.65,3.12,33.68,0.69,0.2
126,78.31,0.0,100.0,217.64,8.0,22.17,0.75,0.14
127,57.74,0.0,100.0,423.14,3.8,29.63,0.51,0.1
128,83.75,0.0,100.0,163.3,4.0,37.15,0.75,0.12
129,69.71,0.0,100.0,303.6,2.18,38.8,0.73,0.32
130,59.11,0.0,100.0,409.53,2.18,40.17,0.73,0.21
131,54.71,0.0,100.0,453.45,2.18,36.99,0.73,0.18
132,53.19,0.0,100.0,468.61,2.24,35.96,0.72,0.13
133,62.51,0.0,100.0,375.57,3.17,27.21,0.55,0.19
134,73.16,0.0,100.0,269.08,1.81,40.74,0.57,0.26
135,36.74,0.0,100.0,633.01,2.98,35.52,0.7,0.3
136,48.07,0.0,100.0,519.74,2.3,38.16,0.71,0.16
137,49.62,0.0,100.0,504.27,4.0,40.19,0.75,0.11
138,61.08,0.0,100.0,389.83,2.12,33.9,0.7,0.12
139,73.8,0.0,100.0,262.74,2.06,41.25,0.73,0.09
140,69.78,0.0,100.0,302.9,8.0,21.56,0.75,0.12
141,67.34,0.0,100.0,327.27,2.14,34.68,0.72,0.1
142,72.85,0.0,100.0,272.26,2.12,40.34,0.7,0.15
143,58.55,0.0,100.0,415.11,1.93,39.84,0.55,0.09
144,63.18,0.0,100.0,368.79,1.99,40.09,0.54,0.07
145,78.97,0.02,98.0,215.34,2.0,38.22,0.75,0.08
146,51.79,0.0,100.0,482.59,4.0,35.83,0.75,0.09
147,59.52,0.0,100.0,405.35,2.7,31.78,0.71,0.16
148,42.87,0.0,100.0,571.73,1.87,35.35,0.49,0.45
149,45.96,0.0,100.0,540.83,4.0,40.36,0.75,0.33
150,43.97,0.0,100.0,560.79,4.0,37.95,0.75,0.24
151,52.93,0.0,100.0,471.26,1.81,38.98,0.55,0.15
152,74.29,0.0,100.0,257.89,4.0,39.39,0.75,0.17
153,69.94,0.0,100.0,301.3,4.0,35.07,0.75,0.23
154,44.81,0.0,100.0,552.37,1.53,40.27,0.49,0.27
155,75.42,0.0,100.0,246.56,5.5,26.29,0.54,0.15
156,58.61,0.0,100.0,414.45,4.0,41.01,0.75,0.21
157,50.99,0.0,100.0,490.57,2.36,36.18,0.7,0.21
158,65.83,0.0,100.0,342.41,2.36,35.05,0.7,0.25
159,42.11,0.0,100.0,579.31,8.0,18.14,0.75,0.19
160,50.95,0.0,100.0,491.01,2.1,38.38,0.71,0.17
161,57.45,0.0,100.0,426.11,4.9,25.32,0.57,0.14
162,61.57,0.0,100.0,384.96,4.0,35.74,0.75,0.12
163,74.84,0.0,100.0,252.33,5.8,21.7,0.53,0.17
164,64.36,0.0,100.0,357.08,2.42,36.69,0.73,0.24
165,46.61,0.0,100.0,534.34,8.0,18.39,0.75,0.29
166,63.35,0.0,100.0,367.14,4.0,37.73,0.75,0.29
167,46.17,0.0,100.0,538.79,1.6,37.76,0.48,0.23
168,55.97,0.0,100.0,440.88,2.02,40.12,0.51,0.18
169,55.64,0.0,100.0,444.19,4.0,43.98,0.75,0.21
170,56.33,0.0,100.0,437.29,4.0,37.46,0.75,0.19
171,44.32,0.0,100.0,557.21,4.0,31.47,0.75,0.22
172,62.59,0.06,94.0,398.54,1.2,36.32,0.62,0.26
173,60.04,0.0,100.0,400.2,4.0,42.92,0.75,0.19
174,70.94,0.0,100.0,291.33,3.17,30.71,0.54,0.15
175,69.73,0.0,100.0,303.35,2.12,34.67,0.73,0.35
176,55.93,0.0,100.0,441.21,4.9,22.96,0.57,0.24
177,68.9,0.0,100.0,311.65,8.0,20.12,0.75,0.22
178,59.5,0.0,100.0,405.61,1.99,39.51,0.53,0.18
179,71.57,0.0,100.0,284.98,2.18,41.54,0.68,0.28
180,46.85,0.0,100.0,531.99,2.7,37.99,0.71,0.27
181,88.22,0.0,100.0,118.7,2.48,35.09,0.69,0.3
182,39.06,0.0,100.0,609.83,4.0,38.14,0.75,0.22
183,52.34,0.0,100.0,477.12,4.0,41.81,0.75,0.24
184,74.88,0.0,100.0,251.93,2.48,43.5,0.69,0.15
185,69.45,0.0,100.0,306.19,4.0,36.71,0.75,0.24
186,33.3,0.0,100.0,667.29,4.0,36.96,0.75,0.24
187,48.86,0.0,100.0,511.91,4.0,39.02,0.75,0.18
188,69.76,0.0,100.0,303.06,3.31,31.37,0.53,0.16
189,64.63,0.0,100.0,354.36,4.0,39.65,0.75,0.24
190,70.93,0.0,100.0,291.45,1.96,39.69,0.52,0.27
191,44.68,0.0,100.0,553.65,2.3,32.52,0.71,0.24
192,48.37,0.0,100.0,516.8,2.12,37.56,0.7,0.21
193,72.56,0.0,100.0,275.14,4.0,43.2,0.75,0.21
194,52.05,0.0,100.0,480.03,2.05,37.15,0.49,0.25
195,56.63,0.0,100.0,434.24,1.84,36.83,0.52,0.24
196,44.82,0.0,100.0,552.29,4.0,36.13,0.75,0.25
197,69.48,0.0,100.0,305.9,8.0,18.06,0.75,0.24
198,36.8,0.0,100.0,632.37,2.2,39.0,0.52,0.28
199,64.99,0.0,100.0,350.75,4.0,38.23,0.75,0.19
200,66.14,0.0,100.0,339.25,8.0,21.61,0.75,0.19
201,47.0,0.0,100.0,530.44,4.0,36.03,0.75,0.19
202,54.35,0.0,100.0,457.06,2.61,29.72,0.56,0.24
203,69.48,0.0,100.0,305.9,4.0,38.54,0.75,0.24
204,44.25,0.0,100.0,557.91,4.0,39.22,0.75,0.29
205,73.83,0.0,100.0,262.49,4.0,37.56,0.75,0.22
206,81.8,0.0,100.0,182.86,2.24,35.2,0.72,0.32
207,53.65,0.0,100.0,464.02,4.0,42.07,0.75,0.26
208,64.93,0.0,100.0,351.32,1.66,38.68,0.5,0.3
209,45.54,0.0,100.0,545.09,2.12,35.43,0.7,0.27
210,60.95,0.04,96.0,407.39,2.0,38.3,0.75,0.19
211,63.55,0.0,100.0,365.12,8.0,18.73,0.75,0.19
212,88.62,0.0,100.0,114.71,4.0,40.03,0.75,0.2
213,47.29,0.0,100.0,527.58,2.6,31.03,0.67,0.18
214,50.88,0.0,100.0,491.71,2.42,34.81,0.7,0.23
215,47.46,0.0,100.0,525.88,4.0,42.29,0.75,0.24
216,59.63,0.0,100.0,404.31,2.11,38.51,0.51,0.21
217,57.08,0.0,100.0,429.73,2.42,34.71,0.72,0.16
218,74.41,0.0,100.0,256.65,2.08,35.92,0.71,0.2
219,69.18,0.0,100.0,308.9,2.36,35.34,0.7,0.24
220,74.97,0.0,100.0,251.09,2.12,40.92,0.7,0.23
221,31.86,0.0,100.0,681.7,8.0,20.07,0.75,0.19
222,54.57,0.0,100.0,454.82,4.0,46.89,0.75,0.22
223,62.73,0.0,100.0,373.34,4.0,40.55,0.75,0.2
224,65.18,0.0,100.0,348.82,2.6,33.04,0.66,0.22
225,47.79,0.0,100.0,522.53,2.68,27.34,0.58,0.22
226,59.01,0.0,100.0,410.5,1.51,38.34,0.45,0.2
227,61.51,0.0,100.0,385.54,4.0,39.77,0.75,0.25
228,65.42,0.0,100.0,346.44,2.06,41.7,0.73,0.21
229,52.3,0.0,100.0,477.54,4.0,37.32,0.75,0.2
230,56.12,0.0,100.0,439.33,6.1,21.25,0.52,0.2
231,76.73,0.0,100.0,233.45,8.0,18.53,0.75,0.22
232,56.15,0.0,100.0,439.01,4.0,41.83,0.75,0.2
233,69.65,0.0,100.0,304.17,8.0,19.5,0.75,0.11
234,37.73,0.0,100.0,623.08,2.11,35.97,0.5,0.1
235,51.47,0.0,100.0,485.84,2.96,27.79,0.57,0.09
236,73.19,0.0,100.0,268.81,4.0,36.06,0.75,0.09
237,56.02,0.0,100.0,440.32,4.0,41.18,0.75,0.1
238,48.35,0.0,100.0,517.0,2.18,47.37,0.68,0.2
239,55.09,0.0,100.0,449.65,4.0,41.55,0.75,0.23
240,78.54,0.0,100.0,215.34,8.0,16.64,0.75,0.23
241,61.38,0.0,100.0,386.79,2.12,35.13,0.73,0.22
242,48.51,0.0,100.0,515.36,4.0,36.38,0.75,0.26
243,72.99,0.0,100.0,270.84,2.96,29.66,0.55,0.22
244,68.19,0.0,100.0,318.79,2.24,41.19,0.65,0.26
245,49.98,0.0,100.0,500.7,8.0,19.59,0.75,0.24
246,69.03,0.0,100.0,310.37,2.56,34.83,0.72,0.26
247,40.44,0.0,100.0,595.99,4.0,38.77,0.75,0.24
248,52.03,0.0,100.0,480.23,2.16,41.51,0.69,0.23
249,77.27,0.0,100.0,228.09,2.1,41.17,0.71,0.24
250,55.62,0.0,100.0,444.39,2.08,35.61,0.71,0.34
251,53.92,0.0,100.0,461.3,1.87,37.02,0.54,0.36
252,53.13,0.0,100.0,469.22,2.42,40.3,0.73,0.28
253,74.39,0.0,100.0,256.83,2.56,39.74,0.72,0.12
254,73.55,0.0,100.0,265.21,2.17,38.13,0.51,0.28
255,60.12,0.05,95.0,420.32,2.0,38.52,0.75,0.32
256,36.44,0.0,100.0,635.98,2.09,36.39,0.44,0.17
257,66.27,0.0,100.0,337.96,1.51,37.14,0.62,0.12
258,40.25,0.0,100.0,597.92,1.77,37.5,0.49,0.1
259,66.69,0.0,100.0,333.79,4.0,39.36,0.75,0.31
260,82.18,0.0,100.0,179.01,2.42,36.43,0.7,0.23
261,65.58,0.0,100.0,344.84,3.17,33.94,0.54,0.19
262,49.15,0.0,100.0,509.0,2.84,32.1,0.7,0.17
263,61.57,0.0,100.0,384.96,4.0,38.48,0.75,0.12
264,61.66,0.0,100.0,384.04,2.7,33.44,0.71,0.12
265,55.12,0.0,100.0,449.36,4.0,39.44,0.75,0.1
266,51.7,0.0,100.0,483.53,2.42,32.66,0.72,0.15
267,77.31,0.0,100.0,227.7,4.0,39.37,0.75,0.18
268,66.77,0.0,100.0,332.97,2.24,37.97,0.72,0.32
269,78.18,0.0,100.0,218.98,2.24,34.66,0.72,0.18
270,56.51,0.0,100.0,435.44,4.0,37.03,0.75,0.26
271,83.93,0.0,100.0,161.57,4.0,38.09,0.75,0.14
272,46.81,0.0,100.0,532.38,3.31,31.82,0.53,0.09
273,40.94,0.0,100.0,591.03,2.54,34.19,0.68,0.09
274,35.1,0.0,100.0,649.39,5.5,22.06,0.55,0.07
275,60.74,0.0,100.0,393.23,2.56,38.63,0.72,0.07
276,46.05,0.0,100.0,539.92,4.0,40.4,0.75,0.07
277,50.56,0.0,100.0,494.95,8.0,19.93,0.75,0.1
278,41.05,0.0,100.0,589.95,2.2,39.84,0.67,0.07
279,71.63,0.04,96.0,296.22,1.3,33.61,0.48,0.09
280,76.16,0.0,100.0,239.15,2.24,37.05,0.71,0.09
281,43.32,0.0,100.0,567.24,4.0,39.25,0.75,0.08
282,48.98,0.0,100.0,510.64,1.78,39.21,0.51,0.07
283,68.4,0.0,100.0,316.7,4.0,39.02,0.75,0.07
284,61.98,0.0,100.0,380.85,5.2,26.2,0.55,0.07
285,72.56,0.0,100.0,275.15,2.36,37.64,0.7,0.07
286,70.35,0.0,100.0,297.2,3.87,30.67,0.51,0.07
287,48.21,0.0,100.0,518.36,16.0,9.17,0.75,0.07
288,72.63,0.0,100.0,274.44,8.0,19.88,0.75,0.08
289,44.51,0.0,100.0,555.32,1.26,38.85,0.58,0.07
290,68.76,0.0,100.0,313.09,6.85,24.25,0.49,0.08
291,53.92,0.0,100.0,461.31,4.0,39.11,0.75,0.08
292,41.69,0.0,100.0,583.5,2.54,29.11,0.58,0.1
293,75.03,0.0,100.0,250.41,4.0,42.14,0.75,0.07
294,42.2,0.0,100.0,578.44,5.2,25.02,0.55,0.08
295,47.14,0.0,100.0,529.04,8.0,19.2,0.75,0.07
296,68.04,0.0,100.0,320.27,16.0,10.18,0.75,0.07
297,86.8,0.0,100.0,132.82,4.0,39.55,0.75,0.07
298,40.44,0.0,100.0,595.99,1.93,39.36,0.54,0.08
299,79.7,0.0,100.0,203.84,4.0,43.01,0.75,0.07
300,38.33,0.0,100.0,617.13,1.72,34.4,0.6,0.07
301,55.95,0.0,100.0,441.06,2.12,41.81,0.7,0.08
302,48.16,0.0,100.0,518.85,2.1,40.07,0.71,0.07
303,42.35,0.0,100.0,576.89,4.0,35.68,0.75,0.07
304,73.8,0.0,100.0,262.77,4.0,40.4,0.75,0.07
305,72.66,0.0,100.0,274.1,1.9,37.55,0.55,0.07
306,50.26,0.0,100.0,497.93,2.24,36.34,0.71,0.07
307,56.01,0.0,100.0,440.49,2.7,37.8,0.71,0.07
308,45.29,0.0,100.0,547.58,1.29,38.41,0.54,0.08
309,81.77,0.0,100.0,183.14,4.0,39.49,0.75,0.07
310,51.15,0.0,100.0,489.04,4.0,39.4,0.75,0.08
311,76.02,0.0,100.0,240.57,3.54,31.59,0.67,0.09
312,70.63,0.0,100.0,294.4,4.0,40.48,0.75,0.07
313,62.64,0.0,100.0,374.23,2.16,42.76,0.69,0.08
314,64.02,0.0,100.0,360.46,3.31,29.94,0.52,0.07
315,35.23,0.0,100.0,648.08,2.84,36.8,0.7,0.07
316,77.83,0.0,100.0,222.52,4.0,39.75,0.75,0.07
317,78.86,0.0,100.0,212.17,4.0,39.21,0.75,0.06
318,68.94,0.0,100.0,311.32,1.52,40.8,0.45,0.07
319,58.39,0.0,100.0,416.65,2.18,36.83,0.73,0.07
320,62.0,0.0,100.0,380.61,2.1,39.23,0.71,0.07
321,44.11,0.0,100.0,559.38,4.9,26.04,0.58,0.07
322,47.73,0.0,100.0,523.19,2.1,41.76,0.71,0.08
323,43.13,0.0,100.0,569.15,3.26,28.48,0.67,0.08
324,69.54,0.0,100.0,305.32,8.0,22.46,0.75,0.07
325,66.61,0.08,92.0,363.56,2.0,41.06,0.75,0.07
326,34.66,0.0,100.0,653.77,8.0,19.01,0.75,0.07
327,58.92,0.0,100.0,411.41,2.7,37.89,0.68,0.07
328,55.74,0.0,100.0,443.2,4.0,38.07,0.75,0.07
329,45.72,0.0,100.0,543.26,1.77,37.59,0.49,0.06
330,45.03,0.0,100.0,550.15,4.0,38.33,0.75,0.07
331,70.91,0.0,100.0,291.61,1.73,34.71,0.51,0.08
332,72.21,0.0,100.0,278.59,4.0,39.16,0.75,0.07
333,83.38,0.0,100.0,167.04,2.36,35.35,0.7,0.08
334,69.67,0.0,100.0,303.99,1.78,38.73,0.56,0.07
335,61.62,0.0,100.0,384.4,1.5,34.97,0.53,0.08
336,46.12,0.0,100.0,539.25,2.36,41.22,0.7,0.07
337,66.6,0.0,100.0,334.64,2.18,40.45,0.73,0.08
338,55.03,0.0,100.0,450.22,4.0,40.12,0.75,0.08
339,70.2,0.0,100.0,298.69,1.64,33.58,0.56,0.07
340,53.33,0.0,100.0,467.22,2.1,40.84,0.71,0.07
341,62.43,0.0,100.0,376.34,4.0,36.79,0.75,0.07
342,68.47,0.0,100.0,315.94,3.38,31.57,0.52,0.07
343,41.39,0.0,100.0,586.55,2.42,39.05,0.7,0.07
344,66.94,0.0,100.0,331.23,2.56,40.06,0.68,0.09
345,53.55,0.0,100.0,465.05,4.0,42.32,0.75,0.06
346,65.82,0.0,100.0,342.41,4.0,35.32,0.75,0.07
347,56.62,0.0,100.0,434.36,2.16,37.76,0.69,0.07
348,32.05,0.0,100.0,679.81,4.0,36.24,0.75,0.07
349,73.23,0.0,100.0,268.38,6.85,20.3,0.51,0.07
350,69.73,0.0,100.0,303.36,2.42,41.27,0.73,0.08
351,59.86,0.0,100.0,401.96,3.66,30.27,0.51,0.07
352,75.21,0.0,100.0,248.69,4.0,37.8,0.75,0.06
353,53.02,0.0,100.0,470.33,2.17,42.11,0.51,0.08
354,50.22,0.0,100.0,498.32,5.65,23.62,0.44,0.08
355,42.95,0.0,100.0,570.98,1.35,38.53,0.53,0.06
356,66.91,0.0,100.0,331.57,2.18,33.79,0.73,0.07
357,49.45,0.0,100.0,506.0,4.0,41.16,0.75,0.07
358,54.81,0.0,100.0,452.45,2.12,41.48,0.7,0.07
359,48.51,0.0,100.0,515.36,2.1,39.39,0.71,0.09
360,43.3,0.0,100.0,567.4,8.0,18.97,0.75,0.1
361,59.52,0.0,100.0,405.36,2.84,36.01,0.7,0.31
362,37.69,0.0,100.0,623.46,1.41,40.47,0.53,0.35
363,44.28,0.0,100.0,557.62,4.0,34.0,0.75,0.34
364,54.59,0.0,100.0,454.68,2.18,35.08,0.72,0.32
365,49.65,0.0,100.0,503.99,4.0,39.23,0.75,0.2
366,38.34,0.0,100.0,616.96,1.93,39.29,0.52,0.26
367,76.73,0.0,100.0,233.48,5.5,28.71,0.56,0.14
368,51.5,0.0,100.0,485.52,2.14,40.62,0.69,0.11
369,39.33,0.0,100.0,607.13,2.7,35.56,0.71,0.11
370,63.67,0.0,100.0,363.97,8.0,20.31,0.75,0.1
371,68.1,0.0,100.0,319.7,4.0,36.71,0.75,0.25
372,41.89,0.0,100.0,581.49,4.0,41.18,0.75,0.13
373,45.66,0.0,100.0,543.86,1.87,40.96,0.56,0.23
374,66.22,0.0,100.0,338.46,2.7,36.23,0.71,0.24
375,48.61,0.0,100.0,514.34,4.0,38.25,0.75,0.12
376,71.93,0.0,100.0,281.42,2.3,35.56,0.71,0.13
377,47.37,0.0,100.0,526.79,2.56,33.79,0.72,0.15
378,43.94,0.0,100.0,561.07,8.0,19.25,0.75,0.19
379,66.96,0.0,100.0,331.06,2.7,38.16,0.71,0.13
380,66.27,0.0,100.0,337.97,2.7,33.77,0.7,0.12
381,54.83,0.0,100.0,452.24,2.14,37.6,0.51,0.13
382,56.07,0.0,100.0,439.87,2.84,35.77,0.71,0.25
383,51.9,0.0,100.0,481.56,16.0,10.26,0.75,0.13
384,58.16,0.0,100.0,418.96,2.42,36.77,0.72,0.1
385,85.03,0.0,100.0,150.58,3.24,32.88,0.53,0.09
386,54.11,0.0,100.0,459.42,4.0,42.3,0.75,0.14
387,68.86,0.0,100.0,312.1,16.0,9.55,0.75,0.09
388,54.26,0.0,100.0,457.96,2.06,37.31,0.72,0.09
389,59.67,0.0,100.0,403.94,4.0,34.73,0.75,0.09
390,61.07,0.0,100.0,389.88,3.38,28.1,0.53,0.08
391,40.04,0.0,100.0,600.02,2.41,42.6,0.56,0.09
392,64.73,0.0,100.0,353.34,8.0,19.96,0.75,0.09
393,58.18,0.0,100.0,418.78,2.56,32.6,0.72,0.09
394,63.08,0.0,100.0,369.82,1.42,38.76,0.49,0.11
395,57.36,0.0,100.0,426.94,8.0,17.91,0.75,0.14
396,49.3,0.0,100.0,507.49,2.24,37.88,0.72,0.09
397,49.17,0.0,100.0,508.83,2.89,24.44,0.55,0.1
398,68.23,0.0,100.0,318.43,4.0,36.86,0.75,0.12
399,85.76,0.0,100.0,143.3,2.7,33.68,0.68,0.1
400,57.71,0.0,100.0,423.49,4.0,35.54,0.75,0.12
401,42.4,0.0,100.0,576.44,8.0,20.75,0.75,0.14
402,64.05,0.04,96.0,375.1,1.29,38.88,0.56,0.13
403,68.18,0.0,100.0,318.84,16.0,11.18,0.75,0.11
404,41.48,0.0,100.0,585.65,2.56,37.44,0.71,0.11
405,34.68,0.0,100.0,653.57,2.06,36.11,0.72,0.16
406,40.15,0.0,100.0,598.9,4.0,37.78,0.75,0.11
407,69.47,0.0,100.0,306.04,2.98,34.51,0.69,0.09
408,60.17,0.0,100.0,398.85,3.52,27.66,0.5,0.11
409,76.34,0.0,100.0,237.31,2.18,39.21,0.73,0.13
410,69.85,0.0,100.0,302.16,8.0,18.34,0.75,0.15
411,62.5,0.0,100.0,375.65,2.24,38.41,0.72,0.13
412,43.11,0.0,100.0,569.36,2.61,33.54,0.58,0.11
413,46.44,0.0,100.0,536.06,1.9,33.55,0.55,0.17
414,70.11,0.0,100.0,299.57,2.36,37.47,0.7,0.19
415,57.58,0.0,100.0,424.78,5.05,23.97,0.55,0.19
416,44.08,0.0,100.0,559.64,8.0,18.76,0.75,0.12
417,74.05,0.0,100.0,260.24,7.0,23.72,0.51,0.17
418,49.32,0.0,100.0,507.31,8.0,17.97,0.75,0.1
419,48.87,0.0,100.0,511.77,3.7,23.77,0.64,0.12
420,41.59,0.0,100.0,584.49,8.0,18.13,0.75,0.1
421,65.05,0.0,100.0,350.12,1.88,35.28,0.48,0.1
422,60.85,0.0,100.0,392.16,2.42,38.32,0.69,0.1
423,64.53,0.0,100.0,355.35,4.0,43.92,0.75,0.12
424,87.7,0.28,72.0,171.65,1.0,31.14,0.71,0.07
425,52.21,0.0,100.0,478.45,1.36,35.11,0.51,0.09
426,28.16,0.0,100.0,718.64,2.56,36.67,0.71,0.09
427,34.44,0.0,100.0,655.91,2.42,39.23,0.69,0.15
428,69.09,0.0,100.0,309.8,4.0,37.92,0.75,0.12
429,60.62,0.0,100.0,394.45,4.0,37.4,0.75,0.11
430,51.61,0.0,100.0,484.44,8.0,19.36,0.75,0.12
431,96.1,0.0,100.0,39.96,8.0,19.59,0.75,0.1
432,71.79,0.0,100.0,282.87,3.12,34.08,0.69,0.11
433,46.57,0.0,100.0,534.79,4.0,39.13,0.75,0.17
434,35.37,0.0,100.0,646.68,1.69,36.83,0.49,0.09
435,87.66,0.0,100.0,124.26,2.1,38.55,0.71,0.09
436,64.57,0.0,100.0,354.96,2.24,37.28,0.72,0.09
437,70.11,0.0,100.0,299.63,2.24,36.0,0.72,0.09
438,61.97,0.0,100.0,380.94,4.0,45.34,0.75,0.06
439,73.94,0.0,100.0,261.38,2.08,39.55,0.72,0.06
440,62.49,0.0,100.0,375.76,8.0,18.69,0.75,0.07
441,48.87,0.0,100.0,511.82,1.46,41.56,0.47,0.07
442,49.26,0.0,100.0,507.89,4.0,40.77,0.75,0.09
443,44.61,0.0,100.0,554.3,4.0,40.44,0.75,0.06
444,58.41,0.0,100.0,416.5,1.99,43.65,0.53,0.07
445,80.46,0.0,100.0,196.18,2.96,30.05,0.55,0.07
446,54.08,0.0,100.0,459.74,3.73,29.25,0.5,0.06
447,72.9,0.0,100.0,271.69,4.0,39.78,0.75,0.06
448,67.31,0.0,100.0,327.55,2.28,31.96,0.73,0.07
449,75.18,0.0,100.0,248.97,8.0,19.66,0.75,0.06
450,44.64,0.0,100.0,554.08,2.33,31.93,0.63,0.08
451,70.63,0.0,100.0,294.4,4.0,40.33,0.75,0.09
452,45.27,0.0,100.0,547.8,2.12,39.84,0.7,0.11
453,39.56,0.0,100.0,604.77,4.0,41.28,0.75,0.09
454,71.98,0.0,100.0,280.89,4.0,38.93,0.75,0.14
455,39.41,0.0,100.0,606.31,1.72,37.93,0.56,0.1
456,45.85,0.0,100.0,541.93,2.08,36.95,0.72,0.09
457,56.7,0.0,100.0,433.55,8.0,19.75,0.75,0.1
458,54.73,0.0,100.0,453.28,3.24,31.17,0.54,0.09
459,46.2,0.0,100.0,538.49,4.0,42.87,0.75,0.09
460,51.26,0.0,100.0,487.89,4.0,36.7,0.75,0.08
461,52.5,0.0,100.0,475.48,2.1,36.91,0.71,0.1
462,67.95,0.0,100.0,321.14,2.42,41.28,0.7,0.15
463,59.06,0.0,100.0,409.97,2.0,40.36,0.75,0.12
464,44.36,0.0,100.0,556.89,2.05,42.78,0.53,0.1
465,60.15,0.0,100.0,399.12,4.9,25.53,0.57,0.09
466,52.25,0.0,100.0,477.99,4.0,34.6,0.75,0.08
467,68.7,0.0,100.0,313.66,8.0,21.21,0.75,0.09
468,72.18,0.0,100.0,278.88,8.0,18.47,0.75,0.09
469,65.03,0.0,100.0,350.35,2.08,40.03,0.51,0.09
470,57.25,0.0,100.0,428.09,8.0,17.8,0.75,0.09
471,36.09,0.0,100.0,639.44,4.0,36.4,0.75,0.09
472,64.29,0.0,100.0,357.72,2.1,40.98,0.71,0.1
473,49.67,0.0,100.0,503.77,2.56,35.27,0.72,0.14
474,60.52,0.0,100.0,395.44,5.05,18.78,0.55,0.12
475,50.76,0.0,100.0,492.89,2.28,40.78,0.73,0.08
476,64.93,0.0,100.0,351.37,2.1,39.79,0.71,0.09
477,54.93,0.0,100.0,451.28,2.2,42.53,0.68,0.08
478,52.31,0.0,100.0,477.4,3.12,33.74,0.68,0.09
479,73.89,0.0,100.0,261.87,2.12,40.16,0.74,0.09
480,60.7,0.0,100.0,393.57,2.36,38.35,0.7,0.09
481,60.7,0.0,100.0,393.56,3.38,29.3,0.5,0.09
482,73.02,0.0,100.0,270.54,4.0,37.78,0.75,0.09
483,63.88,0.0,100.0,361.84,2.24,32.76,0.72,0.09
484,35.49,0.0,100.0,645.44,4.0,40.21,0.75,0.09
485,56.33,0.0,100.0,437.29,4.0,37.52,0.75,0.08
486,62.75,0.0,100.0,373.17,1.9,40.01,0.54,0.09
487,28.22,0.0,100.0,718.1,2.42,39.58,0.69,0.08
488,45.33,0.0,100.0,547.19,2.36,39.64,0.7,0.12
489,48.13,0.0,100.0,519.15,2.54,37.91,0.68,0.1
490,54.37,0.0,100.0,456.84,8.0,19.21,0.75,0.08
491,34.11,0.0,100.0,659.27,8.0,17.54,0.75,0.09
492,47.83,0.0,100.0,522.17,2.7,33.32,0.71,0.08
493,47.14,0.0,100.0,529.05,2.14,41.84,0.7,0.09
494,58.36,0.0,100.0,416.97,6.4,24.29,0.5,0.1
495,35.03,0.0,100.0,650.08,4.0,41.5,0.75,0.1
496,41.46,0.0,100.0,585.8,4.0,46.06,0.75,0.1
497,68.38,0.0,100.0,316.87,2.11,37.87,0.51,0.09
498,74.78,0.0,100.0,252.99,2.7,29.39,0.71,0.12
499,75.46,0.0,100.0,246.19,5.2,23.19,0.55,0.1
500,61.71,0.0,100.0,383.51,1.72,35.71,0.57,0.1
501,67.07,0.0,100.0,330.01,2.08,36.11,0.72,0.11
502,49.29,0.0,100.0,507.57,2.89,29.05,0.58,0.1
503,72.53,0.0,100.0,275.42,16.0,10.39,0.75,0.09
504,43.0,0.0,100.0,570.4,4.0,34.65,0.75,0.09
505,54.92,0.0,100.0,451.36,2.24,36.39,0.72,0.08
506,65.58,0.0,100.0,344.9,2.82,31.58,0.57,0.08
507,69.25,0.0,100.0,308.2,8.0,19.89,0.75,0.09
508,42.72,0.0,100.0,573.27,4.0,40.83,0.75,0.09
509,45.12,0.0,100.0,549.29,1.84,40.42,0.55,0.09
510,64.8,0.0,100.0,352.65,2.1,40.78,0.71,0.08
511,44.52,0.0,100.0,555.2,4.0,41.76,0.75,0.09
512,56.62,0.0,100.0,434.41,4.0,44.04,0.75,0.09
513,73.88,0.0,100.0,261.91,4.0,38.36,0.75,0.08
514,67.68,0.0,100.0,323.83,5.2,23.12,0.55,0.08
515,48.72,0.0,100.0,513.3,7.15,25.42,0.51,0.08
516,63.81,0.0,100.0,362.54,4.0,41.04,0.75,0.08
517,77.78,0.0,100.0,222.98,3.59,29.19,0.5,0.08
518,45.07,0.0,100.0,549.77,2.02,36.76,0.74,0.08
519,79.12,0.0,100.0,209.59,4.0,39.97,0.75,0.08
520,47.14,0.0,100.0,529.04,4.0,39.8,0.75,0.09
521,69.55,0.0,100.0,305.16,2.06,36.83,0.72,0.08
522,59.35,0.0,100.0,407.1,8.0,19.77,0.75,0.09
523,70.83,0.0,100.0,292.39,8.0,18.39,0.75,0.09
524,56.76,0.0,100.0,432.97,4.0,42.02,0.75,0.08
525,68.11,0.0,100.0,319.56,2.82,26.93,0.56,0.08
526,69.45,0.0,100.0,306.2,6.25,22.05,0.51,0.08
527,95.98,0.0,100.0,41.2,2.24,41.87,0.66,0.1
528,64.39,0.0,100.0,356.78,2.24,32.49,0.71,0.08
529,60.23,0.0,100.0,398.33,2.05,36.58,0.44,0.08
530,45.22,0.0,100.0,548.28,5.8,26.41,0.54,0.09
531,61.34,0.0,100.0,387.16,5.8,24.97,0.55,0.09
532,55.2,0.0,100.0,448.59,2.18,32.43,0.73,0.09
533,55.32,0.0,100.0,447.36,2.12,34.13,0.73,0.15
534,64.93,0.0,100.0,351.32,8.0,18.19,0.75,0.09
535,83.21,0.0,100.0,168.76,8.0,20.55,0.75,0.09
536,51.21,0.0,100.0,488.43,3.45,31.16,0.53,0.1
537,62.5,0.0,100.0,375.64,4.0,36.18,0.75,0.09
538,42.52,0.0,100.0,575.2,2.05,36.2,0.51,0.1
539,29.88,0.0,100.0,701.46,2.24,34.58,0.71,0.1
540,47.36,0.0,100.0,526.86,8.0,20.59,0.75,0.09
541,48.99,0.0,100.0,510.6,2.75,25.55,0.57,0.09
542,38.89,0.0,100.0,611.44,6.25,20.98,0.51,0.09
543,52.4,0.07,93.0,512.32,2.0,35.96,0.75,0.09
544,66.83,0.0,100.0,332.35,4.0,42.63,0.75,0.13
545,58.62,0.0,100.0,414.43,4.75,24.42,0.56,0.16
546,70.19,0.0,100.0,298.76,1.43,32.32,0.54,0.14
547,72.8,0.08,92.0,296.33,1.23,38.18,0.6,0.09
548,37.11,0.0,100.0,629.28,2.6,37.39,0.67,0.11
549,65.64,0.0,100.0,344.3,8.0,21.36,0.75,0.11
550,74.49,0.0,100.0,255.87,4.0,37.41,0.75,0.1
551,67.63,0.06,94.0,345.0,2.0,37.63,0.75,0.09
552,60.19,0.0,100.0,398.7,2.7,34.33,0.71,0.14
553,68.01,0.0,100.0,320.56,8.0,19.76,0.75,0.09
554,68.35,0.0,100.0,317.14,2.48,33.45,0.69,0.09
555,47.36,0.0,100.0,526.86,4.0,40.04,0.75,0.15
556,55.92,0.0,100.0,441.31,8.0,18.86,0.75,0.11
557,77.35,0.0,100.0,227.25,2.82,28.24,0.45,0.1
558,63.58,0.0,100.0,364.88,2.29,38.18,0.56,0.11
559,68.04,0.0,100.0,320.27,4.0,36.71,0.75,0.14
560,70.63,0.0,100.0,294.4,7.3,20.74,0.53,0.09
561,77.02,0.0,100.0,230.57,2.0,35.43,0.75,0.09
562,50.61,0.0,100.0,494.4,1.34,37.22,0.54,0.11
563,52.85,0.0,100.0,472.04,2.84,36.36,0.7,0.22
564,50.73,0.0,100.0,493.23,4.9,26.16,0.58,0.11
565,37.76,0.0,100.0,622.76,4.0,40.24,0.75,0.12
566,59.98,0.0,100.0,400.77,4.0,40.66,0.75,0.12
567,46.97,0.0,100.0,530.72,4.0,42.5,0.75,0.1
568,54.43,0.0,100.0,456.24,6.55,23.12,0.5,0.08
569,60.04,0.0,100.0,400.2,8.0,18.67,0.75,0.06
570,63.51,0.0,100.0,365.57,8.0,21.5,0.75,0.09
571,46.48,0.0,100.0,535.64,2.3,30.6,0.71,0.07
572,75.39,0.0,100.0,246.8,2.18,36.24,0.72,0.09
573,78.54,0.0,100.0,215.34,4.0,33.83,0.75,0.07
574,64.27,0.0,100.0,357.94,4.0,39.7,0.75,0.08
575,65.69,0.0,100.0,343.72,4.0,42.34,0.75,0.08
576,44.56,0.0,100.0,554.8,2.61,32.32,0.59,0.07
577,77.36,0.0,100.0,227.12,4.0,39.14,0.75,0.07
578,51.23,0.0,100.0,488.17,4.0,42.55,0.75,0.06
579,56.68,0.0,100.0,433.78,1.96,35.16,0.52,0.07
580,59.52,0.0,100.0,405.38,8.0,20.46,0.75,0.07
581,83.13,0.0,100.0,169.5,2.08,36.42,0.72,0.09
582,28.98,0.0,100.0,710.45,4.0,37.74,0.75,0.08
583,48.07,0.0,100.0,519.8,4.0,39.84,0.75,0.09
584,54.97,0.0,100.0,450.8,4.0,40.86,0.75,0.08
585,79.84,0.0,100.0,202.4,4.0,45.0,0.75,0.09
586,77.34,0.0,100.0,227.41,8.0,20.62,0.75,0.08
587,48.17,0.0,100.0,518.82,2.1,36.1,0.71,0.08
588,54.46,0.0,100.0,455.99,4.3,22.89,0.59,0.08
589,65.8,0.0,100.0,342.69,4.45,23.43,0.58,0.08
590,45.17,0.0,100.0,548.79,1.63,35.84,0.59,0.09
591,52.65,0.0,100.0,474.02,2.14,39.91,0.51,0.08
592,75.89,0.0,100.0,241.83,2.02,40.59,0.52,0.09
593,46.4,0.0,100.0,536.49,2.89,29.03,0.55,0.08
594,91.69,0.0,100.0,84.03,2.24,34.57,0.72,0.09
595,53.9,0.0,100.0,461.52,3.24,26.8,0.54,0.09
596,67.34,0.0,100.0,327.29,3.12,31.17,0.68,0.08
597,35.85,0.0,100.0,641.82,2.36,39.05,0.69,0.08
598,51.65,0.0,100.0,484.06,2.42,38.88,0.73,0.08
599,46.29,0.0,100.0,537.55,2.7,33.23,0.71,0.1
600,58.1,0.0,100.0,419.62,4.0,36.82,0.75,0.09
601,55.69,0.0,100.0,443.7,2.42,42.22,0.73,0.1
602,72.35,0.0,100.0,277.26,2.42,38.15,0.73,0.18
603,61.07,0.0,100.0,389.89,1.58,40.97,0.49,0.1
604,63.9,0.0,100.0,361.62,3.4,37.28,0.67,0.08
605,72.57,0.09,91.0,302.15,1.24,35.01,0.59,0.12
606,52.82,0.0,100.0,472.36,4.0,33.72,0.75,0.12
607,54.89,0.0,100.0,451.6,1.96,39.94,0.51,0.12
608,39.5,0.0,100.0,605.43,2.36,43.75,0.71,0.1
609,55.75,0.0,100.0,443.04,4.0,41.82,0.75,0.08
610,39.44,0.0,100.0,605.95,4.01,31.06,0.54,0.08
611,49.52,0.0,100.0,505.3,4.0,37.4,0.75,0.11
612,62.17,0.0,100.0,378.95,1.84,37.18,0.56,0.09
613,65.72,0.0,100.0,343.44,8.0,21.84,0.75,0.08
614,77.71,0.0,100.0,223.67,4.0,41.2,0.75,0.09
615,74.69,0.0,100.0,253.86,4.0,37.61,0.75,0.08
616,71.23,0.0,100.0,288.36,4.0,36.57,0.75,0.11
617,57.78,0.0,100.0,422.79,4.0,43.42,0.75,0.1
618,59.33,0.0,100.0,407.32,4.9,30.43,0.6,0.12
619,86.55,0.0,100.0,135.41,4.0,35.28,0.75,0.11
620,74.13,0.0,100.0,259.43,2.68,26.77,0.57,0.1
621,57.48,0.0,100.0,425.79,4.0,33.75,0.75,0.11
622,63.03,0.0,100.0,370.37,2.36,30.08,0.7,0.08
623,89.85,0.0,100.0,102.35,4.0,39.9,0.75,0.08
624,39.66,0.0,100.0,603.82,2.54,33.58,0.59,0.08
625,52.78,0.0,100.0,472.69,2.12,41.76,0.71,0.08
626,43.73,0.0,100.0,563.12,2.47,29.14,0.6,0.08
627,58.21,0.0,100.0,418.47,16.0,10.09,0.75,0.1
628,61.28,0.0,100.0,387.84,4.0,42.56,0.75,0.08
629,50.76,0.0,100.0,492.94,4.0,39.84,0.75,0.09
630,62.3,0.0,100.0,377.65,2.16,35.68,0.69,0.11
631,31.32,0.0,100.0,687.12,8.0,19.18,0.75,0.11
632,55.52,0.0,100.0,445.35,2.42,35.98,0.73,0.08
633,59.9,0.0,100.0,401.56,3.68,34.48,0.66,0.09
634,57.17,0.0,100.0,428.85,1.96,39.94,0.54,0.09
635,38.07,0.0,100.0,619.64,2.08,42.93,0.72,0.09
636,46.08,0.0,100.0,539.64,4.6,24.0,0.58,0.08
637,46.26,0.0,100.0,537.91,4.0,35.5,0.75,0.11
638,88.27,0.0,100.0,118.16,4.0,38.66,0.75,0.09
639,62.64,0.0,100.0,374.2,4.0,38.71,0.75,0.09
640,54.75,0.0,100.0,453.08,1.53,38.13,0.52,0.08
641,67.41,0.0,100.0,326.6,4.0,40.87,0.75,0.12
642,60.28,0.0,100.0,397.84,2.14,37.83,0.7,0.11
643,35.99,0.0,100.0,640.49,2.06,39.25,0.73,0.09
644,49.13,0.0,100.0,509.16,4.0,39.73,0.75,0.08
645,72.59,0.0,100.0,274.85,4.0,43.65,0.75,0.08
646,60.67,0.0,100.0,393.87,4.0,34.89,0.75,0.12
647,35.3,0.0,100.0,647.32,4.0,39.48,0.75,0.09
648,48.08,0.0,100.0,519.73,5.05,26.05,0.56,0.08
649,54.35,0.0,100.0,457.0,4.0,40.49,0.75,0.08
650,63.22,0.0,100.0,368.41,1.93,38.57,0.54,0.09
651,26.57,0.0,100.0,734.6,4.0,39.78,0.75,0.08
652,46.79,0.05,95.0,560.51,1.26,39.97,0.49,0.14
653,69.23,0.0,100.0,308.42,2.16,43.03,0.69,0.08
654,58.37,0.0,100.0,416.87,4.0,38.91,0.75,0.11
655,71.78,0.0,100.0,282.9,4.0,36.93,0.75,0.09
656,77.05,0.0,100.0,230.29,4.0,40.77,0.75,0.09
657,52.56,0.0,100.0,474.95,8.0,20.02,0.75,0.11
658,75.32,0.0,100.0,247.54,4.0,40.24,0.75,0.09
659,56.73,0.0,100.0,433.26,8.0,21.74,0.75,0.09
660,53.12,0.0,100.0,469.36,5.5,23.38,0.54,0.09
661,64.02,0.0,100.0,360.4,5.35,24.04,0.56,0.09
662,72.97,0.0,100.0,271.04,1.93,40.07,0.57,0.09
663,66.72,0.0,100.0,333.44,2.3,36.3,0.71,0.09
664,57.54,0.0,100.0,425.19,1.48,40.4,0.46,0.09
665,52.26,0.0,100.0,477.95,4.9,25.41,0.56,0.09
666,72.86,0.0,100.0,272.14,1.96,40.58,0.53,0.1
667,92.21,0.0,100.0,78.77,4.0,35.83,0.75,0.1
668,47.34,0.0,100.0,527.06,2.7,44.98,0.71,0.09
669,56.05,0.0,100.0,440.06,2.3,39.17,0.71,0.09
670,46.79,0.0,100.0,532.58,5.65,28.55,0.56,0.11
671,55.56,0.0,100.0,444.92,4.0,38.6,0.75,0.15
672,60.65,0.0,100.0,394.12,1.55,39.07,0.56,0.11
673,55.65,0.0,100.0,444.06,8.0,16.53,0.75,0.1
674,77.09,0.0,100.0,229.83,5.5,26.88,0.55,0.1
675,63.02,0.0,100.0,370.46,4.0,34.43,0.75,0.09
676,59.8,0.0,100.0,402.64,4.15,30.18,0.61,0.09
677,52.2,0.0,100.0,478.56,16.0,9.96,0.75,0.09
678,39.24,0.0,100.0,608.02,3.31,26.46,0.51,0.1
679,65.28,0.0,100.0,347.87,4.0,45.03,0.75,0.1
680,70.49,0.0,100.0,295.85,1.77,32.81,0.45,0.13
681,56.78,0.0,100.0,432.73,2.02,40.19,0.51,0.13
682,54.02,0.0,100.0,460.33,2.1,39.74,0.71,0.11
683,68.28,0.0,100.0,317.92,4.9,25.12,0.57,0.1
684,44.94,0.0,100.0,551.05,3.52,29.5,0.5,0.12
685,62.79,0.0,100.0,372.7,3.94,28.26,0.53,0.09
686,42.12,0.0,100.0,579.23,3.45,29.89,0.53,0.11
687,60.51,0.0,100.0,395.47,4.0,40.5,0.75,0.12
688,45.65,0.0,100.0,543.95,4.0,36.8,0.75,0.1
689,58.89,0.0,100.0,411.7,4.0,37.3,0.75,0.12
690,34.87,0.0,100.0,651.62,2.84,35.33,0.69,0.08
691,48.1,0.0,100.0,519.51,4.0,41.76,0.75,0.09
692,55.64,0.0,100.0,444.19,4.0,42.21,0.75,0.11
693,55.21,0.0,100.0,448.44,3.59,26.95,0.51,0.12
694,59.05,0.0,100.0,410.08,3.94,27.05,0.53,0.12
695,42.45,0.0,100.0,575.92,2.12,38.27,0.73,0.11
696,55.91,0.0,100.0,441.47,4.0,33.6,0.75,0.08
697,61.09,0.0,100.0,389.72,4.0,33.23,0.75,0.08
698,48.74,0.0,100.0,513.06,1.31,37.51,0.54,0.1
699,48.92,0.0,100.0,511.34,4.0,39.98,0.75,0.09
700,68.12,0.0,100.0,319.53,1.84,37.46,0.56,0.09
701,58.9,0.0,100.0,411.6,2.18,44.09,0.68,0.08
702,57.62,0.05,95.0,446.65,2.0,42.34,0.75,0.1
703,65.51,0.0,100.0,345.57,2.0,36.75,0.75,0.1
704,47.77,0.0,100.0,522.8,3.66,25.65,0.51,0.1
705,73.3,0.0,100.0,267.69,1.4,37.16,0.49,0.11
706,66.01,0.0,100.0,340.56,6.7,21.0,0.5,0.08
707,86.17,0.0,100.0,139.15,16.0,9.7,0.75,0.09
708,57.91,0.0,100.0,421.47,4.0,39.78,0.75,0.09
709,44.35,0.0,100.0,556.95,5.8,23.56,0.47,0.1
710,76.39,0.0,100.0,236.9,16.0,9.91,0.75,0.09
711,45.31,0.0,100.0,547.33,1.53,36.07,0.51,0.09
712,67.58,0.0,100.0,324.88,4.0,37.93,0.75,0.09
713,83.03,0.0,100.0,170.49,8.0,19.57,0.75,0.09
714,46.0,0.0,100.0,540.44,1.96,35.11,0.53,0.1
715,59.19,0.0,100.0,408.7,4.0,41.3,0.75,0.13
716,56.43,0.0,100.0,436.3,4.0,39.65,0.75,0.12
717,54.82,0.0,100.0,452.38,2.61,28.98,0.51,0.1
718,62.16,0.0,100.0,378.97,3.45,28.42,0.51,0.09
719,54.41,0.0,100.0,456.46,2.48,41.86,0.69,0.08
720,60.59,0.0,100.0,394.74,4.0,36.56,0.75,0.08
721,59.5,0.0,100.0,405.61,2.18,39.15,0.73,0.09
722,85.65,0.0,100.0,144.32,8.0,19.7,0.75,0.09
723,62.66,0.0,100.0,374.04,4.0,40.31,0.75,0.08
724,51.58,0.0,100.0,484.69,2.98,37.91,0.7,0.1
725,43.97,0.0,100.0,560.79,4.0,36.27,0.75,0.14
726,37.32,0.0,100.0,627.2,16.0,8.84,0.75,0.15
727,61.51,0.0,100.0,385.54,8.0,20.4,0.75,0.11
728,55.92,0.0,100.0,441.36,2.12,38.13,0.7,0.09
729,68.22,0.0,100.0,318.5,2.12,41.39,0.7,0.12
730,70.57,0.0,100.0,295.0,2.18,40.06,0.68,0.09
731,57.72,0.0,100.0,423.34,1.72,37.5,0.58,0.08
732,78.54,0.0,100.0,215.34,8.0,19.93,0.75,0.09
733,54.7,0.0,100.0,453.5,2.84,38.64,0.7,0.1
734,63.3,0.0,100.0,367.61,1.87,40.84,0.53,0.12
735,75.91,0.0,100.0,241.71,5.8,22.14,0.53,0.09
736,57.69,0.0,100.0,423.64,2.14,38.55,0.74,0.09
737,49.55,0.0,100.0,505.01,4.0,37.66,0.75,0.1
738,66.15,0.0,100.0,339.2,2.17,36.44,0.51,0.1
739,53.33,0.0,100.0,467.19,8.0,19.59,0.75,0.11
740,35.19,0.0,100.0,648.47,16.0,10.74,0.75,0.09
741,70.57,0.0,100.0,294.97,4.0,40.81,0.75,0.11
742,63.71,0.0,100.0,363.54,2.08,37.99,0.72,0.09
743,80.99,0.0,100.0,190.87,2.3,35.64,0.71,0.11
744,79.38,0.0,100.0,207.0,4.0,36.15,0.75,0.13
745,51.72,0.0,100.0,483.29,8.0,17.2,0.75,0.09
746,58.21,0.06,94.0,445.09,1.32,40.11,0.39,0.1
747,79.94,0.0,100.0,201.41,3.31,31.49,0.48,0.08
748,45.33,0.0,100.0,547.11,4.0,37.75,0.75,0.09
749,38.82,0.0,100.0,612.23,2.18,34.79,0.72,0.08
750,40.75,0.0,100.0,592.94,2.02,37.44,0.48,0.1
751,56.2,0.0,100.0,438.6,8.0,16.96,0.75,0.1
752,52.04,0.0,100.0,480.08,1.84,41.33,0.57,0.12
753,78.69,0.0,100.0,213.89,1.74,33.51,0.51,0.08
754,48.99,0.0,100.0,510.6,4.0,37.26,0.75,0.09
755,58.49,0.0,100.0,415.69,3.12,37.31,0.69,0.09
756,54.16,0.0,100.0,458.94,2.06,36.55,0.73,0.1
757,63.36,0.0,100.0,367.01,4.0,37.69,0.75,0.08
758,70.95,0.0,100.0,291.24,4.0,33.04,0.75,0.08
759,51.72,0.0,100.0,483.33,1.4,36.14,0.49,0.09
760,62.92,0.0,100.0,371.45,4.0,38.94,0.75,0.09
761,60.06,0.0,100.0,399.95,2.36,33.59,0.7,0.1
762,69.35,0.0,100.0,307.16,2.1,41.4,0.71,0.09
763,55.82,0.0,100.0,442.34,4.0,39.66,0.75,0.08
764,76.96,0.0,100.0,231.15,1.37,38.39,0.52,0.09
765,33.89,0.0,100.0,661.41,8.0,19.62,0.75,0.08
766,58.47,0.0,100.0,415.89,4.0,37.2,0.75,0.08
767,53.28,0.0,100.0,467.69,2.04,35.13,0.74,0.09
768,70.98,0.0,100.0,290.95,4.0,38.38,0.75,0.08
769,71.09,0.0,100.0,289.8,4.0,35.87,0.75,0.09
770,66.52,0.0,100.0,335.51,4.0,39.46,0.75,0.09
771,43.53,0.0,100.0,565.14,2.42,38.09,0.69,0.09
772,64.59,0.0,100.0,354.77,4.0,39.7,0.75,0.08
773,70.65,0.0,100.0,294.22,2.12,34.61,0.7,0.09
774,70.74,0.0,100.0,293.35,2.36,37.08,0.71,0.12
775,58.47,0.0,100.0,415.9,2.05,36.91,0.52,0.09
776,48.86,0.0,100.0,511.91,4.0,35.74,0.75,0.08
777,42.93,0.0,100.0,571.14,2.08,43.26,0.51,0.08
778,44.61,0.0,100.0,554.3,8.0,19.24,0.75,0.09
779,53.56,0.0,100.0,464.89,4.0,43.0,0.75,0.08
780,53.62,0.0,100.0,464.33,1.77,40.22,0.46,0.09
781,73.63,0.0,100.0,264.45,2.06,37.29,0.73,0.09
782,70.36,0.0,100.0,297.07,1.72,32.01,0.57,0.1
783,66.42,0.0,100.0,336.49,2.24,43.7,0.72,0.13
784,76.72,0.0,100.0,233.54,2.3,34.29,0.71,0.12
785,67.12,0.0,100.0,329.49,5.8,26.16,0.52,0.1
786,51.86,0.0,100.0,481.93,2.04,41.89,0.73,0.1
787,61.33,0.0,100.0,387.27,2.22,44.62,0.67,0.12
788,62.59,0.0,100.0,374.74,2.7,39.31,0.71,0.09
789,52.44,0.0,100.0,476.15,1.46,41.94,0.47,0.13
790,69.49,0.0,100.0,305.79,2.1,38.48,0.71,0.11
791,74.95,0.0,100.0,251.27,8.0,19.04,0.75,0.09
792,61.14,0.0,100.0,389.17,2.08,39.39,0.71,0.12
793,49.51,0.0,100.0,505.43,2.32,43.81,0.55,0.1
794,44.86,0.0,100.0,551.88,4.0,40.43,0.75,0.09
795,61.48,0.0,100.0,385.82,4.0,37.54,0.75,0.13
796,77.77,0.0,100.0,223.1,3.31,23.86,0.52,0.16
797,57.52,0.0,100.0,425.41,2.98,40.74,0.7,0.13
798,51.98,0.0,100.0,480.68,1.75,36.59,0.56,0.1
799,58.92,0.0,100.0,411.41,4.0,37.1,0.75,0.13
800,57.75,0.0,100.0,423.04,3.38,26.7,0.51,0.09
801,58.74,0.0,100.0,413.14,4.0,45.31,0.75,0.08
802,47.52,0.0,100.0,525.27,6.25,22.87,0.52,0.09
803,60.24,0.0,100.0,398.24,1.78,34.31,0.47,0.09
804,74.25,0.0,100.0,258.23,2.08,38.8,0.5,0.1
805,70.29,0.0,100.0,297.82,3.31,32.99,0.53,0.09
806,62.84,0.0,100.0,372.19,2.24,41.3,0.72,0.08
807,43.09,0.0,100.0,569.58,8.0,21.85,0.75,0.08
808,38.67,0.0,100.0,613.69,4.0,35.54,0.75,0.1
809,35.54,0.0,100.0,644.98,2.3,38.01,0.71,0.1
810,44.18,0.0,100.0,558.61,4.0,37.38,0.75,0.1
811,86.11,0.0,100.0,139.72,2.84,33.61,0.7,0.08
812,59.23,0.0,100.0,408.25,4.0,39.52,0.75,0.1
813,48.61,0.0,100.0,514.37,2.84,36.29,0.7,0.1
814,47.81,0.0,100.0,522.34,7.3,23.33,0.52,0.1
815,64.66,0.0,100.0,354.0,1.96,39.23,0.51,0.1
816,79.76,0.0,100.0,203.2,2.08,40.19,0.72,0.12
817,44.82,0.0,100.0,552.29,2.0,39.56,0.75,0.12
818,78.32,0.0,100.0,217.6,2.42,34.13,0.73,0.08
819,58.16,0.0,100.0,418.93,2.12,43.04,0.72,0.09
820,42.37,0.0,100.0,576.76,4.0,39.36,0.75,0.09
821,41.91,0.0,100.0,581.28,2.23,35.13,0.51,0.1
822,56.14,0.0,100.0,439.12,1.87,42.35,0.55,0.09
823,74.66,0.0,100.0,254.15,4.0,40.92,0.75,0.08
824,71.26,0.0,100.0,288.13,2.61,28.52,0.59,0.09
825,57.71,0.0,100.0,423.43,1.66,36.32,0.48,0.1
826,53.87,0.0,100.0,461.89,4.0,38.89,0.75,0.08
827,58.16,0.0,100.0,418.94,2.36,33.79,0.7,0.09
828,63.81,0.0,100.0,362.54,4.0,37.18,0.75,0.11
829,60.33,0.04,96.0,413.82,1.18,30.27,0.57,0.09
830,74.03,0.0,100.0,260.47,4.0,40.99,0.75,0.14
831,36.21,0.0,100.0,638.29,4.0,35.74,0.75,0.13
832,60.67,0.0,100.0,393.9,1.55,33.36,0.55,0.1
833,58.17,0.0,100.0,418.89,8.0,20.46,0.75,0.1
834,58.99,0.0,100.0,410.65,6.7,21.16,0.51,0.09
835,68.24,0.0,100.0,318.26,4.0,39.6,0.75,0.08
836,65.42,0.0,100.0,346.44,4.0,40.7,0.75,0.08
837,69.88,0.0,100.0,301.88,4.0,41.79,0.75,0.11
838,32.63,0.0,100.0,674.06,4.0,39.34,0.75,0.09
839,68.73,0.0,100.0,313.39,5.2,22.19,0.55,0.1
840,72.24,0.0,100.0,278.3,4.0,39.59,0.75,0.09
841,66.9,0.0,100.0,331.7,2.05,36.49,0.52,0.08
842,55.71,0.0,100.0,443.49,8.0,19.06,0.75,0.09
843,55.75,0.0,100.0,443.04,4.0,35.14,0.75,0.09
844,72.92,0.0,100.0,271.51,2.08,41.13,0.72,0.09
845,73.12,0.0,100.0,269.56,1.9,36.05,0.54,0.11
846,54.34,0.0,100.0,457.15,2.28,40.32,0.73,0.11
847,51.68,0.0,100.0,483.74,8.0,19.7,0.75,0.08
848,48.27,0.0,100.0,517.79,8.0,19.55,0.75,0.08
849,58.97,0.0,100.0,410.89,2.06,35.78,0.74,0.09
850,59.06,0.0,100.0,409.96,1.56,35.45,0.54,0.1
851,66.26,0.0,100.0,338.1,8.0,17.93,0.75,0.1
852,48.02,0.0,100.0,520.25,8.0,20.07,0.75,0.09
853,62.37,0.0,100.0,376.9,2.56,38.79,0.72,0.09
854,59.83,0.0,100.0,402.31,2.3,38.97,0.71,0.08
855,78.75,0.0,100.0,213.31,2.02,37.48,0.53,0.1
856,59.5,0.0,100.0,405.62,2.42,35.5,0.7,0.1
857,68.6,0.0,100.0,314.64,2.66,37.31,0.67,0.1
858,63.14,0.0,100.0,369.2,2.1,36.15,0.71,0.1
859,49.14,0.0,100.0,509.1,2.18,37.56,0.72,0.1
860,56.95,0.0,100.0,431.08,2.48,33.14,0.69,0.11
861,55.71,0.0,100.0,443.41,7.15,21.38,0.52,0.12
862,77.78,0.0,100.0,223.0,1.99,37.85,0.51,0.1
863,40.11,0.0,100.0,599.31,8.0,19.97,0.75,0.11
864,41.72,0.0,100.0,583.21,4.0,39.19,0.75,0.08
865,47.07,0.0,100.0,529.8,3.12,35.67,0.69,0.09
866,59.44,0.0,100.0,406.24,4.0,42.58,0.75,0.11
867,57.09,0.0,100.0,429.69,16.0,8.97,0.75,0.11
868,48.18,0.0,100.0,518.71,1.51,37.95,0.5,0.08
869,80.72,0.0,100.0,193.57,5.5,18.64,0.53,0.1
870,39.68,0.0,100.0,603.62,4.0,39.76,0.75,0.1
871,56.97,0.0,100.0,430.9,1.72,34.61,0.51,0.11
872,62.16,0.0,100.0,379.0,2.06,38.07,0.72,0.13
873,74.71,0.0,100.0,253.7,2.56,39.08,0.72,0.1
874,63.42,0.0,100.0,366.48,3.87,30.73,0.51,0.09
875,53.62,0.0,100.0,464.37,2.42,34.15,0.7,0.08
876,73.16,0.0,100.0,269.1,4.0,41.07,0.75,0.11
877,66.93,0.0,100.0,331.38,1.42,45.34,0.51,0.08
878,41.38,0.0,100.0,586.66,4.0,42.89,0.75,0.1
879,40.85,0.0,100.0,591.92,4.9,26.98,0.56,0.09
880,32.87,0.0,100.0,671.66,2.18,39.27,0.73,0.08
881,56.44,0.0,100.0,436.14,4.0,40.84,0.75,0.1
882,63.37,0.0,100.0,366.94,1.87,36.09,0.55,0.09
883,39.8,0.0,100.0,602.35,4.0,43.22,0.75,0.1
884,46.5,0.0,100.0,535.51,1.75,33.1,0.56,0.11
885,65.75,0.0,100.0,343.15,1.48,36.4,0.54,0.09
886,46.15,0.0,100.0,538.94,4.0,32.99,0.75,0.09
887,48.64,0.0,100.0,514.05,4.0,36.27,0.75,0.11
888,49.62,0.0,100.0,504.27,4.0,36.96,0.75,0.1
889,50.57,0.0,100.0,494.78,3.12,36.37,0.7,0.09
890,45.86,0.0,100.0,541.81,8.0,19.07,0.75,0.09
891,46.84,0.0,100.0,532.04,8.0,20.78,0.75,0.09
892,55.87,0.0,100.0,441.89,4.0,41.32,0.75,0.09
893,43.21,0.0,100.0,568.29,5.5,22.76,0.56,0.09
894,58.58,0.0,100.0,414.74,4.0,37.08,0.75,0.08
895,40.9,0.0,100.0,591.39,4.0,37.39,0.75,0.09
896,82.79,0.0,100.0,172.93,2.24,34.81,0.72,0.08
897,35.97,0.0,100.0,640.67,2.16,37.1,0.51,0.09
898,65.25,0.0,100.0,348.16,4.0,40.3,0.75,0.08
899,40.38,0.0,100.0,596.56,8.0,21.03,0.75,0.09
900,70.71,0.04,96.0,305.77,2.0,37.14,0.75,0.09
901,67.12,0.0,100.0,329.43,2.06,38.74,0.72,0.1
902,63.74,0.0,100.0,363.2,2.1,42.06,0.71,0.14
903,60.2,0.0,100.0,398.59,3.82,29.44,0.65,0.11
904,53.51,0.0,100.0,465.44,2.42,37.88,0.72,0.09
905,27.95,0.0,100.0,720.82,2.18,36.58,0.73,0.08
906,53.82,0.0,100.0,462.3,4.0,38.43,0.75,0.09
907,49.63,0.0,100.0,504.22,3.24,32.16,0.53,0.09
908,51.44,0.0,100.0,486.09,6.4,23.81,0.51,0.09
909,46.17,0.0,100.0,538.73,2.84,37.58,0.7,0.1
910,54.89,0.0,100.0,451.66,4.0,36.72,0.75,0.08
911,52.38,0.0,100.0,476.71,2.3,39.11,0.71,0.09
912,52.54,0.0,100.0,475.13,3.24,24.13,0.53,0.09
913,70.36,0.0,100.0,297.14,3.17,26.58,0.52,0.08
914,57.9,0.0,100.0,421.59,2.16,44.71,0.69,0.1
915,61.41,0.0,100.0,386.56,4.0,40.64,0.75,0.09
916,41.51,0.0,100.0,585.35,4.0,39.61,0.75,0.09
917,69.39,0.0,100.0,306.82,2.08,36.2,0.72,0.1
918,67.54,0.0,100.0,325.32,4.0,39.59,0.75,0.09
919,57.98,0.0,100.0,420.74,2.68,27.38,0.59,0.1
920,44.03,0.0,100.0,560.18,2.3,33.11,0.71,0.1
921,42.64,0.0,100.0,574.01,4.0,41.23,0.75,0.1
922,40.24,0.0,100.0,598.0,4.0,34.58,0.75,0.1
923,52.8,0.0,100.0,472.52,8.0,19.44,0.75,0.08
924,40.05,0.0,100.0,599.89,4.0,35.85,0.75,0.29
925,67.72,0.0,100.0,323.44,4.0,39.75,0.75,0.08
926,60.89,0.0,100.0,391.74,4.0,38.27,0.75,0.09
927,50.23,0.0,100.0,498.24,4.0,37.47,0.75,0.08
928,62.95,0.0,100.0,371.15,2.42,41.78,0.73,0.1
929,69.77,0.0,100.0,303.02,8.0,18.11,0.75,0.13
930,69.51,0.0,100.0,305.61,4.0,36.29,0.75,0.06
931,72.17,0.0,100.0,279.07,1.4,37.07,0.49,0.06
932,69.29,0.0,100.0,307.79,8.0,18.67,0.75,0.06
933,64.07,0.0,100.0,359.94,1.83,39.4,0.45,0.06
934,33.49,0.0,100.0,665.45,4.9,22.25,0.56,0.06
935,74.0,0.0,100.0,260.77,5.8,24.49,0.51,0.06
936,64.92,0.0,100.0,351.49,1.8,38.8,0.43,0.06
937,41.47,0.0,100.0,585.76,2.42,30.39,0.73,0.05
938,46.74,0.0,100.0,533.02,4.0,34.91,0.75,0.06
939,30.47,0.0,100.0,695.56,3.1,28.5,0.54,0.06
940,53.4,0.0,100.0,466.49,2.42,32.98,0.72,0.06
941,56.52,0.0,100.0,435.34,3.38,29.34,0.48,0.06
942,63.29,0.0,100.0,367.71,4.0,38.85,0.75,0.06
943,59.98,0.0,100.0,400.77,4.0,45.33,0.75,0.07
944,67.4,0.0,100.0,326.65,2.31,32.66,0.41,0.07
945,72.2,0.0,100.0,278.76,2.56,39.67,0.72,0.12
946,74.89,0.0,100.0,251.84,2.18,35.67,0.72,0.19
947,34.92,0.0,100.0,651.15,2.24,38.87,0.72,0.12
948,62.52,0.0,100.0,375.47,2.02,39.62,0.74,0.11
949,59.63,0.0,100.0,404.28,1.87,39.41,0.54,0.13
950,37.77,0.0,100.0,622.65,2.42,39.68,0.73,0.14
951,69.17,0.0,100.0,309.02,2.36,39.46,0.71,0.1
952,40.73,0.0,100.0,593.15,4.0,37.37,0.75,0.15
953,67.79,0.0,100.0,322.78,1.78,38.81,0.56,0.1
954,68.28,0.0,100.0,317.87,5.8,26.48,0.55,0.11
955,53.38,0.0,100.0,466.77,4.0,43.2,0.75,0.1
956,58.49,0.0,100.0,415.72,16.0,9.44,0.75,0.11
957,51.64,0.0,100.0,484.15,4.0,40.79,0.75,0.09
958,58.03,0.0,100.0,420.32,8.0,18.6,0.75,0.1
959,73.38,0.0,100.0,266.96,4.0,37.36,0.75,0.11
960,56.03,0.0,100.0,440.22,1.72,35.6,0.59,0.09
961,54.59,0.0,100.0,454.67,5.35,27.87,0.47,0.09
962,48.53,0.0,100.0,515.2,4.0,43.3,0.75,0.08
963,72.65,0.0,100.0,274.25,2.61,32.93,0.6,0.09
964,83.81,0.0,100.0,162.72,4.0,42.31,0.75,0.09
965,58.6,0.0,100.0,414.59,2.32,38.18,0.54,0.09
966,64.24,0.0,100.0,358.22,4.0,36.69,0.75,0.1
967,37.16,0.0,100.0,628.74,1.49,37.29,0.55,0.1
968,68.45,0.0,100.0,316.23,2.98,36.26,0.7,0.1
969,66.8,0.0,100.0,332.68,6.4,19.31,0.51,0.09
970,30.57,0.0,100.0,694.64,8.0,20.12,0.75,0.09
971,53.16,0.0,100.0,468.92,2.06,38.68,0.73,0.1
972,54.2,0.0,100.0,458.52,1.96,39.03,0.53,0.11
973,40.8,0.0,100.0,592.41,4.0,40.09,0.75,0.1
974,55.92,0.0,100.0,441.33,1.78,36.11,0.59,0.1
975,71.32,0.0,100.0,287.5,4.0,35.8,0.75,0.09
976,75.22,0.0,100.0,248.57,1.35,40.35,0.52,0.13
977,37.95,0.0,100.0,620.92,3.45,30.01,0.44,0.08
978,36.92,0.0,100.0,631.17,2.16,42.91,0.69,0.08
979,75.35,0.0,100.0,247.21,1.45,36.8,0.47,0.08
980,57.94,0.0,100.0,421.19,4.0,34.81,0.75,0.09
981,68.81,0.0,100.0,312.59,2.48,33.76,0.68,0.1
982,46.54,0.0,100.0,535.11,1.87,38.92,0.55,0.09
983,50.72,0.0,100.0,493.27,2.02,35.82,0.51,0.09
984,77.77,0.0,100.0,223.1,4.0,36.57,0.75,0.09
985,34.5,0.0,100.0,655.38,4.0,32.94,0.75,0.1
986,62.46,0.0,100.0,376.05,4.0,35.79,0.75,0.09
987,58.24,0.0,100.0,418.19,1.9,33.58,0.49,0.08
988,57.69,0.0,100.0,423.66,1.79,36.7,0.48,0.09
989,66.89,0.0,100.0,331.77,4.0,43.72,0.75,0.09
990,60.31,0.0,100.0,397.49,2.82,30.3,0.56,0.11
991,57.1,0.0,100.0,429.6,1.31,36.8,0.56,0.11
992,69.19,0.0,100.0,308.77,8.0,19.25,0.75,0.08
993,65.7,0.0,100.0,343.63,2.36,34.43,0.7,0.09
994,51.41,0.0,100.0,486.45,4.0,45.02,0.75,0.09
995,59.38,0.0,100.0,406.81,4.0,37.46,0.75,0.1
996,38.6,0.0,100.0,614.42,4.0,38.73,0.75,0.09
997,69.43,0.0,100.0,306.36,2.08,34.3,0.72,0.09
998,37.91,0.0,100.0,621.33,1.96,39.28,0.48,0.09
999,68.63,0.0,100.0,314.4,2.14,41.24,0.51,0.12
1000,69.13,0.0,100.0,309.35,16.0,9.76,0.75,0.08
1001,57.14,0.0,100.0,429.22,2.7,35.62,0.71,0.11
1002,45.0,0.0,100.0,550.44,4.0,41.11,0.75,0.08
1003,51.92,0.0,100.0,481.36,1.93,39.6,0.54,0.09
1004,51.45,0.0,100.0,486.05,3.1,27.21,0.54,0.43
1005,50.26,0.0,100.0,497.95,16.0,9.14,0.75,0.06
1006,73.24,0.0,100.0,268.35,2.42,34.69,0.69,0.06
1007,45.42,0.0,100.0,546.29,4.0,40.1,0.75,0.06
1008,46.14,0.0,100.0,539.06,2.96,27.49,0.5,0.06
1009,60.65,0.0,100.0,394.13,1.99,40.15,0.51,0.06
1010,64.8,0.0,100.0,352.61,2.12,36.02,0.74,0.06
1011,55.8,0.0,100.0,442.53,2.3,35.51,0.71,0.06
1012,59.45,0.0,100.0,406.11,8.0,19.2,0.75,0.07
1013,47.38,0.0,100.0,526.71,1.38,36.64,0.48,0.06
1014,42.32,0.0,100.0,577.27,3.26,38.63,0.68,0.06
1015,35.79,0.0,100.0,642.45,2.1,39.76,0.71,0.06
1016,44.52,0.0,100.0,555.21,2.42,37.24,0.69,0.06
1017,67.78,0.0,100.0,322.88,2.03,35.05,0.5,0.06
1018,47.43,0.0,100.0,526.12,4.0,39.66,0.75,0.06
1019,68.69,0.0,100.0,313.81,2.75,29.17,0.57,0.06
1020,54.1,0.0,100.0,459.59,4.0,42.11,0.75,0.07
1021,65.56,0.0,100.0,345.01,2.36,37.13,0.7,0.09
1022,63.31,0.0,100.0,367.51,5.5,18.83,0.55,0.12
1023,44.84,0.0,100.0,552.01,1.87,39.71,0.55,0.12
1024,57.34,0.0,100.0,427.15,1.61,35.1,0.59,0.09
1025,61.51,0.0,100.0,385.54,4.0,42.42,0.75,0.08
1026,57.85,0.0,100.0,422.04,5.2,26.62,0.57,0.1
1027,47.41,0.0,100.0,526.39,1.94,33.57,0.55,0.08
1028,57.15,0.0,100.0,429.11,4.0,38.36,0.75,0.09
1029,51.79,0.0,100.0,482.59,8.0,18.68,0.75,0.11
1030,63.0,0.0,100.0,370.63,1.72,30.31,0.58,0.12
1031,87.73,0.0,100.0,123.62,2.82,31.02,0.56,0.08
1032,50.76,0.0,100.0,492.94,4.0,38.38,0.75,0.11
1033,67.35,0.0,100.0,327.17,8.0,20.76,0.75,0.08
1034,50.51,0.0,100.0,495.36,4.0,43.17,0.75,0.08
1035,66.77,0.0,100.0,332.92,4.0,34.09,0.75,0.09
1036,40.2,0.0,100.0,598.43,2.12,35.22,0.7,0.1
1037,65.89,0.0,100.0,341.74,1.71,35.71,0.53,0.1
1038,61.97,0.0,100.0,380.94,4.0,35.25,0.75,0.11
1039,49.05,0.0,100.0,509.98,2.02,39.35,0.74,0.08
1040,39.15,0.0,100.0,608.93,2.08,39.4,0.72,0.11
1041,67.4,0.0,100.0,326.65,3.31,29.34,0.52,0.09
1042,47.39,0.0,100.0,526.57,3.17,33.39,0.54,0.09
1043,63.79,0.0,100.0,362.7,4.0,41.05,0.75,0.09
1044,78.63,0.0,100.0,214.47,16.0,9.46,0.75,0.12
1045,44.01,0.0,100.0,560.33,2.42,32.44,0.69,0.09
1046,53.59,0.0,100.0,464.67,2.08,42.96,0.71,0.09
1047,30.12,0.0,100.0,699.07,4.0,40.86,0.75,0.1
1048,64.9,0.0,100.0,351.61,8.0,17.85,0.75,0.09
1049,52.23,0.0,100.0,478.27,1.86,35.54,0.52,0.09
1050,47.43,0.0,100.0,526.14,6.55,19.65,0.5,0.21
1051,81.21,0.0,100.0,188.71,2.75,31.66,0.57,0.09
1052,39.04,0.0,100.0,609.95,4.0,39.18,0.75,0.09
1053,25.91,0.0,100.0,741.14,2.84,35.04,0.7,0.1
1054,46.72,0.0,100.0,533.31,4.0,40.65,0.75,0.1
1055,36.24,0.0,100.0,638.0,4.0,39.11,0.75,0.06
1056,65.77,0.0,100.0,342.94,1.79,35.88,0.43,0.06
1057,45.86,0.0,100.0,541.85,2.18,35.62,0.73,0.06
1058,68.14,0.0,100.0,319.3,1.72,36.83,0.47,0.09
1059,64.92,0.0,100.0,351.49,4.0,40.16,0.75,0.06
1060,59.31,0.0,100.0,407.52,2.36,32.37,0.7,0.06
1061,72.91,0.0,100.0,271.67,2.1,39.63,0.71,0.06
1062,60.41,0.0,100.0,396.46,8.0,18.13,0.75,0.06
1063,65.2,0.0,100.0,348.61,16.0,10.17,0.75,0.06
1064,79.25,0.0,100.0,208.31,3.17,29.23,0.47,0.06
1065,65.0,0.0,100.0,350.62,8.0,20.05,0.75,0.07
1066,46.79,0.0,100.0,532.61,4.0,41.18,0.75,0.07
1067,66.19,0.0,100.0,338.76,2.3,37.76,0.71,0.06
1068,85.86,0.0,100.0,142.27,2.06,39.32,0.73,0.09
1069,70.52,0.0,100.0,295.52,2.82,27.77,0.57,0.08
1070,45.51,0.0,100.0,545.34,2.15,36.31,0.49,0.09
1071,48.53,0.0,100.0,515.2,4.0,37.56,0.75,0.09
1072,26.45,0.0,100.0,735.75,8.0,18.69,0.75,0.08
1073,51.05,0.0,100.0,490.03,2.42,34.94,0.69,0.09
1074,73.85,0.0,100.0,262.2,4.0,37.82,0.75,0.09
1075,65.67,0.0,100.0,343.92,2.36,37.3,0.71,0.09
1076,73.25,0.0,100.0,268.24,4.0,40.25,0.75,0.09
1077,57.28,0.0,100.0,427.8,4.0,37.91,0.75,0.09
1078,46.97,0.0,100.0,530.72,4.0,39.89,0.75,0.1
1079,71.29,0.0,100.0,287.79,4.0,40.2,0.75,0.08
1080,83.29,0.0,100.0,167.9,4.0,37.34,0.75,0.11
1081,64.99,0.0,100.0,350.75,4.0,37.75,0.75,0.09
1082,62.72,0.0,100.0,373.46,4.0,39.63,0.75,0.1
1083,47.86,0.0,100.0,521.9,1.44,36.48,0.54,0.09
1084,46.62,0.0,100.0,534.24,2.12,44.48,0.71,0.1
1085,83.92,0.0,100.0,161.6,3.38,28.37,0.51,0.09
1086,55.23,0.0,100.0,448.21,4.0,44.78,0.75,0.17
1087,79.84,0.0,100.0,202.4,4.0,34.17,0.75,0.12
1088,63.99,0.0,100.0,360.7,5.95,25.53,0.54,0.11
1089,76.38,0.07,93.0,254.72,2.0,39.99,0.75,0.2
1090,34.37,0.0,100.0,656.69,8.0,20.79,0.75,0.22
1091,80.37,0.05,95.0,207.42,1.26,34.97,0.58,0.17
1092,79.27,0.0,100.0,208.12,2.1,33.34,0.71,0.09
1093,52.9,0.0,100.0,471.5,4.0,39.15,0.75,0.06
1094,76.74,0.0,100.0,233.32,1.78,41.2,0.58,0.07
1095,75.09,0.0,100.0,249.84,4.0,38.15,0.75,0.06
1096,74.29,0.0,100.0,257.89,4.0,38.71,0.75,0.06
1097,39.85,0.0,100.0,601.9,4.0,41.96,0.75,0.06
1098,70.6,0.0,100.0,294.74,1.78,36.4,0.45,0.07
1099,79.95,0.0,100.0,201.31,2.12,40.15,0.7,0.07
1100,74.49,0.0,100.0,255.88,8.0,19.63,0.75,0.07
1101,36.94,0.0,100.0,630.94,2.7,37.91,0.71,0.07
1102,68.08,0.0,100.0,319.86,4.0,41.7,0.75,0.06
1103,68.07,0.0,100.0,319.99,4.0,35.82,0.75,0.06
1104,55.75,0.0,100.0,443.04,4.0,36.54,0.75,0.06
1105,49.49,0.0,100.0,505.59,4.0,32.35,0.75,0.07
1106,78.36,0.0,100.0,217.21,2.56,37.33,0.72,0.1
1107,61.21,0.0,100.0,388.55,2.08,36.02,0.71,0.12
1108,76.18,0.0,100.0,238.91,4.0,41.24,0.75,0.09
1109,48.64,0.0,100.0,514.09,1.87,35.99,0.54,0.09
1110,60.27,0.0,100.0,397.86,1.78,39.26,0.56,0.09
1111,50.96,0.0,100.0,490.87,2.47,30.37,0.61,0.08
1112,75.98,0.0,100.0,240.93,2.23,41.63,0.54,0.08
1113,77.57,0.0,100.0,225.04,6.25,24.16,0.52,0.11
1114,78.15,0.0,100.0,219.23,5.35,26.85,0.56,0.1
1115,75.45,0.0,100.0,246.24,1.42,42.12,0.5,0.09
1116,52.76,0.0,100.0,472.94,4.0,40.42,0.75,0.08
1117,61.25,0.0,100.0,388.12,4.0,41.8,0.75,0.09
1118,47.78,0.0,100.0,522.67,4.0,37.06,0.75,0.09
1119,59.58,0.0,100.0,404.81,2.1,41.14,0.71,0.1
1120,60.73,0.0,100.0,393.27,1.78,35.59,0.57,0.09
1121,58.66,0.0,100.0,414.03,5.8,23.16,0.53,0.08
1122,57.29,0.0,100.0,427.72,6.7,24.71,0.5,0.09
1123,46.87,0.02,98.0,542.65,1.28,35.84,0.56,0.09
1124,66.63,0.0,100.0,334.36,4.0,41.42,0.75,0.15
1125,33.09,0.0,100.0,669.46,4.0,38.92,0.75,0.09
1126,57.24,0.0,100.0,428.16,2.28,39.93,0.73,0.11
1127,39.24,0.0,100.0,607.94,3.59,29.96,0.5,0.16
1128,88.36,0.0,100.0,117.27,2.12,47.1,0.7,0.1
1129,33.46,0.0,100.0,665.73,4.0,38.47,0.75,0.09
1130,65.97,0.0,100.0,340.98,4.0,33.99,0.75,0.09
1131,63.87,0.0,100.0,361.96,4.0,36.45,0.75,0.17
1132,64.12,0.0,100.0,359.4,5.05,21.62,0.5,0.1
1133,44.51,0.0,100.0,555.31,2.14,30.17,0.42,0.07
1134,52.97,0.0,100.0,470.8,4.0,40.09,0.75,0.07
1135,60.31,0.0,100.0,397.49,4.0,37.77,0.75,0.07
1136,31.18,0.0,100.0,688.49,2.1,40.36,0.71,0.13
1137,87.9,0.0,100.0,121.9,16.0,10.89,0.75,0.13
1138,55.97,0.0,100.0,440.9,4.0,36.17,0.75,0.08
1139,66.95,0.0,100.0,331.18,1.78,38.45,0.44,0.07
1140,30.21,0.0,100.0,698.21,16.0,10.21,0.75,0.06
1141,63.51,0.0,100.0,365.58,2.84,37.48,0.7,0.07
1142,70.89,0.0,100.0,291.77,1.56,33.2,0.51,0.07
1143,58.76,0.0,100.0,413.03,2.7,37.69,0.71,0.08
1144,61.02,0.0,100.0,390.39,1.81,38.62,0.57,0.06
1145,69.44,0.0,100.0,306.3,2.1,39.77,0.71,0.07
1146,29.79,0.0,100.0,702.36,3.24,28.62,0.54,0.07
1147,54.99,0.0,100.0,450.68,4.0,40.93,0.75,0.08
1148,74.89,0.0,100.0,251.85,4.0,42.18,0.75,0.08
1149,42.35,0.0,100.0,576.89,4.0,40.86,0.75,0.07
1150,45.56,0.0,100.0,544.86,2.24,39.83,0.72,0.08
1151,58.63,0.0,100.0,414.29,4.0,33.46,0.75,0.07
1152,38.8,0.0,100.0,612.38,4.0,40.78,0.75,0.08
1153,48.95,0.0,100.0,510.96,2.14,38.0,0.74,0.1
1154,56.66,0.0,100.0,434.0,4.0,40.24,0.75,0.1
1155,70.72,0.0,100.0,293.54,4.0,39.44,0.75,0.13
1156,58.53,0.11,89.0,466.48,1.29,36.45,0.5,0.14
1157,51.18,0.0,100.0,488.75,8.0,20.74,0.75,0.09
1158,48.31,0.0,100.0,517.42,2.16,36.78,0.69,0.09
1159,62.99,0.0,100.0,370.71,3.59,27.86,0.5,0.11
1160,40.63,0.0,100.0,594.12,2.04,41.57,0.74,0.11
1161,73.02,0.0,100.0,270.54,4.0,39.24,0.75,0.09
1162,50.47,0.0,100.0,495.81,4.0,36.86,0.75,0.09
1163,56.56,0.0,100.0,434.95,3.24,32.63,0.54,0.12
1164,50.4,0.0,100.0,496.51,4.0,39.37,0.75,0.08
1165,58.05,0.0,100.0,420.04,4.0,36.38,0.75,0.09
1166,49.92,0.0,100.0,501.27,4.0,36.99,0.75,0.1
1167,58.46,0.0,100.0,415.98,3.38,28.61,0.53,0.09
1168,72.14,0.0,100.0,279.37,1.43,38.44,0.47,0.09
1169,56.25,0.0,100.0,438.02,16.0,10.91,0.75,0.34
1170,65.05,0.0,100.0,350.17,4.0,42.93,0.75,0.07
1171,33.57,0.0,100.0,664.63,2.3,35.76,0.71,0.06
1172,63.54,0.0,100.0,365.23,2.02,40.22,0.74,0.07
1173,43.42,0.0,100.0,566.25,4.0,35.24,0.75,0.06
1174,76.67,0.0,100.0,234.02,4.0,42.28,0.75,0.06
1175,57.19,0.0,100.0,428.66,16.0,9.28,0.75,0.06
1176,64.23,0.0,100.0,358.32,2.48,38.7,0.69,0.06
1177,68.5,0.0,100.0,315.67,4.0,34.46,0.75,0.09
1178,68.91,0.0,100.0,311.62,1.46,32.67,0.53,0.07
1179,67.18,0.0,100.0,328.87,1.33,36.03,0.55,0.06
1180,80.63,0.0,100.0,194.54,5.35,26.84,0.54,0.06
1181,78.47,0.0,100.0,216.13,2.98,35.11,0.69,0.06
1182,32.19,0.0,100.0,678.42,1.81,37.71,0.57,0.08
1183,40.65,0.0,100.0,593.86,2.28,33.3,0.73,0.07
1184,33.7,0.0,100.0,663.32,2.04,44.84,0.74,0.07
1185,82.04,0.0,100.0,180.38,2.12,41.27,0.7,0.08
1186,51.12,0.0,100.0,489.32,4.0,34.96,0.75,0.1
1187,48.38,0.0,100.0,516.64,8.0,19.52,0.75,0.15
1188,81.93,0.0,100.0,181.55,2.12,38.54,0.71,0.09
1189,40.46,0.0,100.0,595.76,3.1,26.0,0.55,0.07
1190,56.54,0.0,100.0,435.15,4.0,37.01,0.75,0.07
1191,44.61,0.0,100.0,554.39,2.68,26.47,0.57,0.08
1192,43.23,0.0,100.0,568.13,1.93,38.83,0.55,0.08
1193,63.95,0.0,100.0,361.1,4.0,35.86,0.75,0.12
1194,61.11,0.0,100.0,389.53,3.24,30.9,0.53,0.13
1195,31.86,0.0,100.0,681.7,4.0,36.82,0.75,0.09
1196,60.9,0.0,100.0,391.56,7.75,22.18,0.55,0.09
1197,80.55,0.0,100.0,195.3,3.26,34.7,0.68,0.1
1198,45.81,0.0,100.0,542.39,4.0,41.62,0.75,0.07
1199,54.0,0.0,100.0,460.57,4.0,41.6,0.75,0.08
1200,51.98,0.0,100.0,480.69,1.99,39.52,0.51,0.08
1201,44.96,0.0,100.0,550.84,1.9,39.5,0.54,0.06
1202,49.2,0.0,100.0,508.52,1.62,38.8,0.51,0.07
1203,63.21,0.0,100.0,368.57,4.0,37.48,0.75,0.08
1204,67.22,0.0,100.0,328.43,1.4,40.5,0.5,0.07
1205,45.02,0.0,100.0,550.27,16.0,9.39,0.75,0.07
1206,56.38,0.05,95.0,459.71,2.0,36.48,0.75,0.16
1207,60.44,0.0,100.0,396.17,8.0,20.15,0.75,0.09
1208,86.34,0.0,100.0,137.49,6.1,24.93,0.52,0.08
1209,63.6,0.0,100.0,364.68,2.82,26.43,0.56,0.09
1210,54.77,0.0,100.0,452.86,2.02,39.77,0.53,0.07
1211,59.54,0.0,100.0,405.21,2.28,41.24,0.71,0.07
1212,45.55,0.0,100.0,544.92,3.24,29.6,0.52,0.06
1213,78.75,0.0,100.0,213.3,2.11,37.71,0.52,0.07
1214,52.95,0.0,100.0,471.03,2.28,35.96,0.73,0.08
1215,33.85,0.0,100.0,661.85,2.18,34.83,0.73,0.07
1216,51.16,0.0,100.0,488.91,4.0,41.99,0.75,0.11
1217,54.44,0.0,100.0,456.14,4.0,39.68,0.75,0.11
1218,36.33,0.0,100.0,637.1,2.3,38.05,0.71,0.12
1219,46.0,0.0,100.0,540.46,1.52,38.03,0.54,0.1
1220,69.55,0.0,100.0,305.19,2.26,39.04,0.51,0.14
1221,56.46,0.0,100.0,436.01,4.0,41.56,0.75,0.1
1222,40.25,0.0,100.0,597.93,3.03,30.5,0.55,0.18
1223,65.3,0.0,100.0,347.61,2.36,33.64,0.42,0.14
1224,69.49,0.0,100.0,305.77,4.0,35.54,0.75,0.1
1225,63.27,0.0,100.0,367.98,2.1,39.76,0.71,0.15
1226,46.38,0.0,100.0,536.65,2.18,40.56,0.68,0.12
1227,65.65,0.0,100.0,344.11,1.71,36.68,0.49,0.08
1228,67.4,0.0,100.0,326.72,2.29,41.76,0.52,0.09
1229,86.26,0.0,100.0,138.29,4.0,34.4,0.75,0.14
1230,69.51,0.0,100.0,305.61,4.0,43.48,0.75,0.08
1231,67.04,0.0,100.0,330.22,1.75,37.95,0.51,0.07
1232,43.82,0.0,100.0,562.26,6.4,22.48,0.51,0.07
1233,52.98,0.0,100.0,470.72,2.56,32.84,0.72,0.08
1234,59.82,0.0,100.0,402.39,2.06,37.13,0.47,0.11
1235,69.19,0.0,100.0,308.8,2.56,35.77,0.72,0.07
1236,67.12,0.0,100.0,329.47,4.0,40.85,0.75,0.06
1237,49.23,0.0,100.0,508.16,5.2,20.62,0.54,0.07
1238,43.31,0.0,100.0,567.31,1.96,36.78,0.52,0.08
1239,64.72,0.05,95.0,371.97,1.21,35.63,0.49,0.08
1240,48.2,0.0,100.0,518.5,1.96,36.35,0.52,0.06
1241,52.31,0.0,100.0,477.38,1.96,38.45,0.52,0.1
1242,56.16,0.0,100.0,439.0,2.7,35.91,0.71,0.09
1243,60.12,0.0,100.0,399.45,2.54,34.44,0.69,0.1
1244,48.05,0.0,100.0,519.96,4.0,41.42,0.75,0.13
1245,46.5,0.0,100.0,535.49,4.0,42.84,0.75,0.15
1246,54.41,0.0,100.0,456.43,4.0,39.91,0.75,0.16
1247,77.45,0.0,100.0,226.26,4.0,40.95,0.75,0.11
1248,41.14,0.0,100.0,588.99,2.42,37.27,0.48,0.15
1249,36.84,0.0,100.0,631.96,4.0,39.48,0.75,0.15
1250,58.9,0.0,100.0,411.57,8.0,20.19,0.75,0.18
1251,65.63,0.0,100.0,344.37,2.42,38.78,0.73,0.3
1252,71.33,0.0,100.0,287.39,2.96,25.75,0.55,0.08
1253,34.7,0.0,100.0,653.33,2.3,38.61,0.71,0.13
1254,62.8,0.0,100.0,372.66,2.02,36.29,0.51,0.13
1255,67.78,0.0,100.0,322.86,8.0,20.74,0.75,0.06
1256,63.41,0.0,100.0,366.56,2.12,42.16,0.7,0.06
1257,72.63,0.0,100.0,274.47,7.6,20.4,0.54,0.06
1258,72.53,0.0,100.0,275.43,4.0,40.32,0.75,0.06
1259,74.09,0.0,100.0,259.86,2.3,38.17,0.71,0.06
1260,79.84,0.0,100.0,202.41,2.56,34.28,0.72,0.06
1261,52.52,0.0,100.0,475.33,2.11,41.42,0.52,0.07
1262,55.74,0.0,100.0,443.2,4.0,40.28,0.75,0.07
1263,42.61,0.0,100.0,574.35,2.08,40.05,0.71,0.06
1264,61.07,0.0,100.0,389.93,2.12,38.14,0.73,0.07
1265,72.05,0.0,100.0,280.19,2.22,40.14,0.67,0.06
1266,74.89,0.0,100.0,251.85,4.0,36.15,0.75,0.07
1267,49.3,0.0,100.0,507.53,3.87,29.67,0.54,0.2
1268,62.2,0.0,100.0,378.59,2.18,35.56,0.73,0.07
1269,81.24,0.0,100.0,188.36,2.12,37.25,0.73,0.07
1270,49.04,0.0,100.0,510.11,2.16,39.54,0.69,0.06
1271,59.67,0.0,100.0,403.94,4.0,38.56,0.75,0.07
1272,55.02,0.0,100.0,450.32,2.06,34.05,0.72,0.06
1273,82.91,0.0,100.0,171.76,1.3,39.49,0.56,0.07
1274,61.55,0.0,100.0,385.12,2.42,38.42,0.73,0.07
1275,60.56,0.0,100.0,395.02,4.0,41.35,0.75,0.06
1276,52.5,0.0,100.0,475.52,1.96,34.58,0.51,0.08
1277,52.01,0.0,100.0,480.41,4.0,39.23,0.75,0.07
1278,63.35,0.0,100.0,367.12,3.8,25.11,0.5,0.07
1279,55.33,0.0,100.0,447.22,4.0,38.19,0.75,0.06
1280,52.28,0.0,100.0,477.77,2.04,39.45,0.73,0.07
1281,34.23,0.0,100.0,658.09,8.0,19.27,0.75,0.09
1282,52.9,0.0,100.0,471.57,1.87,35.88,0.53,0.07
1283,72.49,0.0,100.0,275.83,6.25,23.45,0.51,0.07
1284,57.77,0.0,100.0,422.84,3.52,26.2,0.51,0.06
1285,49.72,0.0,100.0,503.29,4.0,37.74,0.75,0.07
1286,54.05,0.02,98.0,469.36,2.0,37.31,0.75,0.06
1287,56.99,0.0,100.0,430.67,4.0,36.5,0.75,0.07
1288,73.57,0.0,100.0,265.03,2.36,43.68,0.71,0.07
1289,47.38,0.0,100.0,526.71,3.24,25.59,0.54,0.08
1290,55.74,0.0,100.0,443.12,2.04,37.21,0.73,0.07
1291,73.65,0.0,100.0,264.21,2.18,48.01,0.68,0.08
1292,74.72,0.0,100.0,253.55,2.48,39.19,0.69,0.1
1293,76.01,0.0,100.0,240.67,2.71,34.06,0.46,0.12
1294,60.67,0.0,100.0,393.91,4.45,26.45,0.6,0.11
1295,71.67,0.0,100.0,284.05,4.0,44.68,0.75,0.09
1296,56.11,0.0,100.0,439.41,1.75,37.17,0.57,0.09
1297,52.95,0.0,100.0,470.99,2.28,37.07,0.73,0.08
1298,74.54,0.0,100.0,255.38,2.36,33.58,0.7,0.12
1299,50.27,0.0,100.0,497.84,1.27,35.05,0.57,0.13
1300,50.64,0.0,100.0,494.09,8.0,20.3,0.75,0.11
1301,58.97,0.0,100.0,410.88,2.98,34.84,0.69,0.1
1302,41.63,0.0,100.0,584.08,4.45,23.61,0.61,0.08
1303,50.44,0.0,100.0,496.13,2.29,42.06,0.52,0.09
1304,77.62,0.0,100.0,224.54,4.0,38.17,0.75,0.1
1305,55.07,0.0,100.0,449.81,4.0,36.96,0.75,0.1
1306,59.89,0.0,100.0,401.66,2.12,40.99,0.7,0.12
1307,47.55,0.0,100.0,524.97,4.0,38.9,0.75,0.2
1308,62.87,0.0,100.0,371.96,2.48,37.25,0.68,0.07
1309,56.07,0.0,100.0,439.88,4.0,45.74,0.75,0.06
1310,56.86,0.0,100.0,431.99,8.0,21.57,0.75,0.06
1311,70.03,0.0,100.0,300.38,2.42,31.9,0.69,0.06
1312,67.03,0.0,100.0,330.34,4.0,38.19,0.75,0.06
1313,37.07,0.0,100.0,629.62,4.0,37.09,0.75,0.06
1314,54.07,0.0,100.0,459.88,2.17,37.51,0.52,0.06
1315,62.28,0.0,100.0,377.77,8.0,20.08,0.75,0.07
1316,54.6,0.0,100.0,454.54,4.0,38.88,0.75,0.06
1317,61.98,0.0,100.0,380.8,2.12,34.33,0.73,0.06
1318,59.99,0.0,100.0,400.65,8.0,19.48,0.75,0.08
1319,69.54,0.0,100.0,305.29,3.59,27.34,0.52,0.07
1320,60.01,0.0,100.0,400.47,1.81,42.32,0.56,0.06
1321,29.73,0.0,100.0,702.98,4.0,34.91,0.75,0.06
1322,41.05,0.0,100.0,589.93,3.52,29.06,0.51,0.09
1323,56.9,0.0,100.0,431.54,4.0,33.69,0.75,0.07
1324,84.84,0.05,95.0,160.46,1.11,33.15,0.67,0.06
1325,75.23,0.0,100.0,248.45,1.87,33.18,0.57,0.07
1326,62.02,0.0,100.0,380.38,3.03,27.67,0.53,0.07
1327,74.77,0.0,100.0,253.06,2.3,36.8,0.71,0.07
1328,55.23,0.0,100.0,448.25,3.1,29.38,0.53,0.07
1329,49.78,0.0,100.0,502.71,3.03,28.37,0.56,0.07
1330,52.71,0.0,100.0,473.39,4.0,41.0,0.75,0.07
1331,57.85,0.0,100.0,422.11,1.4,37.07,0.5,0.07
1332,63.37,0.0,100.0,366.94,1.53,37.22,0.5,0.07
1333,80.74,0.0,100.0,193.42,2.84,34.52,0.7,0.06
1334,48.06,0.0,100.0,519.87,2.16,37.73,0.68,0.11
1335,40.87,0.0,100.0,591.66,2.1,44.14,0.71,0.11
1336,31.19,0.0,100.0,688.44,4.0,43.73,0.75,0.1
1337,57.83,0.05,95.0,444.47,2.0,38.72,0.75,0.06
1338,62.39,0.0,100.0,376.74,3.26,38.58,0.68,0.09
1339,48.74,0.0,100.0,513.06,4.0,41.76,0.75,0.06
1340,76.39,0.0,100.0,236.9,8.0,19.72,0.75,0.08
1341,62.28,0.0,100.0,377.77,2.0,39.09,0.75,0.09
1342,64.44,0.0,100.0,356.27,5.5,27.24,0.56,0.07
1343,48.15,0.0,100.0,518.94,4.0,34.54,0.75,0.06
1344,50.23,0.0,100.0,498.16,1.32,36.94,0.42,0.07
1345,32.64,0.0,100.0,673.94,4.0,43.64,0.75,0.09
1346,50.76,0.0,100.0,492.94,4.0,39.69,0.75,0.07
1347,52.58,0.0,100.0,474.71,2.02,36.86,0.52,0.07
1348,56.15,0.0,100.0,439.06,3.31,32.87,0.53,0.07
1349,66.5,0.05,95.0,353.3,1.28,36.15,0.5,0.07
1350,50.6,0.0,100.0,494.55,1.84,43.21,0.55,0.08
1351,53.43,0.0,100.0,466.2,8.0,20.68,0.75,0.06
1352,69.96,0.0,100.0,301.08,1.71,36.68,0.47,0.07
1353,62.2,0.0,100.0,378.64,4.0,38.18,0.75,0.06
1354,49.13,0.0,100.0,509.2,2.54,41.58,0.68,0.07
1355,62.06,0.0,100.0,380.04,1.42,40.28,0.48,0.06
1356,76.07,0.0,100.0,240.06,4.0,39.85,0.75,0.07
1357,55.52,0.0,100.0,445.34,8.0,22.61,0.75,0.06
1358,86.98,0.0,100.0,131.1,4.0,37.44,0.75,0.14
1359,58.02,0.0,100.0,420.43,5.35,28.07,0.56,0.16
1360,45.02,0.0,100.0,550.27,2.11,45.71,0.52,0.12
1361,73.36,0.0,100.0,267.09,4.0,42.87,0.75,0.09
1362,51.15,0.0,100.0,489.04,4.0,45.39,0.75,0.12
1363,46.96,0.0,100.0,530.84,2.98,34.01,0.69,0.13
1364,75.22,0.0,100.0,248.57,5.95,17.89,0.53,0.1
1365,43.58,0.0,100.0,564.65,4.0,37.66,0.75,0.1
1366,67.77,0.0,100.0,322.98,2.1,34.51,0.69,0.09
1367,46.7,0.0,100.0,533.48,4.0,38.22,0.75,0.1
1368,72.89,0.0,100.0,271.85,4.0,27.77,0.75,0.11
1369,56.69,0.0,100.0,433.71,16.0,8.02,0.75,0.1
1370,50.77,0.0,100.0,492.83,2.7,37.32,0.71,0.08
1371,74.4,0.0,100.0,256.7,3.24,27.99,0.54,0.29
1372,63.33,0.0,100.0,367.3,4.0,39.78,0.75,0.09
1373,51.4,0.0,100.0,486.52,2.17,39.06,0.52,0.07
1374,57.07,0.0,100.0,429.89,2.1,39.51,0.71,0.06
1375,45.58,0.0,100.0,544.69,4.0,39.07,0.75,0.06
1376,72.99,0.0,100.0,270.82,8.0,19.3,0.75,0.08
1377,66.53,0.0,100.0,335.35,3.73,32.36,0.51,0.07
1378,41.62,0.0,100.0,584.17,2.6,33.35,0.67,0.07
1379,53.44,0.0,100.0,466.14,2.24,39.08,0.72,0.06
1380,69.72,0.0,100.0,303.46,2.3,39.75,0.71,0.06
1381,56.04,0.0,100.0,440.16,2.08,39.25,0.72,0.06
1382,72.3,0.0,100.0,277.73,2.54,25.2,0.59,0.08
1383,44.95,0.0,100.0,550.91,3.31,31.04,0.51,0.07
1384,62.95,0.0,100.0,371.1,2.42,37.49,0.69,0.06
1385,67.23,0.0,100.0,328.32,4.0,38.4,0.75,0.06
1386,58.64,0.0,100.0,414.16,4.0,40.0,0.75,0.09
1387,31.13,0.0,100.0,689.02,2.56,36.75,0.72,0.14
1388,81.09,0.0,100.0,189.93,1.72,35.73,0.59,0.11
1389,48.47,0.0,100.0,515.79,2.19,37.03,0.49,0.09
1390,61.13,0.0,100.0,389.27,4.0,35.72,0.75,0.11
1391,40.59,0.0,100.0,594.55,4.0,42.53,0.75,0.16
1392,53.65,0.0,100.0,464.02,4.0,37.58,0.75,0.11
1393,48.74,0.0,100.0,513.06,4.0,37.39,0.75,0.11
1394,66.37,0.0,100.0,337.01,1.9,37.51,0.53,0.11
1395,60.96,0.0,100.0,391.01,1.76,40.11,0.5,0.1
1396,47.85,0.0,100.0,521.96,3.24,29.96,0.49,0.13
1397,72.11,0.0,100.0,279.59,2.7,38.27,0.71,0.13
1398,57.67,0.0,100.0,423.85,3.24,30.08,0.52,0.09
1399,34.38,0.0,100.0,656.56,3.12,38.29,0.69,0.09
1400,56.14,0.0,100.0,439.21,2.08,44.23,0.52,0.11
1401,60.43,0.0,100.0,396.3,2.42,34.79,0.73,0.1
1402,40.33,0.0,100.0,597.06,2.12,41.93,0.7,0.09
1403,53.04,0.0,100.0,470.09,1.58,38.98,0.49,0.11
1404,48.79,0.0,100.0,512.61,8.0,19.24,0.75,0.1
1405,57.64,0.0,100.0,424.16,2.7,36.31,0.71,0.1
1406,91.9,0.0,100.0,81.94,4.0,36.88,0.75,0.09
1407,86.6,0.0,100.0,134.84,8.0,19.95,0.75,0.09
1408,66.92,0.0,100.0,331.49,4.0,36.1,0.75,0.11
1409,32.25,0.0,100.0,677.81,3.26,41.06,0.68,0.18
1410,57.22,0.0,100.0,428.41,3.59,31.9,0.51,0.16
1411,60.21,0.0,100.0,398.47,8.0,20.69,0.75,0.12
1412,43.12,0.0,100.0,569.22,2.1,37.5,0.71,0.15
1413,66.36,0.0,100.0,337.06,5.5,24.2,0.54,0.11
1414,44.34,0.0,100.0,557.05,4.0,40.26,0.75,0.18
1415,47.41,0.0,100.0,526.34,2.05,39.25,0.51,0.21
1416,49.22,0.0,100.0,508.3,8.0,18.99,0.75,0.1
1417,47.34,0.0,100.0,527.11,2.14,41.16,0.7,0.17
1418,50.17,0.0,100.0,498.8,2.37,29.95,0.49,0.13
1419,55.21,0.0,100.0,448.44,2.14,40.63,0.7,0.16
1420,62.97,0.0,100.0,370.92,1.83,36.11,0.53,0.2
1421,64.04,0.0,100.0,360.24,4.0,40.8,0.75,0.13
1422,51.41,0.0,100.0,486.38,1.69,37.35,0.56,0.08
1423,46.49,0.0,100.0,535.61,4.0,34.65,0.75,0.1
1424,61.45,0.0,100.0,386.11,8.0,21.08,0.75,0.12
1425,47.85,0.0,100.0,521.96,2.42,36.36,0.73,0.16
1426,52.08,0.0,100.0,479.76,1.41,38.84,0.51,0.1
1427,60.69,0.0,100.0,393.75,1.66,37.62,0.59,0.09
1428,66.11,0.0,100.0,339.6,2.04,38.93,0.73,0.11
1429,35.74,0.0,100.0,642.92,3.38,29.34,0.46,0.14
1430,71.74,0.0,100.0,283.35,4.0,40.57,0.75,0.16
1431,60.83,0.0,100.0,392.29,3.17,27.55,0.51,0.23
1432,63.76,0.0,100.0,363.06,1.72,32.07,0.54,0.14
1433,71.21,0.0,100.0,288.65,8.0,19.42,0.75,0.12
1434,66.63,0.0,100.0,334.33,2.98,34.2,0.69,0.12
1435,44.48,0.0,100.0,555.61,2.08,33.3,0.71,0.17
1436,50.14,0.06,94.0,530.89,2.0,39.15,0.75,0.07
1437,50.6,0.05,95.0,520.49,1.33,35.37,0.53,0.06
1438,57.28,0.0,100.0,427.8,4.0,42.2,0.75,0.06
1439,83.12,0.0,100.0,169.62,4.0,41.98,0.75,0.08
1440,68.49,0.0,100.0,315.77,1.84,39.09,0.56,0.07
1441,70.29,0.0,100.0,297.82,1.6,36.65,0.6,0.14
1442,52.05,0.0,100.0,480.07,5.05,22.67,0.55,0.12
1443,46.78,0.0,100.0,532.69,2.7,34.02,0.71,0.08
1444,77.22,0.0,100.0,228.56,4.0,38.13,0.75,0.06
1445,56.6,0.0,100.0,434.61,2.18,35.05,0.68,0.06
1446,43.26,0.0,100.0,567.85,2.05,39.81,0.52,0.08
1447,64.55,0.0,100.0,355.15,1.43,32.15,0.51,0.06
1448,39.31,0.0,100.0,607.29,2.12,35.65,0.69,0.06
1449,44.44,0.0,100.0,556.02,4.0,40.04,0.75,0.06
1450,56.25,0.0,100.0,438.08,2.17,40.01,0.47,0.06
1451,63.28,0.0,100.0,367.88,4.0,41.39,0.75,0.07
1452,80.33,0.0,100.0,197.51,4.0,30.64,0.75,0.13
1453,62.47,0.0,100.0,375.92,8.0,19.87,0.75,0.06
1454,61.25,0.0,100.0,388.14,1.63,36.58,0.61,0.06
1455,62.14,0.0,100.0,379.23,2.84,38.78,0.7,0.06
1456,68.3,0.0,100.0,317.69,4.0,35.27,0.75,0.06
1457,35.62,0.0,100.0,644.14,2.28,32.11,0.73,0.06
1458,53.34,0.0,100.0,467.12,2.56,40.9,0.72,0.06
1459,58.21,0.0,100.0,418.52,3.52,30.12,0.5,0.06
1460,49.98,0.0,100.0,500.7,4.0,39.56,0.75,0.07
1461,40.61,0.0,100.0,594.27,3.17,27.78,0.54,0.07
1462,78.69,0.0,100.0,213.93,2.48,37.3,0.68,0.07
1463,83.7,0.0,100.0,163.88,4.0,39.66,0.75,0.07
1464,59.71,0.0,100.0,403.5,2.54,35.06,0.69,0.07
1465,48.49,0.0,100.0,515.54,2.42,40.24,0.69,0.07
1466,71.56,0.0,100.0,285.1,3.24,28.79,0.45,0.07
1467,45.61,0.0,100.0,544.36,2.18,32.55,0.73,0.07
1468,47.15,0.0,100.0,529.0,4.0,35.07,0.75,0.06
1469,46.04,0.0,100.0,540.07,1.84,32.12,0.52,0.07
1470,36.29,0.0,100.0,637.42,4.0,38.39,0.75,0.07
1471,81.68,0.0,100.0,184.0,4.0,31.79,0.75,0.07
1472,48.01,0.0,100.0,520.41,8.0,17.11,0.75,0.07
1473,46.41,0.0,100.0,536.32,2.36,38.4,0.71,0.08
1474,53.1,0.0,100.0,469.55,2.02,37.37,0.52,0.18
1475,48.18,0.0,100.0,518.63,2.56,38.2,0.72,0.17
1476,46.3,0.0,100.0,537.51,4.9,26.88,0.52,0.13
1477,61.55,0.0,100.0,385.08,2.08,42.21,0.72,0.1
1478,71.95,0.0,100.0,281.17,8.0,20.63,0.75,0.12
1479,74.95,0.0,100.0,251.27,4.0,40.04,0.75,0.09
1480,78.86,0.0,100.0,212.17,4.0,38.72,0.75,0.08
1481,50.46,0.0,100.0,495.91,6.25,23.08,0.52,0.09
1482,36.5,0.0,100.0,635.41,4.0,40.2,0.75,0.09
1483,69.96,0.0,100.0,301.09,2.24,38.93,0.72,0.09
1484,44.09,0.0,100.0,559.51,4.0,41.39,0.75,0.12
1485,37.84,0.0,100.0,622.01,2.6,34.93,0.67,0.1
1486,52.11,0.0,100.0,479.42,4.0,39.73,0.75,0.13
1487,65.68,0.0,100.0,343.85,4.0,36.4,0.75,0.09
1488,62.06,0.0,100.0,380.07,2.14,36.21,0.69,0.1
1489,58.43,0.0,100.0,416.3,4.0,31.32,0.75,0.09
1490,71.11,0.03,97.0,298.53,1.27,38.79,0.57,0.1
1491,45.73,0.0,100.0,543.18,2.05,39.06,0.51,0.14
1492,54.21,0.0,100.0,458.44,4.0,42.08,0.75,0.12
1493,49.56,0.0,100.0,504.85,4.0,33.9,0.75,0.14
1494,38.7,0.0,100.0,613.4,4.0,34.95,0.75,0.1
1495,72.07,0.0,100.0,280.02,4.0,37.18,0.75,0.1
1496,62.2,0.0,100.0,378.64,4.0,39.84,0.75,0.09
1497,51.2,0.0,100.0,488.46,4.0,34.07,0.75,0.09
1498,68.78,0.0,100.0,312.91,1.54,42.29,0.45,0.11
1499,63.35,0.0,100.0,367.14,1.6,35.96,0.54,0.08
1500,85.28,0.09,91.0,162.61,2.0,39.07,0.74,0.12
1501,63.44,0.0,100.0,366.27,4.0,35.25,0.75,0.19
1502,42.33,0.0,100.0,577.12,2.84,33.67,0.7,0.16
1503,85.25,0.0,100.0,148.35,4.0,41.25,0.75,0.2
1504,57.13,0.0,100.0,429.3,3.03,27.79,0.54,0.07
1505,72.64,0.0,100.0,274.37,2.28,37.51,0.73,0.06
1506,63.03,0.0,100.0,370.3,4.0,37.58,0.75,0.07
1507,82.58,0.0,100.0,175.01,2.24,34.3,0.72,0.07
1508,40.4,0.0,100.0,596.38,5.5,22.67,0.53,0.07
1509,46.5,0.0,100.0,535.44,3.38,28.74,0.53,0.06
1510,63.21,0.0,100.0,368.57,4.0,41.98,0.75,0.06
1511,84.85,0.0,100.0,152.37,2.54,41.21,0.68,0.07
1512,55.09,0.0,100.0,449.63,2.36,36.92,0.7,0.06
1513,87.54,0.0,100.0,125.5,2.42,38.27,0.72,0.06
1514,66.65,0.0,100.0,334.13,3.8,28.86,0.52,0.06
1515,69.39,0.0,100.0,306.76,4.0,37.21,0.75,0.06
1516,49.98,0.0,100.0,500.7,4.0,38.2,0.75,0.08
1517,45.55,0.0,100.0,544.92,2.12,36.85,0.71,0.07
1518,32.67,0.0,100.0,673.65,8.0,21.59,0.75,0.1
1519,51.02,0.0,100.0,490.32,1.52,41.61,0.48,0.08
1520,48.24,0.0,100.0,518.08,3.52,27.81,0.53,0.06
1521,88.39,0.31,69.0,169.05,1.0,26.76,0.75,0.06
1522,46.14,0.0,100.0,539.06,16.0,9.86,0.75,0.07
1523,58.27,0.0,100.0,417.93,2.56,35.41,0.72,0.12
1524,62.81,0.0,100.0,372.55,1.81,35.71,0.57,0.08
1525,45.88,0.0,100.0,541.65,4.0,39.08,0.75,0.08
1526,56.25,0.0,100.0,438.05,1.67,32.53,0.5,0.07
1527,77.29,0.0,100.0,227.85,2.04,38.8,0.48,0.06
1528,67.45,0.0,100.0,326.17,1.58,34.82,0.53,0.07
1529,48.48,0.0,100.0,515.65,1.81,34.42,0.55,0.11
1530,65.08,0.0,100.0,349.8,2.2,44.3,0.67,0.07
1531,37.2,0.0,100.0,628.33,1.75,39.4,0.58,0.12
1532,86.78,0.0,100.0,133.11,4.0,41.24,0.75,0.1
1533,76.19,0.0,100.0,238.88,1.55,41.93,0.48,0.08
1534,68.62,0.0,100.0,314.52,4.0,44.12,0.75,0.07
1535,52.88,0.0,100.0,471.69,2.18,37.59,0.73,0.06
1536,55.41,0.0,100.0,446.5,3.45,30.64,0.53,0.12
1537,72.0,0.0,100.0,280.69,2.84,38.22,0.7,0.11
1538,42.56,0.0,100.0,574.88,4.0,40.77,0.75,0.07
1539,48.66,0.0,100.0,513.92,8.0,21.23,0.75,0.06
1540,64.13,0.0,100.0,359.34,3.31,27.67,0.51,0.07
1541,58.58,0.0,100.0,414.76,2.1,39.13,0.71,0.06
1542,75.33,0.0,100.0,247.45,1.81,37.47,0.57,0.07
1543,56.47,0.0,100.0,435.84,2.11,41.02,0.51,0.07
1544,61.22,0.0,100.0,388.41,8.0,16.94,0.75,0.07
1545,88.18,0.0,100.0,119.04,2.24,38.83,0.72,0.07
1546,30.87,0.0,100.0,691.56,3.24,34.26,0.54,0.07
1547,74.08,0.04,96.0,270.78,1.23,36.58,0.58,0.07
1548,54.79,0.0,100.0,452.69,1.79,37.71,0.47,0.07
1549,54.11,0.0,100.0,459.42,4.0,41.23,0.75,0.06
1550,48.89,0.0,100.0,511.62,4.0,36.52,0.75,0.06
1551,38.32,0.0,100.0,617.14,4.0,36.69,0.75,0.06
1552,58.14,0.0,100.0,419.2,3.73,30.61,0.5,0.07
1553,67.7,0.0,100.0,323.72,4.0,38.87,0.75,0.09
1554,56.02,0.0,100.0,440.39,2.56,38.18,0.72,0.13
1555,59.81,0.0,100.0,402.5,4.0,37.15,0.75,0.12
1556,55.39,0.0,100.0,446.65,4.0,42.21,0.75,0.12
1557,58.26,0.0,100.0,417.95,1.69,38.37,0.58,0.1
1558,43.35,0.0,100.0,566.95,4.0,36.92,0.75,0.1
1559,57.35,0.0,100.0,427.05,2.42,36.71,0.72,0.12
1560,71.35,0.0,100.0,287.21,4.0,39.31,0.75,0.11
1561,54.73,0.0,100.0,453.21,6.1,23.04,0.52,0.09
1562,50.72,0.0,100.0,493.35,4.0,37.25,0.75,0.13
1563,46.74,0.0,100.0,533.02,8.0,19.02,0.75,0.18
1564,47.23,0.0,100.0,528.21,2.3,37.98,0.71,0.09
1565,57.71,0.0,100.0,423.49,4.0,34.82,0.75,0.17
1566,32.53,0.0,100.0,675.07,1.39,37.35,0.5,0.12
1567,62.07,0.0,100.0,379.95,8.0,19.89,0.75,0.06
1568,63.32,0.0,100.0,367.42,4.0,38.72,0.75,0.06
1569,56.82,0.0,100.0,432.34,2.1,39.88,0.71,0.06
1570,60.54,0.0,100.0,395.25,2.36,39.95,0.7,0.06
1571,57.41,0.0,100.0,426.51,2.98,39.73,0.7,0.08
1572,58.37,0.0,100.0,416.88,4.0,41.16,0.75,0.05
1573,62.59,0.0,100.0,374.74,1.84,37.57,0.56,0.1
1574,58.31,0.0,100.0,417.45,4.0,32.62,0.75,0.06
1575,47.62,0.0,100.0,524.3,2.18,38.27,0.68,0.06
1576,50.02,0.0,100.0,500.25,2.98,36.09,0.7,0.06
1577,83.71,0.0,100.0,163.78,2.06,40.81,0.73,0.07
1578,47.11,0.0,100.0,529.39,2.42,42.95,0.7,0.09
1579,65.19,0.0,100.0,348.74,4.0,41.23,0.75,0.08
1580,47.46,0.0,100.0,525.9,2.1,40.59,0.71,0.07
1581,57.68,0.0,100.0,423.77,4.0,36.0,0.75,0.07
1582,28.65,0.0,100.0,713.74,4.0,37.9,0.75,0.07
1583,48.48,0.0,100.0,515.65,8.0,19.1,0.75,0.17
1584,57.69,0.0,100.0,423.65,4.0,39.46,0.75,0.11
1585,72.48,0.0,100.0,275.9,2.28,36.23,0.73,0.11
1586,64.15,0.0,100.0,359.12,2.24,35.69,0.72,0.06
1587,79.79,0.0,100.0,202.94,4.6,21.68,0.57,0.06
1588,47.4,0.0,100.0,526.45,4.0,45.31,0.75,0.1
1589,46.01,0.0,100.0,540.38,8.0,21.17,0.75,0.13
1590,68.26,0.0,100.0,318.13,2.18,38.73,0.72,0.08
1591,47.36,0.0,100.0,526.86,4.0,39.38,0.75,0.08
1592,60.72,0.0,100.0,393.39,3.45,26.73,0.51,0.08
1593,47.64,0.0,100.0,524.08,1.72,38.29,0.58,0.07
1594,57.0,0.0,100.0,430.55,4.0,40.9,0.75,0.09
1595,76.5,0.0,100.0,235.76,2.3,36.54,0.71,0.06
1596,63.64,0.0,100.0,364.26,4.0,40.03,0.75,0.06
1597,52.24,0.0,100.0,478.14,2.12,40.02,0.7,0.06
1598,53.71,0.0,100.0,463.46,3.31,29.17,0.52,0.07
1599,48.45,0.0,100.0,515.98,2.08,41.8,0.71,0.07
1600,54.56,0.0,100.0,454.99,4.0,35.54,0.75,0.07
1601,66.79,0.0,100.0,332.79,2.24,35.0,0.72,0.08
1602,42.43,0.0,100.0,576.15,4.0,40.71,0.75,0.13
1603,52.9,0.0,100.0,471.5,4.0,35.41,0.75,0.14
1604,44.64,0.0,100.0,554.05,8.0,18.61,0.75,0.15
1605,39.46,0.0,100.0,605.84,2.36,36.12,0.7,0.1
1606,39.65,0.0,100.0,603.91,7.0,22.58,0.53,0.1
1607,64.18,0.0,100.0,358.8,4.0,37.74,0.75,0.08
1608,56.01,0.0,100.0,440.42,1.26,37.05,0.58,0.09
1609,61.87,0.0,100.0,381.95,2.12,36.34,0.7,0.08
1610,58.63,0.0,100.0,414.24,2.3,39.78,0.71,0.08
1611,56.65,0.0,100.0,434.08,2.7,35.7,0.69,0.09
1612,68.13,0.0,100.0,319.41,4.0,36.29,0.75,0.09
1613,55.39,0.0,100.0,446.65,8.0,22.23,0.75,0.09
1614,39.29,0.0,100.0,607.46,1.87,36.91,0.55,0.09
1615,29.85,0.0,100.0,701.83,4.0,34.17,0.75,0.09
1616,64.91,0.0,100.0,351.54,2.6,37.94,0.67,0.09
1617,54.51,0.0,100.0,455.41,2.08,39.01,0.5,0.08
1618,48.2,0.0,100.0,518.46,2.3,37.96,0.72,0.1
1619,28.08,0.0,100.0,719.49,4.0,36.42,0.75,0.1
1620,60.55,0.0,100.0,395.12,1.6,34.59,0.53,0.1
1621,52.28,0.0,100.0,477.7,2.06,42.23,0.74,0.09
1622,65.77,0.0,100.0,342.99,4.0,39.54,0.75,0.09
1623,60.39,0.0,100.0,396.73,2.68,28.85,0.58,0.09
1624,61.09,0.0,100.0,389.66,2.3,32.38,0.71,0.1
1625,70.08,0.0,100.0,299.86,4.0,39.34,0.75,0.08
1626,51.55,0.0,100.0,485.06,1.69,37.16,0.58,0.1
1627,33.6,0.0,100.0,664.29,4.0,42.02,0.75,0.1
1628,64.37,0.0,100.0,356.95,4.0,37.87,0.75,0.13
1629,48.11,0.0,100.0,519.39,2.24,38.85,0.72,0.09
1630,58.16,0.0,100.0,418.94,2.34,31.55,0.44,0.1
1631,55.77,0.0,100.0,442.88,2.24,36.2,0.72,0.08
1632,61.87,0.0,100.0,381.93,2.84,34.13,0.7,0.1
1633,56.23,0.0,100.0,438.29,5.5,27.34,0.55,0.15
1634,36.0,0.0,100.0,640.38,2.48,34.59,0.69,0.11
1635,51.95,0.0,100.0,480.99,8.0,20.93,0.75,0.11
1636,60.62,0.0,100.0,394.45,4.0,38.36,0.75,0.12
1637,76.56,0.0,100.0,235.17,8.0,19.8,0.75,0.14
1638,45.88,0.0,100.0,541.65,8.0,17.69,0.75,0.13
1639,62.26,0.0,100.0,378.06,4.0,41.82,0.75,0.08
1640,64.45,0.0,100.0,356.18,2.04,32.63,0.73,0.1
1641,64.5,0.0,100.0,355.64,8.0,19.93,0.75,0.09
1642,54.18,0.0,100.0,458.72,2.54,36.97,0.68,0.08
1643,62.49,0.0,100.0,375.76,4.0,37.87,0.75,0.1
1644,57.16,0.0,100.0,428.95,4.0,40.07,0.75,0.09
1645,43.22,0.0,100.0,568.23,3.03,22.9,0.55,0.1
1646,52.57,0.0,100.0,474.84,2.16,36.96,0.69,0.09
1647,49.33,0.0,100.0,507.15,4.0,42.09,0.75,0.08
1648,34.61,0.0,100.0,654.28,1.41,36.49,0.54,0.09
1649,69.85,0.0,100.0,302.16,4.0,40.81,0.75,0.08
1650,52.28,0.0,100.0,477.73,2.02,32.1,0.49,0.08
1651,57.69,0.0,100.0,423.65,4.0,38.82,0.75,0.1
1652,51.85,0.0,100.0,482.04,2.12,38.19,0.7,0.11
1653,43.09,0.0,100.0,569.54,4.0,39.24,0.75,0.08
1654,38.5,0.0,100.0,615.41,4.0,44.44,0.75,0.09
1655,44.59,0.0,100.0,554.58,1.49,43.35,0.46,0.11
1656,70.13,0.0,100.0,299.36,2.36,34.58,0.7,0.1
1657,40.17,0.0,100.0,598.74,4.0,38.98,0.75,0.08
1658,33.86,0.0,100.0,661.7,4.0,38.96,0.75,0.08
1659,44.9,0.0,100.0,551.43,1.95,37.95,0.45,0.08
1660,49.25,0.0,100.0,508.0,2.4,28.5,0.6,0.1
1661,70.72,0.0,100.0,293.52,1.93,39.19,0.54,0.09
1662,51.69,0.0,100.0,483.57,1.81,36.69,0.56,0.12
1663,70.81,0.0,100.0,292.65,3.38,33.67,0.54,0.13
1664,67.02,0.0,100.0,330.5,1.84,38.84,0.55,0.13
1665,86.75,0.0,100.0,133.4,4.0,36.66,0.75,0.15
1666,60.69,0.0,100.0,393.7,2.08,38.82,0.52,0.14
1667,48.94,0.0,100.0,511.06,1.72,35.39,0.58,0.17
1668,52.21,0.0,100.0,478.43,2.12,40.43,0.69,0.11
1669,52.08,0.0,100.0,479.75,3.12,39.21,0.69,0.11
1670,54.08,0.0,100.0,459.71,4.0,35.34,0.75,0.09
1671,48.39,0.0,100.0,516.56,2.08,35.98,0.72,0.1
1672,48.21,0.0,100.0,518.36,8.0,19.17,0.75,0.08
1673,61.05,0.0,100.0,390.08,2.24,34.33,0.71,0.08
1674,83.7,0.0,100.0,163.87,4.0,43.22,0.75,0.1
1675,45.1,0.0,100.0,549.46,2.48,36.71,0.69,0.1
1676,27.01,0.0,100.0,730.2,2.06,36.17,0.74,0.08
1677,79.92,0.0,100.0,201.58,1.42,37.24,0.56,0.09
1678,61.97,0.0,100.0,380.92,2.42,35.67,0.69,0.1
1679,56.66,0.0,100.0,433.96,2.12,38.64,0.73,0.09
1680,51.63,0.0,100.0,484.25,1.38,38.25,0.5,0.15
1681,69.29,0.0,100.0,307.77,2.18,36.04,0.73,0.1
1682,57.74,0.0,100.0,423.2,4.0,36.9,0.75,0.08
1683,48.89,0.0,100.0,511.62,2.0,38.68,0.75,0.1
1684,69.77,0.0,100.0,303.0,2.12,35.06,0.7,0.09
1685,51.16,0.0,100.0,488.94,4.08,31.19,0.53,0.1
1686,66.95,0.0,100.0,331.2,4.0,38.32,0.75,0.09
1687,62.39,0.0,100.0,376.72,2.48,33.92,0.68,0.09
1688,43.64,0.0,100.0,564.09,1.51,32.56,0.54,0.15
1689,58.17,0.0,100.0,418.89,4.0,33.37,0.75,0.11
1690,35.8,0.0,100.0,642.31,4.0,39.94,0.75,0.09
1691,60.59,0.0,100.0,394.75,2.3,32.21,0.71,0.1
1692,39.8,0.0,100.0,602.35,4.0,39.95,0.75,0.1
1693,64.3,0.0,100.0,357.59,2.04,41.2,0.73,0.1
1694,63.33,0.0,100.0,367.31,1.72,38.97,0.58,0.1
1695,65.22,0.0,100.0,348.45,4.0,41.42,0.75,0.12
1696,66.17,0.0,100.0,338.97,1.84,39.69,0.48,0.15
1697,59.15,0.0,100.0,409.11,8.0,18.87,0.75,0.09
1698,58.37,0.0,100.0,416.84,1.69,39.81,0.49,0.12
1699,85.53,0.0,100.0,145.57,2.02,38.67,0.74,0.1
1700,57.78,0.0,100.0,422.79,4.0,37.21,0.75,0.1
1701,64.79,0.0,100.0,352.76,8.0,20.38,0.75,0.15
1702,43.25,0.0,100.0,567.93,2.14,39.55,0.69,0.13
1703,65.91,0.0,100.0,341.55,4.0,40.47,0.75,0.14
1704,58.87,0.0,100.0,411.86,4.0,38.57,0.75,0.16
1705,49.24,0.0,100.0,508.08,2.3,38.34,0.71,0.09
1706,60.39,0.0,100.0,396.75,8.0,20.0,0.75,0.09
1707,58.14,0.0,100.0,419.17,4.0,40.07,0.75,0.08
1708,88.55,0.0,100.0,115.34,6.1,23.44,0.52,0.1
1709,68.51,0.08,92.0,342.99,2.0,36.57,0.75,0.09
1710,64.13,0.0,100.0,359.38,4.0,38.9,0.75,0.08
1711,81.38,0.0,100.0,187.04,2.22,36.57,0.44,0.11
1712,42.12,0.0,100.0,579.2,2.06,38.49,0.72,0.08
1713,57.33,0.08,92.0,464.31,2.0,37.87,0.75,0.08
1714,62.51,0.0,100.0,375.5,1.75,38.7,0.49,0.08
1715,75.67,0.0,100.0,244.09,8.0,21.5,0.75,0.1
1716,47.86,0.0,100.0,521.88,1.95,34.23,0.46,0.14
1717,55.58,0.0,100.0,444.76,4.0,38.45,0.75,0.15
1718,40.49,0.0,100.0,595.55,1.63,35.3,0.49,0.1
1719,52.6,0.0,100.0,474.54,4.0,38.41,0.75,0.09
1720,51.78,0.0,100.0,482.71,4.0,33.17,0.75,0.08
1721,51.01,0.0,100.0,490.38,3.73,28.64,0.51,0.09
1722,81.8,0.0,100.0,182.85,16.0,9.99,0.75,0.1
1723,50.26,0.0,100.0,497.95,4.0,31.86,0.75,0.09
1724,72.24,0.0,100.0,278.31,2.89,26.36,0.57,0.09
1725,53.57,0.0,100.0,464.88,1.5,37.89,0.46,0.13
1726,65.97,0.0,100.0,340.98,4.0,38.04,0.75,0.1
1727,50.42,0.0,100.0,496.34,2.42,37.52,0.68,0.12
1728,63.75,0.0,100.0,363.11,4.0,39.09,0.75,0.13
1729,59.39,0.0,100.0,406.66,3.24,29.38,0.51,0.1
1730,54.05,0.0,100.0,460.03,1.56,41.32,0.49,0.09
1731,28.41,0.0,100.0,716.2,4.0,39.84,0.75,0.09
1732,59.65,0.0,100.0,404.1,4.0,36.04,0.75,0.12
1733,54.02,0.08,92.0,500.28,2.0,39.92,0.74,0.08
1734,47.42,0.0,100.0,526.28,2.84,31.37,0.7,0.09
1735,42.03,0.0,100.0,580.15,5.95,20.11,0.52,0.09
1736,44.09,0.0,100.0,559.5,2.18,34.8,0.73,0.08
1737,43.74,0.0,100.0,563.03,1.74,34.39,0.5,0.09
1738,74.65,0.04,96.0,264.76,1.26,41.12,0.57,0.09
1739,40.54,0.0,100.0,595.0,4.0,42.89,0.75,0.09
1740,67.7,0.0,100.0,323.63,1.6,41.13,0.41,0.1
1741,47.42,0.0,100.0,526.29,8.0,18.38,0.75,0.09
1742,51.86,0.0,100.0,481.91,4.0,24.74,0.59,0.1
1743,57.74,0.0,100.0,423.21,1.5,41.42,0.44,0.1
1744,60.68,0.0,100.0,393.84,1.78,38.57,0.55,0.11
1745,64.61,0.0,100.0,354.56,2.54,37.7,0.68,0.1
1746,46.14,0.0,100.0,539.09,3.38,29.44,0.44,0.11
1747,47.33,0.0,100.0,527.18,1.6,38.38,0.51,0.12
1748,47.39,0.0,100.0,526.57,4.0,42.28,0.75,0.1
1749,55.37,0.0,100.0,446.81,1.84,35.16,0.54,0.1
1750,71.35,0.0,100.0,287.21,4.0,44.69,0.75,0.09
1751,53.38,0.0,100.0,466.77,4.0,37.5,0.75,0.08
1752,40.68,0.0,100.0,593.56,2.27,36.18,0.5,0.1
1753,61.62,0.0,100.0,384.39,8.0,18.56,0.75,0.1
1754,69.48,0.0,100.0,305.87,2.54,39.9,0.68,0.1
1755,58.88,0.0,100.0,411.8,2.3,37.45,0.71,0.09
1756,74.13,0.0,100.0,259.44,1.49,42.78,0.45,0.08
1757,79.52,0.0,100.0,205.56,4.0,42.66,0.75,0.08
1758,54.52,0.0,100.0,455.38,2.64,35.66,0.43,0.09
1759,39.76,0.0,100.0,602.76,8.0,20.71,0.75,0.09
1760,32.25,0.0,100.0,677.83,2.42,37.43,0.69,0.09
1761,77.85,0.0,100.0,222.24,4.0,37.04,0.75,0.09
1762,47.0,0.0,100.0,530.44,8.0,18.88,0.75,0.1
1763,50.01,0.0,100.0,500.35,2.06,33.56,0.54,0.11
1764,49.57,0.0,100.0,504.78,2.12,42.17,0.7,0.11
1765,47.35,0.0,100.0,526.96,2.1,42.97,0.71,0.1
1766,51.92,0.0,100.0,481.37,5.65,23.62,0.54,0.1
1767,52.66,0.06,94.0,504.15,2.0,39.33,0.75,0.09
1768,84.88,0.0,100.0,152.03,1.64,39.72,0.53,0.12
1769,39.57,0.0,100.0,604.65,4.0,38.58,0.75,0.09
1770,58.46,0.0,100.0,416.01,4.0,38.7,0.75,0.11
1771,57.72,0.0,100.0,423.36,4.9,19.11,0.57,0.09
1772,87.38,0.0,100.0,127.07,4.0,42.73,0.75,0.09
1773,48.87,0.0,100.0,511.79,4.0,42.23,0.75,0.11
1774,53.05,0.0,100.0,470.07,2.12,40.95,0.7,0.1
1775,71.02,0.0,100.0,290.54,4.22,28.36,0.55,0.1
1776,42.93,0.0,100.0,571.14,4.0,43.5,0.75,0.12
1777,67.71,0.0,100.0,323.53,2.3,34.5,0.71,0.09
1778,43.61,0.0,100.0,564.36,4.0,44.07,0.75,0.14
1779,38.28,0.0,100.0,617.55,4.0,35.73,0.75,0.11
1780,61.17,0.0,100.0,388.9,1.71,35.17,0.52,0.09
1781,74.58,0.0,100.0,254.96,2.36,33.73,0.7,0.1
1782,50.18,0.0,100.0,498.71,6.7,24.46,0.51,0.09
1783,46.59,0.0,100.0,534.55,2.12,39.43,0.7,0.1
1784,84.82,0.0,100.0,152.68,2.14,39.02,0.5,0.09
1785,61.25,0.0,100.0,388.15,5.8,23.67,0.54,0.09
1786,82.93,0.0,100.0,171.53,2.14,37.12,0.69,0.1
1787,67.58,0.0,100.0,324.87,2.08,34.83,0.71,0.1
1788,53.47,0.0,100.0,465.86,2.3,37.7,0.71,0.09
1789,46.44,0.0,100.0,536.1,1.38,38.35,0.52,0.1
1790,70.82,0.0,100.0,292.49,2.07,31.34,0.56,0.15
1791,75.35,0.0,100.0,247.25,4.0,34.12,0.75,0.1
1792,52.08,0.0,100.0,479.7,4.15,28.78,0.5,0.12
1793,54.28,0.0,100.0,457.7,4.0,42.15,0.75,0.1
1794,47.0,0.0,100.0,530.51,1.72,37.95,0.57,0.14
1795,55.3,0.0,100.0,447.59,1.88,36.35,0.51,0.11
1796,55.16,0.0,100.0,448.95,4.0,45.05,0.75,0.14
1797,61.74,0.0,100.0,383.22,1.61,37.77,0.52,0.09
1798,52.1,0.0,100.0,479.55,4.0,33.33,0.75,0.13
1799,66.21,0.0,100.0,338.55,8.0,19.79,0.75,0.12
1800,43.91,0.0,100.0,561.38,2.16,36.98,0.68,0.09
1801,80.6,0.0,100.0,194.83,3.1,24.96,0.53,0.09
1802,48.99,0.0,100.0,510.6,8.0,21.1,0.75,0.17
1803,64.36,0.0,100.0,357.07,4.0,32.23,0.75,0.15
1804,40.72,0.0,100.0,593.17,5.2,27.97,0.56,0.11
1805,68.18,0.0,100.0,318.84,2.0,34.92,0.75,0.11
1806,74.79,0.0,100.0,252.88,8.0,22.56,0.75,0.14
1807,34.65,0.0,100.0,653.88,2.14,30.59,0.74,0.12
1808,51.79,0.0,100.0,482.59,8.0,17.88,0.75,0.11
1809,66.31,0.0,100.0,337.52,2.42,34.55,0.7,0.1
1810,40.59,0.0,100.0,594.55,4.0,38.19,0.75,0.11
1811,78.5,0.0,100.0,215.77,1.62,39.61,0.49,0.13
1812,52.77,0.0,100.0,472.81,4.0,31.47,0.75,0.1
1813,39.32,0.0,100.0,607.2,4.0,45.24,0.75,0.11
1814,61.57,0.0,100.0,384.96,4.0,41.74,0.75,0.09
1815,54.12,0.0,100.0,459.33,2.35,36.52,0.43,0.12
1816,59.12,0.0,100.0,409.4,4.0,37.16,0.75,0.11
1817,69.06,0.0,100.0,310.13,2.18,35.47,0.73,0.11
1818,59.8,0.06,94.0,428.23,1.22,38.75,0.61,0.13
1819,62.86,0.0,100.0,372.02,8.0,18.69,0.75,0.12
1820,43.73,0.0,100.0,563.16,2.1,39.93,0.71,0.13
1821,51.09,0.0,100.0,489.61,4.0,41.35,0.75,0.12
1822,65.57,0.0,100.0,345.0,8.0,17.41,0.75,0.12
1823,68.93,0.0,100.0,311.34,3.03,29.48,0.58,0.14
1824,56.98,0.0,100.0,430.77,2.05,37.13,0.51,0.13
1825,47.9,0.0,100.0,521.5,2.08,41.64,0.72,0.11
1826,56.24,0.0,100.0,438.15,4.0,37.86,0.75,0.13
1827,61.1,0.0,100.0,389.56,4.0,36.7,0.75,0.13
1828,61.61,0.0,100.0,384.55,3.66,26.29,0.5,0.13
1829,81.74,0.0,100.0,183.42,4.0,34.69,0.75,0.09
1830,41.93,0.0,100.0,581.08,2.42,35.39,0.69,0.09
1831,49.21,0.0,100.0,508.4,2.05,36.2,0.51,0.12
1832,57.11,0.0,100.0,429.46,2.96,27.35,0.56,0.1
1833,56.91,0.0,100.0,431.43,1.44,39.14,0.49,0.1
1834,46.92,0.0,100.0,531.27,4.6,21.19,0.58,0.09
1835,64.82,0.0,100.0,352.47,4.0,40.65,0.75,0.13
1836,79.56,0.0,100.0,205.17,2.12,36.21,0.7,0.12
1837,83.67,0.0,100.0,164.09,2.28,40.81,0.74,0.12
1838,65.28,0.0,100.0,347.83,3.45,29.7,0.52,0.13
1839,53.56,0.0,100.0,464.9,3.17,31.35,0.54,0.11
1840,43.66,0.0,100.0,563.79,4.0,37.42,0.75,0.13
1841,62.23,0.0,100.0,378.35,4.0,36.71,0.75,0.11
1842,65.19,0.0,100.0,348.74,4.0,41.89,0.75,0.11
1843,47.32,0.0,100.0,527.27,8.0,18.51,0.75,0.1
1844,73.7,0.0,100.0,263.7,2.04,36.45,0.73,0.13
1845,33.98,0.0,100.0,660.55,8.0,19.17,0.75,0.15
1846,45.57,0.0,100.0,544.76,1.75,30.71,0.58,0.09
1847,70.24,0.0,100.0,298.31,2.24,36.15,0.72,0.11
1848,61.34,0.0,100.0,387.22,6.1,19.78,0.51,0.09
1849,35.42,0.0,100.0,646.17,4.0,37.8,0.75,0.09
1850,57.37,0.0,100.0,426.86,2.11,43.77,0.51,0.09
1851,74.75,0.0,100.0,253.29,4.0,42.01,0.75,0.1
1852,65.17,0.0,100.0,348.97,2.18,39.44,0.73,0.15
1853,59.38,0.0,100.0,406.77,2.96,28.65,0.55,0.09
1854,67.48,0.0,100.0,325.91,2.2,37.82,0.67,0.1
1855,59.37,0.0,100.0,406.86,3.45,26.97,0.51,0.09
1856,71.03,0.0,100.0,290.38,4.0,35.11,0.75,0.09
1857,39.58,0.0,100.0,604.55,3.24,27.74,0.51,0.09
1858,51.69,0.0,100.0,483.64,6.4,24.93,0.51,0.09
1859,40.25,0.0,100.0,597.9,2.13,32.32,0.5,0.1
1860,72.85,0.0,100.0,272.26,4.0,37.74,0.75,0.1
1861,62.79,0.0,100.0,372.76,4.0,35.03,0.75,0.11
1862,43.6,0.0,100.0,564.47,2.89,28.7,0.52,0.11
1863,49.92,0.0,100.0,501.27,4.0,40.12,0.75,0.11
1864,52.06,0.0,100.0,479.95,3.26,39.57,0.68,0.13
1865,41.59,0.0,100.0,584.49,4.0,33.75,0.75,0.13
1866,62.26,0.0,100.0,378.06,4.0,37.9,0.75,0.09
1867,46.79,0.0,100.0,532.61,4.0,36.49,0.75,0.12
1868,62.67,0.0,100.0,373.91,4.0,36.73,0.75,0.08
1869,41.33,0.0,100.0,587.14,2.12,38.51,0.7,0.09
1870,49.84,0.0,100.0,502.14,8.0,20.38,0.75,0.11
1871,66.83,0.0,100.0,332.39,2.82,30.38,0.58,0.11
1872,83.12,0.0,100.0,169.62,4.0,38.76,0.75,0.08
1873,58.14,0.0,100.0,419.17,4.0,32.16,0.75,0.08
1874,55.11,0.0,100.0,449.44,2.56,34.73,0.72,0.11
1875,69.45,0.0,100.0,306.19,4.0,40.61,0.75,0.08
1876,49.91,0.0,100.0,501.4,4.0,35.4,0.75,0.1
1877,57.74,0.0,100.0,423.19,2.14,34.22,0.69,0.09
1878,35.27,0.0,100.0,647.61,4.0,39.3,0.75,0.11
1879,75.81,0.0,100.0,242.65,4.0,37.52,0.75,0.14
1880,66.4,0.0,100.0,336.67,2.47,29.87,0.55,0.14
1881,48.11,0.0,100.0,519.39,4.0,39.1,0.75,0.11
1882,50.41,0.0,100.0,496.41,5.05,25.51,0.55,0.12
1883,42.77,0.0,100.0,572.7,8.0,20.86,0.75,0.08
1884,66.31,0.0,100.0,337.54,1.9,39.66,0.53,0.11
1885,30.59,0.0,100.0,694.43,2.1,37.32,0.71,0.11
1886,38.96,0.0,100.0,610.81,8.0,17.47,0.75,0.12
1887,55.44,0.0,100.0,446.2,8.0,17.81,0.75,0.09
1888,53.36,0.0,100.0,466.9,4.0,38.8,0.75,0.15
1889,25.93,0.0,100.0,740.92,8.0,22.11,0.75,0.16
1890,49.21,0.0,100.0,508.43,2.12,40.55,0.73,0.1
1891,49.98,0.0,100.0,500.65,2.61,29.78,0.58,0.13
1892,61.8,0.0,100.0,382.66,8.0,20.94,0.75,0.14
1893,56.66,0.0,100.0,433.92,2.84,34.2,0.7,0.13
1894,66.14,0.0,100.0,339.25,8.0,18.63,0.75,0.12
1895,41.03,0.0,100.0,590.15,2.18,37.19,0.72,0.11
1896,60.66,0.0,100.0,393.99,2.01,35.44,0.5,0.09
1897,80.53,0.0,100.0,195.5,4.0,39.03,0.75,0.13
1898,55.95,0.0,100.0,441.05,1.49,42.97,0.48,0.16
1899,64.11,0.0,100.0,359.52,1.82,35.14,0.54,0.11
1900,55.27,0.0,100.0,447.83,3.12,34.04,0.69,0.06
1901,68.21,0.0,100.0,318.55,4.0,36.4,0.75,0.1
1902,60.67,0.0,100.0,393.88,4.0,40.76,0.75,0.16
1903,43.64,0.0,100.0,564.07,4.0,38.37,0.75,0.11
1904,51.29,0.0,100.0,487.6,8.0,19.8,0.75,0.11
1905,56.54,0.0,100.0,435.15,4.0,36.99,0.75,0.08
1906,63.67,0.0,100.0,363.94,3.38,29.84,0.52,0.1
1907,70.61,0.0,100.0,294.66,2.18,42.21,0.68,0.26
1908,54.09,0.0,100.0,459.61,2.18,42.36,0.68,0.13
1909,76.48,0.0,100.0,235.93,1.84,37.26,0.54,0.13
1910,43.72,0.0,100.0,563.25,4.0,39.82,0.75,0.15
1911,44.86,0.0,100.0,551.88,4.0,42.01,0.75,0.12
1912,67.26,0.0,100.0,328.05,2.18,33.1,0.72,0.11
1913,46.88,0.0,100.0,531.62,4.0,35.69,0.75,0.14
1914,55.26,0.0,100.0,447.93,2.26,40.41,0.54,0.09
1915,60.44,0.0,100.0,396.17,8.0,19.68,0.75,0.09
1916,40.77,0.0,100.0,592.73,2.04,42.51,0.73,0.07
1917,30.9,0.0,100.0,691.31,4.0,40.28,0.75,0.07
1918,47.35,0.0,100.0,527.01,4.9,25.14,0.57,0.07
1919,58.38,0.0,100.0,416.75,4.0,39.75,0.75,0.07
1920,41.37,0.0,100.0,586.75,1.6,39.72,0.49,0.08
1921,72.37,0.0,100.0,277.03,2.24,35.1,0.72,0.06
1922,75.66,0.0,100.0,244.15,2.14,36.33,0.69,0.07
1923,43.98,0.0,100.0,560.62,4.0,38.69,0.75,0.06
1924,56.14,0.0,100.0,439.17,2.04,40.68,0.73,0.07
1925,44.63,0.0,100.0,554.13,3.8,27.47,0.52,0.09
1926,44.13,0.0,100.0,559.11,2.89,27.65,0.56,0.12
1927,66.96,0.0,100.0,331.03,1.96,43.34,0.55,0.09
1928,70.51,0.0,100.0,295.58,2.3,39.37,0.71,0.07
1929,64.76,0.0,100.0,353.05,8.0,18.44,0.75,0.09
1930,61.38,0.0,100.0,386.8,4.6,28.12,0.58,0.07
1931,45.81,0.0,100.0,542.39,8.0,20.59,0.75,0.06
1932,46.87,0.0,100.0,531.79,2.16,37.84,0.68,0.06
1933,39.23,0.0,100.0,608.09,3.03,26.17,0.55,0.07
1934,74.43,0.0,100.0,256.45,4.0,43.52,0.75,0.07
1935,56.27,0.0,100.0,437.86,8.0,20.72,0.75,0.07
1936,45.89,0.0,100.0,541.52,8.0,19.34,0.75,0.1
1937,68.24,0.0,100.0,318.26,4.0,36.67,0.75,0.07
1938,49.36,0.0,100.0,506.86,4.0,40.28,0.75,0.07
1939,41.93,0.06,94.0,618.16,2.0,38.37,0.75,0.06
1940,61.28,0.0,100.0,387.8,2.08,43.04,0.72,0.07
1941,61.85,0.0,100.0,382.09,4.0,43.22,0.75,0.11
1942,86.83,0.0,100.0,132.54,16.0,9.08,0.75,0.08
1943,39.08,0.0,100.0,609.62,1.42,41.44,0.5,0.07
1944,86.65,0.0,100.0,134.39,2.36,36.95,0.71,0.08
1945,33.97,0.0,100.0,660.64,2.6,41.55,0.67,0.07
1946,75.29,0.0,100.0,247.82,4.0,46.24,0.75,0.12
1947,85.74,0.0,100.0,143.49,2.12,40.66,0.7,0.14
1948,68.86,0.0,100.0,312.1,4.0,42.34,0.75,0.16
1949,46.9,0.0,100.0,531.46,2.84,34.2,0.7,0.15
1950,70.85,0.0,100.0,292.2,2.3,43.63,0.71,0.14
1951,72.59,0.0,100.0,274.85,8.0,19.89,0.75,0.13
1952,71.88,0.0,100.0,281.88,1.62,38.12,0.41,0.15
1953,50.79,0.0,100.0,492.61,2.24,34.99,0.72,0.18
1954,29.83,0.0,100.0,701.95,4.0,37.23,0.75,0.15
1955,68.86,0.0,100.0,312.13,1.7,38.62,0.46,0.14
1956,60.64,0.0,100.0,394.16,4.0,38.96,0.75,0.16
1957,62.61,0.0,100.0,374.49,2.42,35.94,0.73,0.12
1958,51.08,0.0,100.0,489.71,2.42,38.42,0.7,0.18
1959,72.44,0.0,100.0,276.29,4.0,43.94,0.75,0.1
1960,67.65,0.0,100.0,324.21,2.2,42.1,0.67,0.2
1961,53.23,0.0,100.0,468.21,4.0,39.06,0.75,0.31
1962,35.3,0.0,100.0,647.33,4.0,39.91,0.75,0.19
1963,54.98,0.0,100.0,450.71,1.96,35.15,0.53,0.25
1964,42.17,0.0,100.0,578.74,4.0,37.66,0.75,0.09
1965,75.22,0.0,100.0,248.6,2.08,37.33,0.71,0.11
1966,62.13,0.0,100.0,379.32,2.08,36.73,0.72,0.25
1967,57.85,0.0,100.0,422.05,4.0,39.31,0.75,0.32
1968,35.4,0.0,100.0,646.37,2.36,36.63,0.7,0.35
1969,76.84,0.0,100.0,232.35,2.06,40.55,0.74,0.2
1970,54.51,0.0,100.0,455.41,2.3,35.77,0.71,0.14
1971,46.74,0.0,100.0,533.02,8.0,21.86,0.75,0.21
1972,65.77,0.0,100.0,342.99,4.0,38.69,0.75,0.09
1973,45.9,0.0,100.0,541.5,2.08,38.98,0.72,0.1
1974,74.76,0.0,100.0,253.15,2.24,40.81,0.72,0.17
1975,44.34,0.0,100.0,557.02,5.2,26.71,0.49,0.12
1976,57.5,0.0,100.0,425.61,2.54,34.98,0.69,0.12
1977,84.07,0.0,100.0,160.14,4.0,35.67,0.75,0.13
1978,62.86,0.0,100.0,372.02,8.0,20.78,0.75,0.15
1979,48.28,0.05,95.0,544.88,1.24,42.23,0.57,0.26
1980,73.03,0.0,100.0,270.4,2.54,30.6,0.59,0.13
1981,43.8,0.0,100.0,562.46,2.82,29.57,0.49,0.25
1982,81.0,0.0,100.0,190.79,2.3,35.38,0.71,0.1
1983,66.72,0.0,100.0,333.47,2.12,39.26,0.7,0.11
1984,55.44,0.0,100.0,446.2,4.0,39.73,0.75,0.37
1985,66.75,0.0,100.0,333.18,2.12,36.47,0.73,0.28
1986,67.86,0.31,69.0,466.32,1.0,22.86,0.75,0.22
1987,60.07,0.0,100.0,399.91,4.0,37.31,0.75,0.26
1988,47.01,0.0,100.0,530.37,1.86,39.74,0.52,0.29
1989,44.06,0.0,100.0,559.82,1.9,40.1,0.55,0.26
1990,50.46,0.0,100.0,495.94,4.0,39.07,0.75,0.27
1991,51.88,0.0,100.0,481.72,4.0,39.78,0.75,0.29
1992,31.79,0.0,100.0,682.4,8.0,18.0,0.75,0.23
1993,47.1,0.0,100.0,529.43,2.36,35.3,0.7,0.24
1994,30.48,0.0,100.0,695.55,1.75,36.03,0.47,0.21
1995,56.53,0.0,100.0,435.27,4.0,38.33,0.75,0.27
1996,61.71,0.0,100.0,383.52,4.0,40.41,0.75,0.23
1997,54.21,0.0,100.0,458.44,4.0,38.71,0.75,0.27
1998,62.3,0.0,100.0,377.65,4.0,39.29,0.75,0.3
1999,32.19,0.0,100.0,678.44,2.6,37.59,0.67,0.19
2000,47.38,0.0,100.0,526.69,5.2,25.47,0.55,0.34
