1,-27.82,0.6,40.0,196.35,5.64,11.51,0.54,1.26

1,-29.57,0.61,39.0,194.95,5.93,10.73,0.56,1.26
1,-35.1,0.64,36.0,198.06,5.94,10.94,0.55,1.26
1,-9.09,0.5,50.0,182.69,5.78,10.65,0.55,1.26
2,-9.42,0.49,51.0,224.69,14.16,5.56,0.65,1.382,-16.52,0.53,47.0,224.6,14.2,5.43,0.65,1.38


3,-27.41,0.58,42.0,272.28,13.65,7.98,0.63,1.493,-21.91,0.55,45.0,265.49,13.85,7.62,0.64,1.49
4,-16.12,0.48,52.0,387.45,12.76,9.35,0.64,0.63
4,-29.03,0.56,44.0,387.65,12.52,9.83,0.63,0.63
4,-30.79,0.57,43.0,391.15,12.69,9.43,0.64,0.63
4,-25.73,0.54,46.0,386.07,12.52,9.78,0.63,0.63
5,-48.97,0.68,32.0,405.84,13.5,5.64,0.58,0.65
5,-42.06,0.63,37.0,434.53,13.2,5.62,0.58,0.65

6,-22.75,0.57,43.0,204.4,10.61,9.72,0.46,1.14
6,-11.89,0.51,49.0,202.6,10.55,10.67,0.51,1.14
6,-18.78,0.55,45.0,195.97,10.68,8.99,0.53,1.14
6,-16.32,0.54,46.0,181.75,11.22,8.27,0.57,1.14
6,-14.97,0.53,47.0,191.61,10.87,8.6,0.55,1.14

7,-19.17,0.55,45.0,204.54,11.89,8.31,0.61,1.37
7,-20.28,0.56,44.0,188.88,11.6,9.45,0.58,1.37
7,-18.38,0.55,45.0,187.07,11.68,8.62,0.55,1.37
7,-14.8,0.53,47.0,188.13,10.55,10.34,0.52,1.37
8,-19.4,0.56,44.0,168.94,1.4,14.05,0.42,0.95

8,-11.22,0.52,48.0,151.18,1.55,14.42,0.35,0.96
9,-40.14,0.61,39.0,465.78,13.01,7.8,0.65,0.95
9,-33.67,0.57,43.0,458.03,12.59,8.51,0.63,0.959,-35.5,0.58,42.0,464.8,13.29,7.2,0.65,0.95
10,-24.71,0.57,43.0,249.71,6.13,12.18,0.62,0.79
10,-31.74,0.61,39.0,250.57,6.13,11.53,0.62,0.79
11,-14.9,0.54,46.0,150.95,12.36,7.6,0.57,0.76


11,-12.95,0.53,47.0,148.73,12.73,7.17,0.58,0.77
11,-10.8,0.52,48.0,142.59,12.12,7.86,0.56,0.76
12,-19.12,0.55,45.0,203.39,2.0,16.01,0.63,0.79
2,-17.49,0.54,46.0,207.2,2.04,16.29,0.61,0.79

12,-24.02,0.58,42.0,191.65,2.01,15.97,0.62,0.79
13,-13.81,0.48,52.0,343.06,12.05,7.76,0.56,0.811313,-31.36,0.59,41.0,326.63,11.7,9.3,0.54,0.81
13,-27.01,0.56,44.0,341.69,12.05,7.6,0.56,0.81

14,32.01,0.3,70.0,115.0,5.72,23.79,0.2,0.86
.86
14,4.58,0.43,57.0,166.08,10.85,9.94,0.36,0.86
14,0.6,0.45,55.0,171.75,11.45,8.71,0.41,0.86
15,-15.95,0.52,48.0,249.61,4.63,14.8,0.54,1.061515,-6.67,0.47,53.0,239.79,4.66,17.05,0.53,1.06
16,-1.57,0.44,56.0,243.06,4.41,23.31,0.51,0.76
16,-2.38,0.43,57.0,287.99,4.9,21.29,0.5,0.7616,9.36,0.39,61.0,207.94,5.67,20.17,0.56,0.76

16,7.48,0.4,60.0,209.49,5.27,20.07,0.53,0.76

16,-11.26,0.48,52.0,294.17,5.16,21.13,0.49,0.76
17,0.36,0.43,57.0,239.98,7.54,15.03,0.56,0.82
17,-14.01,0.51,49.0,245.94,7.47,15.69,0.51,0.82
17,-18.44,0.54,46.0,227.7,7.12,14.51,0.54,0.82

18,-0.91,0.42,58.0,292.25,12.05,10.11,0.52,0.9618,7.57,0.37,63.0,293.19,11.29,11.7,0.45,0.96

18,16.35,0.33,67.0,264.17,11.43,11.03,0.46,0.96
19,-25.7,0.55,45.0,349.64,15.73,5.27,0.56,0.88
9,-20.67,0.52,48.0,348.03,16.0,5.01,0.56,0.89
20,-0.76,0.44,56.0,228.65,7.2,25.6,0.37,0.84
20,7.31,0.41,59.0,182.04,7.71,26.03,0.28,0.84

21,14.12,0.33,67.0,297.35,14.93,8.48,0.45,0.9
21,22.44,0.26,74.0,346.11,14.05,11.33,0.37,0.8921,19.57,0.3,70.0,292.59,14.86,9.43,0.4,0.9
21,37.71,0.19,81.0,300.59,14.52,9.94,0.46,0.9
22,8.09,0.35,65.0,337.79,10.55,20.33,0.25,0.68
22,45.11,0.16,84.0,273.25,10.98,19.38,0.24,0.68
22,35.94,0.22,78.0,257.89,9.95,20.7,0.33,0.68

23,30.36,0.21,79.0,350.51,14.58,11.52,0.44,0.7423,9.85,0.33,67.0,361.02,13.7,11.27,0.19,0.74

23,19.8,0.28,72.0,336.78,7.83,26.16,0.43,0.74

24,64.52,0.03,97.0,304.59,3.98,36.24,0.43,0.79
24,62.01,0.05,95.0,295.36,4.0,35.54,0.52,0.79

24,63.96,0.03,97.0,310.39,4.0,32.77,0.57,0.79224,62.42,0.05,95.0,291.07,4.0,36.17,0.5,0.79
25,43.61,0.15,85.0,311.16,10.17,18.24,0.39,0.8
25,48.04,0.14,86.0,279.3,11.28,15.41,0.5,0.8
25,47.18,0.13,87.0,308.99,9.9,19.36,0.32,0.79

26,41.63,0.23,77.0,161.5,8.79,23.13,0.14,0.72
26,39.65,0.25,75.0,138.83,7.79,24.21,0.13,0.72

27,62.27,0.08,92.0,258.69,1.85,37.33,0.67,0.67
27,21.55,0.29,71.0,288.79,1.18,34.12,0.41,0.67
27,38.17,0.23,77.0,232.28,1.53,37.58,0.4,0.67
27,41.38,0.21,79.0,236.46,1.5,38.5,0.5,0.67
7
27,64.27,0.07,93.0,255.87,1.87,39.72,0.44,0.67
28,67.9,0.05,95.0,233.38,7.4,20.95,0.48,0.69
28,66.89,0.06,94.0,225.38,7.61,21.24,0.46,0.69228,37.65,0.2,80.0,280.13,7.28,20.65,0.34,0.69
28,64.11,0.07,93.0,236.15,7.47,20.74,0.47,0.69
29,73.39,0.0,100.0,266.79,4.12,42.3,0.66,0.85
229,73.69,0.0,100.0,263.83,4.12,42.26,0.67,0.85
30,41.28,0.12,88.0,395.18,5.15,26.13,0.56,0.77
30,33.19,0.17,83.0,395.86,5.06,25.88,0.53,0.77
30,42.88,0.11,89.0,395.25,5.52,25.24,0.56,0.77
30,40.85,0.12,88.0,400.06,5.02,25.53,0.53,0.77
30,36.15,0.15,85.0,398.86,5.42,25.04,0.55,0.77
31,61.13,0.03,97.0,339.49,4.46,37.21,0.55,0.72
31,65.27,0.0,100.0,348.0,5.46,34.06,0.42,0.72
31,61.86,0.02,98.0,349.05,5.33,33.13,0.43,0.72
32,59.39,0.05,95.0,322.93,8.88,21.47,0.51,0.83
32,21.09,0.24,76.0,407.3,4.17,29.77,0.49,0.83

33,57.1,0.02,98.0,397.59,2.59,39.38,0.57,0.9

33,58.02,0.02,98.0,388.16,3.16,38.79,0.4,0.9
34,68.46,0.02,98.0,281.76,7.86,21.71,0.5,0.48
34,66.75,0.03,97.0,281.61,7.78,21.6,0.52,0.48

35,47.47,0.15,85.0,265.81,3.82,32.75,0.43,0.72
5,41.99,0.21,79.0,203.51,2.75,33.76,0.44,0.73
35,40.98,0.21,79.0,216.2,3.73,32.53,0.45,0.72

36,61.46,0.07,93.0,264.59,3.9,34.61,0.41,0.87
36,59.73,0.09,91.0,245.44,3.74,34.86,0.42,0.87
37,57.81,0.03,97.0,373.7,3.88,42.27,0.64,0.9
37,54.72,0.05,95.0,372.01,3.84,41.65,0.65,0.9
37,50.59,0.11,89.0,308.67,3.36,40.55,0.41,0.9
38,69.61,0.01,99.0,287.46,11.58,15.16,0.4,0.87
38,75.17,0.03,97.0,194.95,6.89,24.85,0.47,0.88
39,66.96,0.02,98.0,297.08,3.84,34.59,0.48,0.45
39,66.27,0.03,97.0,286.56,2.06,39.4,0.63,0.45
40,71.35,0.0,100.0,287.26,5.04,36.84,0.6,0.54

40,71.36,0.0,100.0,287.08,5.32,36.5,0.59,0.54

41,58.32,0.06,94.0,316.42,9.84,18.32,0.45,0.6141,44.41,0.18,82.0,239.65,4.85,29.06,0.32,0.61
42,18.16,0.31,69.0,288.23,1.0,33.55,0.53,0.7542,16.17,0.32,68.0,292.35,1.01,33.43,0.51,0.75
42,15.36,0.32,68.0,304.18,1.0,33.54,0.53,0.75
43,27.52,0.25,75.0,380.35,1.2,37.52,0.38,0.88

43,26.28,0.26,74.0,375.19,1.11,37.15,0.43,0.88
43,24.5,0.27,73.0,377.29,1.12,36.34,0.39,0.88

44,58.54,0.03,97.0,366.22,2.02,41.32,0.67,0.59
44,60.86,0.03,97.0,342.3,2.49,40.4,0.39,0.59


44,58.42,0.03,97.0,367.43,2.19,40.68,0.44,0.59
44,59.17,0.03,97.0,359.68,2.04,41.38,0.68,0.59
44,58.47,0.03,97.0,366.94,2.21,40.77,0.5,0.61
45,67.54,0.0,100.0,325.28,3.97,37.98,0.71,1.2845,65.02,0.01,99.0,333.8,3.61,38.15,0.65,1.28

46,6.12,0.29,71.0,505.9,1.39,27.46,0.53,0.99446,5.97,0.29,71.0,508.01,1.49,27.73,0.5,0.99
,4.79,0.3,70.0,503.5,1.5,27.38,0.57,0.99
47,33.86,0.22,78.0,284.54,3.42,32.48,0.3,1.03

47,65.64,0.03,97.0,293.13,3.86,39.75,0.42,1.03
48,71.36,0.03,97.0,234.15,2.62,37.61,0.45,1.048,67.67,0.03,97.0,272.2,2.29,38.31,0.54,1.0

49,54.97,0.09,91.0,297.72,3.53,35.83,0.55,0.75
49,61.76,0.05,95.0,297.92,2.86,39.47,0.59,0.75
49,58.67,0.07,93.0,294.61,3.22,38.96,0.6,0.75
50,27.13,0.26,74.0,282.74,2.23,30.0,0.44,0.68

50,28.59,0.25,75.0,286.15,2.59,29.64,0.37,0.68
51,28.16,0.28,72.0,220.73,5.04,26.51,0.23,0.7
51,62.34,0.05,95.0,291.88,4.74,33.33,0.56,0.7
51,41.25,0.2,80.0,235.16,5.84,27.06,0.22,0.7

52,64.45,0.0,100.0,356.15,4.72,37.18,0.49,0.66
52,66.67,0.0,100.0,333.99,4.72,37.35,0.51,0.66
52,64.49,0.0,100.0,355.77,5.08,36.31,0.49,0.66
53,50.13,0.12,88.0,294.65,10.89,19.08,0.55,0.77
53,25.29,0.26,74.0,307.54,5.86,26.61,0.52,0.77
53,29.6,0.23,77.0,317.62,5.29,27.4,0.51,0.77

54,49.76,0.13,87.0,279.36,4.31,37.26,0.43,0.73
54,44.59,0.16,84.0,279.44,6.49,31.65,0.37,0.73
4,39.43,0.19,81.0,279.37,3.94,38.93,0.43,0.73
54,42.37,0.18,82.0,264.46,5.14,34.16,0.3,0.73
55,71.55,0.01,99.0,267.9,7.87,20.55,0.69,0.75

55,72.9,0.0,100.0,271.69,7.87,20.54,0.65,0.75

55,71.37,0.01,99.0,269.77,8.25,19.55,0.66,0.75
56,54.18,0.13,87.0,228.59,6.42,26.27,0.1,0.87

56,42.48,0.19,81.0,241.7,5.56,29.44,0.16,0.87

56,25.69,0.29,71.0,230.43,3.11,26.63,0.46,0.87
57,74.3,0.0,100.0,257.79,8.32,20.86,0.62,0.66

57,75.25,0.0,100.0,248.29,8.82,20.73,0.5,0.65

57,67.97,0.02,98.0,286.7,10.08,18.48,0.37,0.65

58,68.77,0.01,99.0,295.99,3.33,43.81,0.35,0.63
58,65.59,0.03,97.0,293.6,3.15,43.11,0.41,0.63

58,66.69,0.0,100.0,333.74,3.96,43.95,0.7,0.63
59,71.99,0.03,97.0,227.66,3.18,39.78,0.36,0.61
59,72.14,0.03,97.0,226.15,2.85,37.71,0.41,0.61
59,72.62,0.02,98.0,239.33,2.06,36.77,0.72,0.61
60,50.27,0.14,86.0,253.45,13.93,11.05,0.56,1.60,23.67,0.28,72.0,283.13,4.79,24.65,0.4,0.99
0,30.51,0.24,76.0,283.47,5.95,22.71,0.47,0.99
61,66.48,0.02,98.0,301.96,7.73,19.61,0.68,0.84
61,74.73,0.02,98.0,217.87,3.08,39.52,0.61,0.84661,74.79,0.02,98.0,217.22,3.33,38.69,0.53,0.84
62,74.22,0.0,100.0,258.5,3.95,37.94,0.45,0.67

62,77.37,0.0,100.0,227.06,3.48,40.1,0.6,0.67

63,55.09,0.08,92.0,314.97,6.63,21.28,0.35,0.45
63,59.24,0.05,95.0,324.43,5.79,22.5,0.32,0.45
63,32.99,0.2,80.0,338.27,3.98,27.33,0.42,0.45
64,14.03,0.34,66.0,273.03,3.59,28.63,0.36,0.72
4,18.71,0.31,69.0,280.25,3.48,29.93,0.39,0.72
64,15.43,0.33,67.0,277.93,3.45,30.51,0.38,0.72
64,20.47,0.3,70.0,279.7,3.64,30.32,0.39,0.72
65,44.55,0.08,92.0,429.43,3.05,40.12,0.69,1.1665,53.06,0.04,96.0,406.22,2.13,42.21,0.74,1.16
66,70.97,0.0,100.0,291.04,4.68,41.08,0.59,0.54
66,71.53,0.0,100.0,285.39,4.0,45.13,0.67,0.54
67,17.81,0.38,62.0,229.63,1.03,38.07,0.45,0.726767,23.84,0.34,66.0,245.65,1.06,38.47,0.49,0.72
67,19.72,0.36,64.0,255.09,1.0,38.3,0.5,0.72
68,69.29,0.01,99.0,290.66,3.09,38.48,0.47,0.66
68,72.06,0.0,100.0,280.09,3.02,38.3,0.42,0.66

68,69.76,0.01,99.0,285.94,3.15,38.21,0.47,0.66
69,65.93,0.0,100.0,341.34,7.36,21.65,0.66,0.49
69,65.28,0.0,100.0,347.85,7.04,23.23,0.59,0.49
70,5.78,0.39,61.0,266.66,2.0,28.28,0.67,0.85
770,2.08,0.41,59.0,270.59,2.31,27.96,0.66,0.85770,2.52,0.41,59.0,263.03,1.76,28.29,0.73,0.85
71,36.15,0.22,78.0,255.25,6.75,26.98,0.4,1.0


71,40.78,0.19,81.0,262.76,11.97,11.94,0.51,1.0
72,67.0,0.1,90.0,145.26,3.46,39.98,0.4,0.67
7772,62.1,0.13,87.0,137.6,3.25,40.42,0.42,0.67


73,74.99,0.07,93.0,119.31,7.57,21.04,0.41,0.76
73,74.36,0.07,93.0,125.99,5.94,28.01,0.43,0.76
73,75.91,0.06,94.0,129.45,5.28,31.74,0.48,0.76
74,65.57,0.07,93.0,220.5,1.98,33.07,0.74,0.7

74,62.99,0.08,92.0,229.12,1.96,33.97,0.7,0.7
74,59.96,0.1,90.0,223.44,1.94,33.21,0.69,0.7

75,70.85,0.02,98.0,257.41,7.92,21.89,0.65,0.6
75,55.47,0.09,91.0,292.29,8.74,19.48,0.64,0.6
75,52.25,0.13,87.0,250.69,2.77,41.19,0.69,0.6
76,71.87,0.0,100.0,282.05,4.36,41.45,0.73,0.56
76,70.18,0.01,99.0,281.77,4.24,42.47,0.74,0.56
77,75.91,0.01,99.0,223.92,7.07,22.79,0.44,0.73
77,77.62,0.0,100.0,224.6,7.64,20.66,0.52,0.73
77,75.87,0.01,99.0,224.27,7.36,21.56,0.5,0.73

78,75.83,0.0,100.0,242.42,6.48,26.95,0.5,0.73

78,72.84,0.01,99.0,254.85,8.85,23.16,0.47,0.73
78,73.82,0.01,99.0,245.03,6.18,28.52,0.54,0.73
78,73.89,0.0,100.0,261.88,8.0,23.4,0.47,0.73
79,83.2,0.01,99.0,150.39,2.14,45.27,0.45,0.51

79,76.42,0.0,100.0,236.59,2.66,43.37,0.54,0.51
79,83.2,0.01,99.0,150.39,2.14,45.17,0.48,0.51
80,63.94,0.0,100.0,361.25,6.96,25.96,0.54,0.87
80,64.48,0.0,100.0,355.87,7.28,23.86,0.59,0.87
80,64.65,0.0,100.0,354.14,7.24,24.62,0.62,0.87
81,13.73,0.34,66.0,277.57,1.14,31.5,0.69,1.08

81,14.69,0.33,67.0,288.98,1.49,31.53,0.61,1.08
82,47.74,0.19,81.0,176.93,2.47,30.23,0.5,1.4

82,42.16,0.22,78.0,178.2,1.63,32.9,0.56,1.4


82,39.85,0.23,77.0,184.61,2.13,30.71,0.36,1.4
82,38.61,0.24,76.0,176.97,1.58,32.56,0.58,1.4
83,74.25,0.0,100.0,258.24,3.88,40.85,0.74,0.98
83,74.37,0.0,100.0,257.08,3.91,40.82,0.73,0.98
83,74.48,0.0,100.0,255.91,3.94,40.79,0.75,0.98
84,59.49,0.05,95.0,321.83,2.0,42.3,0.33,0.8
884,59.66,0.05,95.0,320.07,2.0,41.93,0.3,0.81

85,15.86,0.34,66.0,245.24,1.0,26.47,0.51,0.69

85,15.93,0.34,66.0,244.2,1.0,26.35,0.54,0.69
86,62.09,0.01,99.0,363.34,2.0,40.83,0.73,0.57
86,62.15,0.01,99.0,362.71,2.0,40.81,0.74,0.57
87,18.06,0.32,68.0,352.64,1.0,34.46,0.75,0.83
87,18.06,0.32,68.0,352.64,1.0,34.46,0.75,0.83
87,18.06,0.32,68.0,352.64,1.0,34.46,0.75,0.83
87,18.06,0.32,68.0,352.64,1.0,34.46,0.75,0.83
88,72.3,0.0,100.0,277.75,3.56,39.48,0.63,0.47
88,71.71,0.0,100.0,283.62,3.4,39.49,0.59,0.47
88,72.08,0.0,100.0,279.95,3.5,39.48,0.62,0.47

89,76.35,0.0,100.0,237.29,7.2,23.38,0.49,0.76

89,77.51,0.0,100.0,225.72,7.52,22.08,0.59,0.76
89,76.35,0.0,100.0,237.29,7.2,23.36,0.5,0.76

90,70.57,0.06,94.0,186.23,2.32,34.48,0.69,0.5
90,70.57,0.06,94.0,186.23,2.32,34.48,0.68,0.5
91,68.83,0.03,97.0,260.18,2.27,33.14,0.72,0.85
1,76.28,0.01,99.0,220.16,4.26,40.37,0.64,0.86
91,78.29,0.03,97.0,162.81,2.59,32.54,0.64,0.85
92,58.74,0.06,94.0,311.94,2.0,37.57,0.75,1.23
92,58.74,0.06,94.0,311.94,2.0,37.57,0.75,1.23
92,58.74,0.06,94.0,311.94,2.0,37.57,0.75,1.23
92,58.74,0.06,94.0,311.94,2.0,37.57,0.75,1.23
93,67.84,0.0,100.0,322.29,4.0,40.23,0.75,1.02
93,67.84,0.0,100.0,322.29,4.0,40.23,0.75,1.02
93,67.84,0.0,100.0,322.29,4.0,40.23,0.75,1.02
94,45.1,0.16,84.0,273.35,4.65,27.5,0.38,0.99


94,50.06,0.13,87.0,275.9,4.43,28.56,0.37,0.99

94,47.45,0.15,85.0,266.04,5.01,26.1,0.5,0.99

95,18.52,0.31,69.0,283.0,1.0,29.41,0.74,0.93
95,18.4,0.31,69.0,284.83,1.0,29.61,0.71,0.94

96,73.4,0.03,97.0,213.19,4.7,36.77,0.55,0.72

96,80.38,0.0,100.0,196.99,4.04,43.21,0.74,0.72
96,80.5,0.0,100.0,195.79,4.0,43.37,0.75,0.71
97,77.28,0.34,66.0,254.01,1.0,30.32,0.39,1.04
97,72.94,0.36,64.0,267.35,1.0,28.49,0.67,1.04
97,74.62,0.35,65.0,268.1,1.0,29.0,0.65,1.04

98,68.85,0.02,98.0,277.78,2.0,37.25,0.67,0.97
98,67.64,0.02,98.0,290.14,2.0,37.25,0.59,0.97
98,67.97,0.02,98.0,286.71,2.0,37.25,0.59,0.97
99,83.35,0.03,97.0,110.66,2.0,43.89,0.72,0.95
99,83.67,0.03,97.0,107.41,2.0,43.62,0.73,0.95

100,70.16,0.01,99.0,281.89,5.68,37.71,0.68,0.82
100,70.38,0.01,99.0,279.69,8.44,30.34,0.56,0.82
101,57.09,0.11,89.0,235.66,3.12,37.02,0.63,0.79
101,75.45,0.04,96.0,173.26,3.75,39.61,0.57,0.791101,73.88,0.06,94.0,151.1,3.3,37.76,0.6,0.79
9
102,22.43,0.28,72.0,300.23,2.46,39.01,0.66,0.75
102,20.81,0.29,71.0,299.17,2.9,37.03,0.65,0.75
102,20.74,0.29,71.0,300.08,2.48,39.16,0.69,0.75
102,24.29,0.27,73.0,298.14,3.26,37.07,0.64,0.75
103,62.49,0.07,93.0,253.53,13.81,11.69,0.63,0.71103,70.87,0.02,98.0,257.16,15.35,9.73,0.68,0.7
104,82.02,0.0,100.0,180.58,7.82,17.87,0.72,1.05
104,24.31,0.24,76.0,364.93,2.84,29.4,0.58,1.05
105,73.45,0.01,99.0,248.73,2.28,38.16,0.74,0.71
105,73.27,0.01,99.0,250.51,2.71,37.35,0.72,0.71
105,73.39,0.01,99.0,249.32,2.42,38.1,0.74,0.71
106,81.76,0.0,100.0,183.22,4.84,36.48,0.72,0.92
106,81.7,0.0,100.0,183.8,4.96,36.5,0.71,0.93
3
106,81.46,0.0,100.0,186.25,4.94,35.74,0.69,0.92
106,81.72,0.0,100.0,183.6,4.72,36.99,0.71,0.92
107,32.51,0.27,73.0,185.67,2.81,38.86,0.43,0.79
107,28.61,0.29,71.0,189.46,2.72,38.63,0.53,0.79107,14.58,0.38,62.0,152.83,1.87,35.43,0.64,0.79
108,75.69,0.05,95.0,256.66,2.0,41.09,0.55,0.76

108,70.78,0.05,95.0,308.26,2.0,39.95,0.65,0.76

108,70.19,0.05,95.0,314.43,2.0,40.32,0.6,0.76
109,52.33,0.1,90.0,308.19,3.76,27.97,0.34,0.93
109,28.9,0.22,78.0,348.06,2.91,26.51,0.56,0.93

109,55.29,0.09,91.0,294.26,4.35,25.76,0.42,0.93
110,76.1,0.01,99.0,222.01,3.62,35.21,0.68,0.64
110,75.94,0.01,99.0,223.59,3.48,35.25,0.66,0.64
110,73.94,0.02,98.0,225.88,3.43,34.98,0.6,0.64

111,3.66,0.38,62.0,328.77,1.0,31.75,0.75,0.7

111,29.21,0.25,75.0,277.97,8.4,21.65,0.48,0.7

112,59.09,0.05,95.0,326.02,2.17,35.69,0.74,0.72
112,59.09,0.05,95.0,326.02,2.17,35.69,0.74,0.72
113,23.2,0.29,71.0,265.48,2.08,31.49,0.47,1.31

113,19.05,0.31,69.0,275.42,2.22,30.19,0.46,1.32113,24.7,0.27,73.0,292.45,3.01,31.6,0.2,1.32
114,62.78,0.05,95.0,287.25,2.15,34.86,0.74,0.911114,64.48,0.04,96.0,287.43,2.88,33.24,0.71,0.91
114,62.77,0.05,95.0,287.36,2.59,34.52,0.74,0.91
114,62.78,0.05,95.0,287.29,2.29,34.05,0.73,0.91
115,34.89,0.2,80.0,314.51,2.54,32.79,0.55,1.09
115,35.04,0.2,80.0,312.75,2.69,32.96,0.57,1.09

116,10.92,0.36,64.0,267.62,1.0,32.57,0.71,1.09
116,10.4,0.36,64.0,275.78,1.0,32.67,0.67,1.09
116,10.57,0.36,64.0,273.06,1.0,32.64,0.69,1.08
116,9.87,0.36,64.0,283.94,1.0,32.77,0.66,1.08
117,64.69,0.02,98.0,320.21,5.06,28.83,0.5,0.89
117,65.83,0.01,99.0,325.62,4.12,32.49,0.59,0.89
117,64.34,0.02,98.0,323.73,4.45,30.22,0.54,0.89
117,64.51,0.02,98.0,321.97,4.76,28.73,0.52,0.89
118,62.59,0.0,100.0,374.74,4.8,33.16,0.65,1.28
118,62.66,0.0,100.0,374.01,4.32,34.95,0.72,1.28
118,62.59,0.0,100.0,374.69,4.72,33.73,0.68,1.28
119,64.54,0.0,100.0,355.28,2.9,40.83,0.47,1.44
1119,61.6,0.0,100.0,384.6,4.22,33.26,0.49,1.43

119,64.02,0.0,100.0,360.45,2.6,41.71,0.47,1.44
120,72.71,0.05,95.0,182.87,3.56,40.49,0.44,1.03
20,61.95,0.09,91.0,221.11,3.54,40.93,0.68,1.03
120,63.78,0.08,92.0,220.57,3.58,41.19,0.68,1.04
120,67.28,0.06,94.0,221.2,3.39,41.12,0.62,1.03
121,45.63,0.1,90.0,382.49,1.86,38.06,0.69,1.34

121,43.74,0.11,89.0,385.59,1.72,37.07,0.63,1.34
121,42.52,0.12,88.0,381.02,1.92,37.2,0.72,1.34

121,42.41,0.12,88.0,382.31,1.86,37.63,0.67,1.34
122,69.5,0.03,97.0,315.1,2.0,34.95,0.75,1.34
122,69.5,0.03,97.0,315.1,2.0,34.95,0.75,1.34

123,0.26,0.35,65.0,458.15,1.0,37.51,0.75,1.0

123,4.58,0.32,68.0,462.67,1.31,38.11,0.67,1.0
124,72.6,0.01,99.0,257.32,8.65,20.82,0.63,1.26

124,73.89,0.0,100.0,261.83,9.0,20.19,0.48,1.26
125,51.0,0.05,95.0,411.08,2.0,39.26,0.57,1.29
125,66.94,0.05,95.0,243.47,2.15,37.42,0.73,1.29
125,60.06,0.05,95.0,315.79,2.0,38.75,0.5,1.29
126,68.96,0.06,94.0,203.35,11.89,16.41,0.48,1.42
127,67.67,0.01,99.0,307.05,2.0,40.48,0.75,0.99

127,67.67,0.01,99.0,307.05,2.0,40.48,0.75,0.99

128,39.22,0.23,77.0,192.79,1.82,28.55,0.4,0.94

128,38.95,0.23,77.0,196.28,1.43,28.46,0.63,0.94
129,68.06,0.01,99.0,303.13,2.12,41.7,0.74,0.93
129,39.7,0.17,83.0,317.55,1.81,38.89,0.68,0.93
129,67.91,0.01,99.0,304.59,2.3,41.22,0.73,0.93

130,75.22,0.0,100.0,248.53,4.34,34.14,0.44,1.07
130,67.53,0.0,100.0,325.42,7.94,22.1,0.49,1.07

131,74.91,0.02,98.0,215.98,1.78,41.87,0.67,0.67131,66.08,0.07,93.0,215.02,1.75,40.84,0.64,0.67

132,73.86,0.01,99.0,244.55,7.87,21.51,0.73,0.51132,73.98,0.01,99.0,243.35,7.93,21.4,0.74,0.51
133,65.56,0.06,94.0,239.48,14.98,10.19,0.71,0.54
133,70.57,0.03,97.0,242.31,15.49,9.79,0.72,0.54
134,39.03,0.21,79.0,240.9,1.0,38.75,0.73,0.54

134,39.15,0.21,79.0,239.38,1.0,38.99,0.72,0.54
135,62.21,0.0,100.0,378.57,13.9,15.72,0.65,0.53
135,68.85,0.01,99.0,295.18,8.12,24.6,0.48,0.53
136,74.78,0.03,97.0,198.9,1.99,38.17,0.72,0.53

136,74.59,0.03,97.0,200.89,1.98,38.27,0.7,0.53

137,81.88,0.0,100.0,182.06,4.0,39.19,0.69,0.54
137,81.13,0.0,100.0,189.53,4.0,38.98,0.65,0.54137,78.67,0.0,100.0,214.06,4.0,38.31,0.56,0.54
138,58.01,0.1,90.0,245.09,14.93,12.52,0.58,0.54

138,69.43,0.0,100.0,306.41,4.0,37.09,0.61,0.54

139,62.42,0.09,91.0,215.98,1.99,42.03,0.61,1.17
139,71.18,0.01,99.0,271.67,2.01,45.56,0.73,1.17
39,77.2,0.01,99.0,210.93,2.02,46.22,0.74,1.17
140,68.17,0.0,100.0,318.98,8.0,23.79,0.6,0.75

140,68.79,0.0,100.0,312.79,8.24,23.62,0.64,0.75
140,68.13,0.0,100.0,319.39,8.4,23.12,0.56,0.75
140,69.39,0.0,100.0,306.82,8.16,23.81,0.69,0.75
141,76.05,0.01,99.0,222.51,5.62,26.74,0.6,0.72

141,64.87,0.07,93.0,227.93,5.76,28.08,0.62,0.72
141,72.38,0.03,97.0,223.7,5.7,28.01,0.63,0.72

142,72.96,0.08,92.0,120.93,4.77,34.0,0.54,0.8

142,77.54,0.06,94.0,112.12,4.64,34.68,0.59,0.8
142,68.32,0.1,90.0,130.68,4.38,35.8,0.56,0.8
143,12.93,0.32,68.0,339.85,1.1,35.1,0.74,0.69
143,12.93,0.32,68.0,339.85,1.1,35.1,0.74,0.69
143,12.93,0.32,68.0,339.85,1.1,35.1,0.74,0.69

144,59.33,0.09,91.0,249.92,2.54,36.5,0.69,0.92

44,72.35,0.03,97.0,224.01,2.14,37.22,0.74,0.92
144,54.92,0.1,90.0,279.39,3.16,34.22,0.64,0.92

145,78.97,0.02,98.0,215.34,2.0,43.38,0.75,0.82
145,78.97,0.02,98.0,215.34,2.0,43.38,0.75,0.82
145,78.97,0.02,98.0,215.34,2.0,43.38,0.75,0.82
145,78.97,0.02,98.0,215.34,2.0,43.38,0.75,0.82
146,56.31,0.03,97.0,389.13,2.06,35.8,0.74,0.8
146,67.77,0.03,97.0,271.19,2.06,35.66,0.75,0.8
146,56.28,0.03,97.0,389.47,2.08,35.82,0.73,0.8
147,68.31,0.01,99.0,300.65,15.43,11.27,0.73,0.78
147,68.94,0.01,99.0,294.28,15.43,11.59,0.73,0.78
148,59.9,0.02,98.0,369.05,15.89,8.84,0.75,0.5

148,63.23,0.07,93.0,245.6,15.48,9.76,0.71,0.5
148,54.56,0.11,89.0,264.16,15.35,9.51,0.68,0.5
149,28.72,0.3,70.0,161.97,1.21,32.3,0.73,0.9

149,30.43,0.29,71.0,163.75,1.42,32.0,0.73,0.9
149,28.59,0.3,70.0,163.8,1.43,32.02,0.72,0.9

150,16.74,0.33,67.0,258.36,1.81,29.52,0.62,0.92
150,28.9,0.26,74.0,258.86,2.34,31.77,0.54,0.92

150,20.27,0.31,69.0,257.74,2.22,28.78,0.62,0.92
151,25.99,0.3,70.0,200.96,1.0,35.59,0.75,0.82

51,25.99,0.3,70.0,200.96,1.0,35.59,0.75,0.82
151,25.99,0.3,70.0,200.96,1.0,35.59,0.75,0.82
151,25.99,0.3,70.0,200.96,1.0,35.59,0.75,0.82
152,79.92,0.02,98.0,164.88,4.0,43.7,0.74,0.84


152,84.06,0.0,100.0,160.26,4.0,43.47,0.74,0.84

153,72.22,0.0,100.0,278.48,9.04,25.85,0.53,0.77
153,72.44,0.0,100.0,276.29,4.0,38.83,0.73,0.7715153,72.22,0.0,100.0,278.48,9.04,27.41,0.54,0.77
,75.3,0.0,100.0,247.79,4.48,38.02,0.51,0.77
153,72.66,0.0,100.0,274.13,10.0,25.57,0.52,0.77
154,13.73,0.37,63.0,195.5,1.11,32.87,0.73,0.8
154,13.73,0.37,63.0,195.5,1.11,32.87,0.73,0.8

155,22.41,0.33,67.0,173.88,1.0,33.77,0.74,0.9
155,24.35,0.32,68.0,172.21,1.0,33.69,0.75,0.9

156,85.6,0.02,98.0,106.97,2.6,34.85,0.69,0.83


156,82.9,0.02,98.0,134.53,4.01,31.45,0.59,0.83
156,81.87,0.04,96.0,106.45,2.55,36.24,0.71,0.83
157,72.58,0.0,100.0,274.89,8.0,20.44,0.67,0.82157,72.55,0.0,100.0,275.23,8.0,20.37,0.66,0.82
157,72.52,0.0,100.0,275.57,8.0,20.3,0.65,0.83
158,79.47,0.0,100.0,206.14,8.0,19.81,0.75,0.8
1158,79.47,0.0,100.0,206.14,8.0,19.81,0.75,0.8

159,53.21,0.06,94.0,370.73,8.38,19.16,0.72,0.77
159,41.3,0.13,87.0,376.49,8.47,19.72,0.72,0.77
159,47.58,0.12,88.0,323.63,8.56,19.05,0.69,0.77
159,56.26,0.05,95.0,355.84,8.45,19.32,0.71,0.77
160,70.03,0.0,100.0,300.44,4.0,39.34,0.75,0.71
160,70.03,0.0,100.0,300.44,4.0,39.34,0.75,0.71
161,57.73,0.07,93.0,304.72,13.05,14.02,0.6,0.8

161,62.69,0.04,96.0,306.02,13.81,13.24,0.69,0.8
161,14.94,0.34,66.0,259.23,4.76,24.31,0.55,0.8

162,75.52,0.0,100.0,245.53,8.0,20.11,0.75,0.71
162,75.52,0.0,100.0,245.53,8.0,20.11,0.75,0.71
163,16.74,0.31,69.0,308.77,1.0,28.02,0.75,0.72
163,16.74,0.31,69.0,308.77,1.0,28.02,0.75,0.72
163,16.74,0.31,69.0,308.77,1.0,28.02,0.75,0.72
164,80.9,0.0,100.0,191.76,15.86,10.81,0.75,0.67
164,80.9,0.0,100.0,191.76,15.86,10.81,0.75,0.67
164,80.9,0.0,100.0,191.76,15.86,10.81,0.75,0.68
165,63.37,0.08,92.0,224.98,16.0,8.74,0.71,0.73
165,78.62,0.02,98.0,178.16,16.0,8.82,0.74,0.73
165,80.36,0.01,99.0,179.05,16.0,8.9,0.72,0.73
166,76.81,0.0,100.0,232.64,4.96,38.05,0.57,0.8
166,76.99,0.0,100.0,230.86,4.6,38.62,0.65,0.8

167,67.33,0.03,97.0,275.64,8.0,20.84,0.75,0.7167,62.1,0.06,94.0,276.23,8.0,20.67,0.75,0.7

168,20.47,0.3,70.0,279.67,1.16,29.54,0.71,0.7
1168,20.47,0.3,70.0,279.67,1.16,29.54,0.71,0.7
68,20.47,0.3,70.0,279.67,1.16,29.54,0.71,0.7
169,22.29,0.33,67.0,175.53,1.21,29.3,0.67,0.72
169,24.75,0.32,68.0,166.24,1.01,27.82,0.74,0.72
169,30.32,0.29,71.0,165.31,1.0,29.31,0.75,0.72

170,50.51,0.12,88.0,290.37,7.83,16.46,0.73,0.82
170,57.59,0.08,92.0,287.73,7.88,16.26,0.74,0.82
170,60.69,0.06,94.0,291.21,7.72,16.66,0.73,0.82
170,61.37,0.06,94.0,284.01,7.61,16.68,0.72,0.82
170,57.22,0.08,92.0,291.75,7.81,16.56,0.74,0.82
171,77.21,0.0,100.0,228.71,8.32,16.02,0.72,0.71
171,77.05,0.0,100.0,230.3,8.64,16.0,0.69,0.71
171,75.17,0.0,100.0,249.06,8.08,16.71,0.66,0.71
171,76.39,0.0,100.0,236.86,8.24,16.31,0.68,0.71
172,87.04,0.02,98.0,133.11,2.0,38.1,0.75,0.79
172,87.04,0.02,98.0,133.11,2.0,38.1,0.75,0.79

172,87.04,0.02,98.0,133.11,2.0,38.1,0.75,0.79
173,66.54,0.0,100.0,335.22,16.0,11.46,0.75,0.74

173,66.56,0.0,100.0,335.02,15.99,11.32,0.75,0.74
173,67.57,0.0,100.0,325.02,15.99,11.44,0.75,0.73
173,66.54,0.0,100.0,335.22,16.0,11.46,0.75,0.73
174,21.68,0.33,67.0,184.66,1.1,35.21,0.74,0.64
74,23.5,0.32,68.0,184.63,1.1,35.61,0.73,0.64

174,23.5,0.32,68.0,184.63,1.1,35.61,0.73,0.64

174,21.68,0.33,67.0,184.66,1.1,35.21,0.74,0.64
175,83.87,0.0,100.0,162.14,3.98,37.89,0.66,0.98175,77.54,0.0,100.0,225.4,4.0,38.03,0.75,0.98
175,77.54,0.0,100.0,225.4,4.0,38.03,0.75,0.98
176,75.14,0.01,99.0,231.72,16.0,8.75,0.75,0.44176,74.88,0.01,99.0,234.3,15.09,9.65,0.73,0.44
176,69.73,0.04,96.0,232.72,14.24,10.29,0.71,0.44
177,82.94,0.0,100.0,171.45,8.2,17.31,0.67,0.8

177,71.75,0.0,100.0,283.18,8.32,17.26,0.73,0.8
177,71.77,0.0,100.0,282.97,8.08,17.48,0.75,0.8
178,77.96,0.03,97.0,166.17,2.0,37.62,0.75,0.82

178,77.96,0.03,97.0,166.17,2.0,37.62,0.75,0.82
178,77.96,0.03,97.0,166.17,2.0,37.62,0.75,0.82

179,62.51,0.07,93.0,253.29,2.0,42.96,0.75,0.82
179,62.51,0.07,93.0,253.29,2.0,42.96,0.75,0.82
179,62.51,0.07,93.0,253.29,2.0,42.96,0.75,0.82
180,55.93,0.04,96.0,376.4,1.96,42.49,0.73,0.78

180,50.94,0.07,93.0,377.57,2.14,42.2,0.73,0.78

181,80.55,0.05,95.0,100.34,2.0,41.75,0.75,0.7

181,80.55,0.05,95.0,100.34,2.0,41.75,0.75,0.69
181,80.55,0.05,95.0,100.34,2.0,41.75,0.75,0.69
182,75.19,0.0,100.0,248.83,4.48,39.14,0.71,0.73
182,75.16,0.0,100.0,249.12,4.6,38.9,0.69,0.73
182,75.2,0.0,100.0,248.73,4.44,39.61,0.71,0.73
183,73.23,0.0,100.0,268.48,8.0,18.98,0.68,0.66

183,73.49,0.0,100.0,265.81,8.0,18.91,0.71,0.66
183,66.76,0.0,100.0,333.05,5.8,34.72,0.44,0.66
183,73.23,0.0,100.0,268.48,8.0,18.98,0.7,0.66
184,67.11,0.06,94.0,222.98,2.15,47.22,0.75,0.6
184,67.11,0.06,94.0,222.98,2.15,46.72,0.74,0.6
184,67.21,0.06,94.0,221.95,2.0,47.37,0.75,0.6

185,69.45,0.0,100.0,306.19,4.0,40.73,0.75,0.76
185,69.45,0.0,100.0,306.19,4.0,40.73,0.75,0.76
186,66.57,0.0,100.0,334.94,4.0,37.76,0.75,0.71
186,66.57,0.0,100.0,334.94,4.0,37.76,0.75,0.7
186,66.57,0.0,100.0,334.94,4.0,37.76,0.75,0.7
187,62.76,0.04,96.0,305.27,1.97,38.67,0.74,0.44
187,64.26,0.03,97.0,307.34,2.0,39.44,0.75,0.44
188,14.04,0.35,65.0,246.32,1.0,29.55,0.51,0.54
188,14.05,0.35,65.0,246.15,1.0,29.25,0.55,0.54
188,14.06,0.35,65.0,245.98,1.0,28.96,0.55,0.54
188,14.02,0.35,65.0,246.66,1.0,30.14,0.51,0.54
189,64.63,0.0,100.0,354.36,4.0,43.49,0.75,0.81
189,64.63,0.0,100.0,354.36,4.0,43.49,0.75,0.81
189,64.63,0.0,100.0,354.36,4.0,43.49,0.75,0.81
190,17.85,0.32,68.0,267.66,1.0,34.11,0.75,0.76
190,17.62,0.32,68.0,271.04,1.2,33.77,0.73,0.76
190,17.85,0.32,68.0,267.66,1.0,34.11,0.75,0.76
191,68.62,0.0,100.0,314.52,8.0,19.14,0.75,0.57
191,68.62,0.0,100.0,314.52,8.0,19.14,0.75,0.57
191,68.62,0.0,100.0,314.52,8.0,19.14,0.75,0.57
192,42.7,0.1,90.0,415.03,2.12,31.85,0.74,0.5
192,50.83,0.05,95.0,412.93,2.21,31.0,0.72,0.5

192,44.01,0.09,91.0,418.05,2.16,31.75,0.73,0.5
193,72.18,0.0,100.0,278.97,4.48,43.1,0.7,0.83

193,73.66,0.0,100.0,264.09,4.96,40.57,0.58,0.83
193,74.34,0.0,100.0,257.34,5.56,36.04,0.46,0.83
193,73.8,0.0,100.0,262.76,5.2,38.14,0.51,0.83
193,73.54,0.0,100.0,265.32,5.28,37.48,0.51,0.83
194,48.22,0.13,87.0,297.01,2.1,40.45,0.6,0.68

194,41.47,0.17,83.0,296.21,1.86,40.16,0.58,0.68
194,41.59,0.17,83.0,294.78,1.98,39.33,0.64,0.68
194,48.27,0.13,87.0,296.46,1.86,40.42,0.55,0.68
195,69.07,0.07,93.0,182.83,3.45,35.34,0.64,0.66
195,30.69,0.23,77.0,303.39,1.62,31.26,0.63,0.65
195,66.63,0.09,91.0,169.73,3.57,34.28,0.69,0.66
196,13.45,0.32,68.0,332.36,1.22,27.05,0.74,0.74
196,13.45,0.32,68.0,332.36,1.22,27.05,0.74,0.73
96,13.45,0.32,68.0,332.36,1.22,27.05,0.74,0.74196,59.24,0.08,92.0,269.86,3.77,38.33,0.67,0.74
197,87.7,0.01,99.0,104.95,15.6,10.01,0.69,0.74
197,82.78,0.0,100.0,173.02,15.83,9.67,0.73,0.74
198,70.15,0.01,99.0,282.04,4.0,37.57,0.75,0.69198,71.87,0.0,100.0,282.04,4.0,37.5,0.75,0.69
198,70.15,0.01,99.0,282.04,4.0,37.57,0.75,0.69
198,70.15,0.01,99.0,282.04,4.0,37.57,0.75,0.69
199,30.53,0.21,79.0,348.4,2.03,33.44,0.56,1.18
199,28.91,0.22,78.0,348.0,1.69,33.24,0.6,1.18

199,27.23,0.23,77.0,348.34,1.97,33.42,0.57,1.18
199,22.3,0.26,74.0,347.95,1.65,31.69,0.61,1.18
200,65.73,0.0,100.0,343.39,7.46,25.2,0.71,1.15

200,64.59,0.0,100.0,354.77,7.4,24.71,0.71,1.15

200,65.77,0.0,100.0,342.93,7.52,24.74,0.71,1.15
201,57.57,0.0,100.0,424.92,8.0,20.25,0.75,0.69
201,57.57,0.0,100.0,424.92,8.0,20.25,0.75,0.69
201,57.57,0.0,100.0,424.92,8.0,20.25,0.75,0.69
201,57.57,0.0,100.0,424.92,8.0,20.25,0.75,0.69
202,29.74,0.27,73.0,223.58,1.0,30.41,0.73,0.66
202,31.03,0.26,74.0,230.1,1.0,32.76,0.74,0.66
203,69.41,0.0,100.0,306.55,4.08,40.92,0.74,0.85
203,69.41,0.0,100.0,306.55,4.08,41.02,0.74,0.85
204,55.06,0.13,87.0,218.49,3.48,37.22,0.69,0.682204,60.74,0.1,90.0,214.81,3.57,38.21,0.72,0.68
205,74.51,0.0,100.0,255.62,6.87,26.29,0.54,0.65
205,73.9,0.0,100.0,261.7,5.48,34.32,0.54,0.65


205,72.09,0.01,99.0,262.48,5.21,36.06,0.56,0.65
205,73.93,0.0,100.0,261.43,5.28,35.82,0.58,0.65
206,79.64,0.01,99.0,186.3,2.0,39.79,0.75,0.69

206,79.64,0.01,99.0,186.3,2.0,39.79,0.75,0.69
207,65.6,0.0,100.0,344.64,7.96,20.87,0.75,0.73

207,65.6,0.0,100.0,344.64,7.96,20.87,0.75,0.73
207,65.6,0.0,100.0,344.64,7.96,20.87,0.75,0.73
207,65.6,0.0,100.0,344.64,7.96,20.87,0.75,0.73
208,66.86,0.04,96.0,262.6,6.55,24.14,0.61,0.77
208,64.24,0.02,98.0,324.75,2.0,42.47,0.75,0.77

208,64.24,0.02,98.0,324.75,2.0,42.47,0.75,0.77
208,62.56,0.03,97.0,324.75,2.0,42.42,0.75,0.77
209,79.02,0.03,97.0,155.28,5.48,32.14,0.62,0.74
209,77.6,0.04,96.0,150.9,4.06,33.92,0.64,0.74

209,79.19,0.03,97.0,153.49,4.91,33.43,0.63,0.74
210,55.22,0.19,81.0,109.34,1.63,38.68,0.41,0.83210,57.53,0.18,82.0,104.24,1.54,39.61,0.53,0.83
210,57.26,0.18,82.0,107.52,1.65,39.85,0.41,0.83
211,29.63,0.25,75.0,272.34,2.31,21.79,0.63,0.85
211,33.23,0.23,77.0,270.46,3.0,20.64,0.57,0.85211,31.35,0.24,76.0,272.43,2.2,21.78,0.62,0.85
212,86.52,0.01,99.0,116.81,3.61,42.56,0.67,0.8
212,83.24,0.02,98.0,131.02,3.33,41.42,0.6,0.8
212,87.29,0.0,100.0,127.96,3.37,42.1,0.62,0.81

213,64.08,0.0,100.0,359.89,9.52,17.69,0.58,0.86
213,63.79,0.0,100.0,362.78,9.36,17.7,0.59,0.86
213,63.7,0.0,100.0,363.66,9.28,17.8,0.62,0.86

213,64.62,0.0,100.0,354.41,9.76,17.25,0.6,0.86
213,64.42,0.0,100.0,356.43,9.68,17.62,0.6,0.86
213,63.9,0.0,100.0,361.65,9.36,17.76,0.62,0.86
214,10.79,0.38,62.0,213.82,1.0,26.82,0.72,0.76
214,10.84,0.38,62.0,212.97,1.0,26.79,0.72,0.76
214,10.79,0.38,62.0,213.82,1.0,26.82,0.68,0.76
215,47.3,0.07,93.0,416.73,2.2,41.62,0.62,0.76


215,26.82,0.14,86.0,525.88,3.44,43.8,0.68,0.77
215,50.47,0.05,95.0,416.65,2.14,42.14,0.6,0.76
216,35.82,0.13,87.0,439.45,3.59,37.45,0.65,0.73
216,59.72,0.02,98.0,370.88,3.94,36.85,0.75,0.73
216,58.08,0.03,97.0,370.91,3.94,36.59,0.75,0.73
216,47.04,0.06,94.0,436.34,3.23,37.52,0.62,0.73
217,53.98,0.02,98.0,429.36,2.0,36.91,0.55,0.69

217,45.31,0.02,98.0,517.77,2.29,37.26,0.55,0.69
217,53.92,0.02,98.0,429.97,2.14,36.72,0.52,0.69
218,74.21,0.01,99.0,241.06,2.32,39.72,0.7,0.73218,65.6,0.0,100.0,344.69,5.28,32.02,0.49,0.73
218,73.65,0.01,99.0,246.67,2.0,40.1,0.75,0.73
219,69.65,0.0,100.0,304.18,3.26,36.96,0.62,0.622219,68.15,0.01,99.0,302.21,3.64,35.11,0.6,0.62219,66.18,0.02,98.0,305.01,3.1,37.47,0.67,0.62
220,26.19,0.23,77.0,361.82,1.94,40.06,0.46,0.67
220,41.58,0.14,86.0,354.34,2.16,42.05,0.45,0.67220,67.04,0.04,96.0,260.76,2.0,46.27,0.75,0.67
221,52.5,0.02,98.0,444.45,6.06,24.09,0.59,0.69

221,48.93,0.02,98.0,480.84,3.08,33.92,0.51,0.69
221,54.95,0.02,98.0,419.44,3.98,31.15,0.34,0.69
222,56.68,0.02,98.0,401.86,3.1,46.46,0.52,0.82

222,49.85,0.04,96.0,439.64,2.29,47.14,0.68,0.8222222,56.7,0.02,98.0,401.65,3.16,46.35,0.53,0.822222,52.9,0.02,98.0,440.34,2.43,47.55,0.63,0.82
223,67.25,0.0,100.0,328.15,6.56,30.01,0.52,0.92
223,67.22,0.0,100.0,328.48,6.48,29.73,0.52,0.92
223,65.46,0.01,99.0,329.36,6.34,30.46,0.49,0.92
224,71.62,0.01,99.0,267.22,4.79,29.13,0.41,0.69
224,65.18,0.02,98.0,315.15,3.22,33.91,0.34,0.7
224,79.34,0.0,100.0,207.39,6.74,23.74,0.64,0.7

224,79.15,0.0,100.0,209.25,6.68,24.27,0.6,0.69
225,48.91,0.04,96.0,449.4,1.76,34.44,0.65,0.64

225,44.31,0.07,93.0,448.85,1.82,34.16,0.68,0.64
226,67.33,0.03,97.0,275.72,7.63,25.48,0.54,0.69226,61.96,0.06,94.0,277.8,6.32,26.7,0.58,0.69


226,56.85,0.09,91.0,277.08,6.77,26.42,0.59,0.69
227,16.22,0.37,63.0,156.16,1.4,35.0,0.68,0.67


227,16.07,0.37,63.0,158.52,1.4,34.92,0.68,0.67

227,79.69,0.0,100.0,203.93,15.28,12.82,0.72,0.67
228,72.07,0.0,100.0,280.02,4.0,43.47,0.75,0.74
228,72.07,0.0,100.0,280.02,4.0,43.47,0.75,0.74

229,66.82,0.0,100.0,332.51,3.1,36.91,0.57,0.832229,60.35,0.04,96.0,330.33,2.33,36.28,0.66,0.83
230,75.78,0.0,100.0,242.99,15.55,11.16,0.74,0.83
230,74.02,0.01,99.0,243.02,15.55,11.01,0.73,0.83
30,66.27,0.05,95.0,250.54,14.26,12.89,0.7,0.83
231,77.22,0.0,100.0,228.59,10.88,16.21,0.57,0.69
231,77.11,0.0,100.0,229.67,10.24,17.04,0.61,0.69
231,77.19,0.0,100.0,228.86,10.72,16.43,0.57,0.7
232,70.48,0.0,100.0,295.86,4.0,45.04,0.74,0.67
232,70.42,0.0,100.0,296.5,4.08,44.81,0.72,0.67
232,68.78,0.01,99.0,295.87,4.0,44.92,0.74,0.67
232,61.62,0.05,95.0,299.46,3.68,41.6,0.57,0.67
233,45.79,0.2,80.0,178.41,4.91,22.21,0.46,0.71
233,68.14,0.0,100.0,319.29,4.0,34.03,0.75,0.71
233,77.58,0.06,94.0,111.75,3.72,33.04,0.71,0.71
234,63.9,0.0,100.0,361.67,8.0,17.49,0.75,1.1
234,63.9,0.0,100.0,361.67,8.0,17.49,0.75,1.1
234,63.9,0.0,100.0,361.67,8.0,17.49,0.75,1.1
235,73.08,0.0,100.0,269.92,12.08,14.35,0.48,0.77
235,73.04,0.0,100.0,270.36,11.84,13.99,0.47,0.77
236,70.6,0.04,96.0,223.71,7.74,22.33,0.7,0.88

236,77.08,0.0,100.0,230.0,7.72,21.82,0.71,0.88

236,76.4,0.01,99.0,218.93,7.75,22.03,0.72,0.88
237,82.83,0.0,100.0,172.5,16.0,11.28,0.75,0.63
237,82.83,0.0,100.0,172.5,16.0,11.28,0.75,0.63
237,82.83,0.0,100.0,172.5,16.0,11.28,0.75,0.63
237,82.83,0.0,100.0,172.5,16.0,11.28,0.75,0.63
238,46.02,0.08,92.0,413.44,2.02,44.33,0.75,0.69
38,42.67,0.1,90.0,415.37,2.02,44.1,0.75,0.69
238,48.62,0.07,93.0,402.51,2.02,43.79,0.75,0.69
238,41.27,0.11,89.0,413.29,2.02,43.89,0.75,0.69
239,79.3,0.0,100.0,207.84,6.68,26.42,0.55,0.64

239,79.17,0.0,100.0,209.08,6.64,25.32,0.57,0.64239,77.4,0.0,100.0,226.76,5.52,29.96,0.56,0.64

239,74.92,0.0,100.0,251.56,4.0,36.06,0.75,0.64
239,80.02,0.0,100.0,200.6,7.16,23.29,0.63,0.64
240,82.73,0.01,99.0,155.1,12.61,13.15,0.55,0.64

240,86.49,0.01,99.0,117.18,15.52,9.86,0.71,0.64

241,68.91,0.04,96.0,241.26,14.69,12.26,0.67,1.124241,74.74,0.0,100.0,253.3,15.12,11.07,0.71,1.17
241,63.73,0.02,98.0,329.94,14.84,12.13,0.65,1.18
242,70.25,0.0,100.0,298.22,8.2,20.97,0.71,0.79

242,69.95,0.0,100.0,301.22,8.84,19.78,0.66,0.79242,69.94,0.0,100.0,301.29,8.24,21.1,0.67,0.78
242,70.25,0.0,100.0,298.19,8.5,20.23,0.71,0.78
243,13.24,0.39,61.0,144.49,4.54,23.09,0.37,0.67
243,42.1,0.23,77.0,155.34,6.27,21.27,0.47,0.67
243,41.94,0.22,78.0,181.14,4.5,26.53,0.37,0.67

243,33.07,0.28,72.0,152.66,4.49,24.82,0.36,0.67
244,66.95,0.02,98.0,297.15,11.91,20.48,0.5,0.69

244,62.19,0.05,95.0,293.49,11.73,18.61,0.55,0.69
244,53.4,0.1,90.0,296.29,12.97,16.09,0.6,0.69
9
244,56.5,0.08,92.0,299.64,10.97,20.82,0.51,0.69
245,65.2,0.0,100.0,348.62,8.08,17.04,0.74,0.74

245,65.2,0.0,100.0,348.62,8.08,17.09,0.75,0.74
245,65.11,0.0,100.0,349.52,8.24,16.81,0.73,0.74
245,65.16,0.0,100.0,349.07,8.16,17.05,0.74,0.74
246,60.12,0.11,89.0,201.74,2.75,33.64,0.48,0.68
246,68.07,0.08,92.0,173.97,2.97,34.35,0.53,0.68
247,59.06,0.03,97.0,360.81,2.0,40.41,0.51,0.68
247,59.06,0.03,97.0,360.81,2.0,40.38,0.5,0.68
247,59.06,0.03,97.0,360.81,2.0,40.4,0.5,0.68
247,59.06,0.03,97.0,360.81,2.0,40.36,0.53,0.68
248,19.39,0.33,67.0,218.79,1.0,38.52,0.75,0.71

48,63.76,0.07,93.0,239.85,4.48,36.39,0.67,0.71248,19.39,0.33,67.0,218.79,1.0,38.52,0.75,0.71
249,80.78,0.01,99.0,174.8,12.4,19.0,0.61,0.63
2249,82.66,0.0,100.0,174.18,12.66,19.99,0.55,0.62
250,82.8,0.0,100.0,172.8,7.94,18.73,0.75,0.63

250,82.92,0.0,100.0,171.64,8.0,18.54,0.75,0.63
250,82.1,0.0,100.0,179.79,7.58,19.31,0.73,0.63
